record_id,hospital_id,hospital_name,week_start_date,blood_type,component_type,quantity_issued,month,trend_index
1,1,Southern Philippines Medical Center (SPMC),01/01/2024,O+,PRBC,16,1,1
2,1,Southern Philippines Medical Center (SPMC),08/01/2024,O+,PRBC,16,1,2
3,1,Southern Philippines Medical Center (SPMC),15/01/2024,O+,PRBC,15,1,3
4,1,Southern Philippines Medical Center (SPMC),22/01/2024,O+,PRBC,15,1,4
5,1,Southern Philippines Medical Center (SPMC),29/01/2024,O+,PRBC,16,1,5
6,1,Southern Philippines Medical Center (SPMC),05/02/2024,O+,PRBC,12,2,6
7,1,Southern Philippines Medical Center (SPMC),12/02/2024,O+,PRBC,17,2,7
8,1,Southern Philippines Medical Center (SPMC),19/02/2024,O+,PRBC,17,2,8
9,1,Southern Philippines Medical Center (SPMC),26/02/2024,O+,PRBC,15,2,9
10,1,Southern Philippines Medical Center (SPMC),04/03/2024,O+,PRBC,14,3,10
11,1,Southern Philippines Medical Center (SPMC),11/03/2024,O+,PRBC,13,3,11
12,1,Southern Philippines Medical Center (SPMC),18/03/2024,O+,PRBC,15,3,12
13,1,Southern Philippines Medical Center (SPMC),25/03/2024,O+,PRBC,13,3,13
14,1,Southern Philippines Medical Center (SPMC),01/04/2024,O+,PRBC,9,4,14
15,1,Southern Philippines Medical Center (SPMC),08/04/2024,O+,PRBC,8,4,15
16,1,Southern Philippines Medical Center (SPMC),15/04/2024,O+,PRBC,12,4,16
17,1,Southern Philippines Medical Center (SPMC),22/04/2024,O+,PRBC,14,4,17
18,1,Southern Philippines Medical Center (SPMC),29/04/2024,O+,PRBC,15,4,18
19,1,Southern Philippines Medical Center (SPMC),06/05/2024,O+,PRBC,13,5,19
20,1,Southern Philippines Medical Center (SPMC),13/05/2024,O+,PRBC,14,5,20
21,1,Southern Philippines Medical Center (SPMC),20/05/2024,O+,PRBC,14,5,21
22,1,Southern Philippines Medical Center (SPMC),27/05/2024,O+,PRBC,12,5,22
23,1,Southern Philippines Medical Center (SPMC),03/06/2024,O+,PRBC,14,6,23
24,1,Southern Philippines Medical Center (SPMC),10/06/2024,O+,PRBC,16,6,24
25,1,Southern Philippines Medical Center (SPMC),17/06/2024,O+,PRBC,12,6,25
26,1,Southern Philippines Medical Center (SPMC),24/06/2024,O+,PRBC,12,6,26
27,1,Southern Philippines Medical Center (SPMC),01/07/2024,O+,PRBC,12,7,27
28,1,Southern Philippines Medical Center (SPMC),08/07/2024,O+,PRBC,10,7,28
29,1,Southern Philippines Medical Center (SPMC),15/07/2024,O+,PRBC,13,7,29
30,1,Southern Philippines Medical Center (SPMC),22/07/2024,O+,PRBC,16,7,30
31,1,Southern Philippines Medical Center (SPMC),29/07/2024,O+,PRBC,15,7,31
32,1,Southern Philippines Medical Center (SPMC),05/08/2024,O+,PRBC,14,8,32
33,1,Southern Philippines Medical Center (SPMC),12/08/2024,O+,PRBC,15,8,33
34,1,Southern Philippines Medical Center (SPMC),19/08/2024,O+,PRBC,13,8,34
35,1,Southern Philippines Medical Center (SPMC),26/08/2024,O+,PRBC,10,8,35
36,1,Southern Philippines Medical Center (SPMC),02/09/2024,O+,PRBC,16,9,36
37,1,Southern Philippines Medical Center (SPMC),09/09/2024,O+,PRBC,17,9,37
38,1,Southern Philippines Medical Center (SPMC),16/09/2024,O+,PRBC,13,9,38
39,1,Southern Philippines Medical Center (SPMC),23/09/2024,O+,PRBC,14,9,39
40,1,Southern Philippines Medical Center (SPMC),30/09/2024,O+,PRBC,14,9,40
41,1,Southern Philippines Medical Center (SPMC),07/10/2024,O+,PRBC,15,10,41
42,1,Southern Philippines Medical Center (SPMC),14/10/2024,O+,PRBC,18,10,42
43,1,Southern Philippines Medical Center (SPMC),21/10/2024,O+,PRBC,17,10,43
44,1,Southern Philippines Medical Center (SPMC),28/10/2024,O+,PRBC,14,10,44
45,1,Southern Philippines Medical Center (SPMC),04/11/2024,O+,PRBC,16,11,45
46,1,Southern Philippines Medical Center (SPMC),11/11/2024,O+,PRBC,17,11,46
47,1,Southern Philippines Medical Center (SPMC),18/11/2024,O+,PRBC,15,11,47
48,1,Southern Philippines Medical Center (SPMC),25/11/2024,O+,PRBC,14,11,48
49,1,Southern Philippines Medical Center (SPMC),02/12/2024,O+,PRBC,17,12,49
50,1,Southern Philippines Medical Center (SPMC),09/12/2024,O+,PRBC,15,12,50
51,1,Southern Philippines Medical Center (SPMC),16/12/2024,O+,PRBC,15,12,51
52,1,Southern Philippines Medical Center (SPMC),23/12/2024,O+,PRBC,14,12,52
53,1,Southern Philippines Medical Center (SPMC),30/12/2024,O+,PRBC,17,12,53
54,1,Southern Philippines Medical Center (SPMC),06/01/2025,O+,PRBC,15,1,54
55,1,Southern Philippines Medical Center (SPMC),13/01/2025,O+,PRBC,14,1,55
56,1,Southern Philippines Medical Center (SPMC),20/01/2025,O+,PRBC,15,1,56
57,1,Southern Philippines Medical Center (SPMC),27/01/2025,O+,PRBC,16,1,57
58,1,Southern Philippines Medical Center (SPMC),03/02/2025,O+,PRBC,19,2,58
59,1,Southern Philippines Medical Center (SPMC),10/02/2025,O+,PRBC,17,2,59
60,1,Southern Philippines Medical Center (SPMC),17/02/2025,O+,PRBC,10,2,60
61,1,Southern Philippines Medical Center (SPMC),24/02/2025,O+,PRBC,15,2,61
62,1,Southern Philippines Medical Center (SPMC),03/03/2025,O+,PRBC,18,3,62
63,1,Southern Philippines Medical Center (SPMC),10/03/2025,O+,PRBC,12,3,63
64,1,Southern Philippines Medical Center (SPMC),17/03/2025,O+,PRBC,16,3,64
65,1,Southern Philippines Medical Center (SPMC),24/03/2025,O+,PRBC,14,3,65
66,1,Southern Philippines Medical Center (SPMC),31/03/2025,O+,PRBC,17,3,66
67,1,Southern Philippines Medical Center (SPMC),07/04/2025,O+,PRBC,16,4,67
68,1,Southern Philippines Medical Center (SPMC),14/04/2025,O+,PRBC,13,4,68
69,1,Southern Philippines Medical Center (SPMC),21/04/2025,O+,PRBC,14,4,69
70,1,Southern Philippines Medical Center (SPMC),28/04/2025,O+,PRBC,14,4,70
71,1,Southern Philippines Medical Center (SPMC),05/05/2025,O+,PRBC,15,5,71
72,1,Southern Philippines Medical Center (SPMC),12/05/2025,O+,PRBC,17,5,72
73,1,Southern Philippines Medical Center (SPMC),19/05/2025,O+,PRBC,13,5,73
74,1,Southern Philippines Medical Center (SPMC),26/05/2025,O+,PRBC,17,5,74
75,1,Southern Philippines Medical Center (SPMC),02/06/2025,O+,PRBC,14,6,75
76,1,Southern Philippines Medical Center (SPMC),09/06/2025,O+,PRBC,15,6,76
77,1,Southern Philippines Medical Center (SPMC),16/06/2025,O+,PRBC,15,6,77
78,1,Southern Philippines Medical Center (SPMC),23/06/2025,O+,PRBC,15,6,78
79,1,Southern Philippines Medical Center (SPMC),30/06/2025,O+,PRBC,15,6,79
80,1,Southern Philippines Medical Center (SPMC),07/07/2025,O+,PRBC,18,7,80
81,1,Southern Philippines Medical Center (SPMC),14/07/2025,O+,PRBC,17,7,81
82,1,Southern Philippines Medical Center (SPMC),21/07/2025,O+,PRBC,14,7,82
83,1,Southern Philippines Medical Center (SPMC),28/07/2025,O+,PRBC,18,7,83
84,1,Southern Philippines Medical Center (SPMC),04/08/2025,O+,PRBC,16,8,84
85,1,Southern Philippines Medical Center (SPMC),11/08/2025,O+,PRBC,16,8,85
86,1,Southern Philippines Medical Center (SPMC),18/08/2025,O+,PRBC,13,8,86
87,1,Southern Philippines Medical Center (SPMC),25/08/2025,O+,PRBC,14,8,87
88,1,Southern Philippines Medical Center (SPMC),01/09/2025,O+,PRBC,14,9,88
89,1,Southern Philippines Medical Center (SPMC),08/09/2025,O+,PRBC,15,9,89
90,1,Southern Philippines Medical Center (SPMC),15/09/2025,O+,PRBC,16,9,90
91,1,Southern Philippines Medical Center (SPMC),22/09/2025,O+,PRBC,16,9,91
92,1,Southern Philippines Medical Center (SPMC),29/09/2025,O+,PRBC,18,9,92
93,1,Southern Philippines Medical Center (SPMC),06/10/2025,O+,PRBC,13,10,93
94,1,Southern Philippines Medical Center (SPMC),13/10/2025,O+,PRBC,15,10,94
95,1,Southern Philippines Medical Center (SPMC),20/10/2025,O+,PRBC,12,10,95
96,1,Southern Philippines Medical Center (SPMC),27/10/2025,O+,PRBC,13,10,96
97,1,Southern Philippines Medical Center (SPMC),03/11/2025,O+,PRBC,18,11,97
98,1,Southern Philippines Medical Center (SPMC),10/11/2025,O+,PRBC,14,11,98
99,1,Southern Philippines Medical Center (SPMC),17/11/2025,O+,PRBC,13,11,99
100,1,Southern Philippines Medical Center (SPMC),24/11/2025,O+,PRBC,11,11,100
101,1,Southern Philippines Medical Center (SPMC),01/12/2025,O+,PRBC,15,12,101
102,1,Southern Philippines Medical Center (SPMC),08/12/2025,O+,PRBC,17,12,102
103,1,Southern Philippines Medical Center (SPMC),15/12/2025,O+,PRBC,14,12,103
104,1,Southern Philippines Medical Center (SPMC),22/12/2025,O+,PRBC,17,12,104
105,1,Southern Philippines Medical Center (SPMC),01/01/2024,O+,Platelet Concentrate,5,1,1
106,1,Southern Philippines Medical Center (SPMC),08/01/2024,O+,Platelet Concentrate,4,1,2
107,1,Southern Philippines Medical Center (SPMC),15/01/2024,O+,Platelet Concentrate,3,1,3
108,1,Southern Philippines Medical Center (SPMC),22/01/2024,O+,Platelet Concentrate,3,1,4
109,1,Southern Philippines Medical Center (SPMC),29/01/2024,O+,Platelet Concentrate,3,1,5
110,1,Southern Philippines Medical Center (SPMC),05/02/2024,O+,Platelet Concentrate,4,2,6
111,1,Southern Philippines Medical Center (SPMC),12/02/2024,O+,Platelet Concentrate,4,2,7
112,1,Southern Philippines Medical Center (SPMC),19/02/2024,O+,Platelet Concentrate,4,2,8
113,1,Southern Philippines Medical Center (SPMC),26/02/2024,O+,Platelet Concentrate,5,2,9
114,1,Southern Philippines Medical Center (SPMC),04/03/2024,O+,Platelet Concentrate,3,3,10
115,1,Southern Philippines Medical Center (SPMC),11/03/2024,O+,Platelet Concentrate,4,3,11
116,1,Southern Philippines Medical Center (SPMC),18/03/2024,O+,Platelet Concentrate,3,3,12
117,1,Southern Philippines Medical Center (SPMC),25/03/2024,O+,Platelet Concentrate,4,3,13
118,1,Southern Philippines Medical Center (SPMC),01/04/2024,O+,Platelet Concentrate,4,4,14
119,1,Southern Philippines Medical Center (SPMC),08/04/2024,O+,Platelet Concentrate,4,4,15
120,1,Southern Philippines Medical Center (SPMC),15/04/2024,O+,Platelet Concentrate,3,4,16
121,1,Southern Philippines Medical Center (SPMC),22/04/2024,O+,Platelet Concentrate,4,4,17
122,1,Southern Philippines Medical Center (SPMC),29/04/2024,O+,Platelet Concentrate,4,4,18
123,1,Southern Philippines Medical Center (SPMC),06/05/2024,O+,Platelet Concentrate,5,5,19
124,1,Southern Philippines Medical Center (SPMC),13/05/2024,O+,Platelet Concentrate,3,5,20
125,1,Southern Philippines Medical Center (SPMC),20/05/2024,O+,Platelet Concentrate,4,5,21
126,1,Southern Philippines Medical Center (SPMC),27/05/2024,O+,Platelet Concentrate,4,5,22
127,1,Southern Philippines Medical Center (SPMC),03/06/2024,O+,Platelet Concentrate,3,6,23
128,1,Southern Philippines Medical Center (SPMC),10/06/2024,O+,Platelet Concentrate,5,6,24
129,1,Southern Philippines Medical Center (SPMC),17/06/2024,O+,Platelet Concentrate,4,6,25
130,1,Southern Philippines Medical Center (SPMC),24/06/2024,O+,Platelet Concentrate,4,6,26
131,1,Southern Philippines Medical Center (SPMC),01/07/2024,O+,Platelet Concentrate,4,7,27
132,1,Southern Philippines Medical Center (SPMC),08/07/2024,O+,Platelet Concentrate,4,7,28
133,1,Southern Philippines Medical Center (SPMC),15/07/2024,O+,Platelet Concentrate,4,7,29
134,1,Southern Philippines Medical Center (SPMC),22/07/2024,O+,Platelet Concentrate,3,7,30
135,1,Southern Philippines Medical Center (SPMC),29/07/2024,O+,Platelet Concentrate,4,7,31
136,1,Southern Philippines Medical Center (SPMC),05/08/2024,O+,Platelet Concentrate,4,8,32
137,1,Southern Philippines Medical Center (SPMC),12/08/2024,O+,Platelet Concentrate,4,8,33
138,1,Southern Philippines Medical Center (SPMC),19/08/2024,O+,Platelet Concentrate,4,8,34
139,1,Southern Philippines Medical Center (SPMC),26/08/2024,O+,Platelet Concentrate,3,8,35
140,1,Southern Philippines Medical Center (SPMC),02/09/2024,O+,Platelet Concentrate,3,9,36
141,1,Southern Philippines Medical Center (SPMC),09/09/2024,O+,Platelet Concentrate,4,9,37
142,1,Southern Philippines Medical Center (SPMC),16/09/2024,O+,Platelet Concentrate,4,9,38
143,1,Southern Philippines Medical Center (SPMC),23/09/2024,O+,Platelet Concentrate,3,9,39
144,1,Southern Philippines Medical Center (SPMC),30/09/2024,O+,Platelet Concentrate,3,9,40
145,1,Southern Philippines Medical Center (SPMC),07/10/2024,O+,Platelet Concentrate,4,10,41
146,1,Southern Philippines Medical Center (SPMC),14/10/2024,O+,Platelet Concentrate,4,10,42
147,1,Southern Philippines Medical Center (SPMC),21/10/2024,O+,Platelet Concentrate,3,10,43
148,1,Southern Philippines Medical Center (SPMC),28/10/2024,O+,Platelet Concentrate,4,10,44
149,1,Southern Philippines Medical Center (SPMC),04/11/2024,O+,Platelet Concentrate,4,11,45
150,1,Southern Philippines Medical Center (SPMC),11/11/2024,O+,Platelet Concentrate,5,11,46
151,1,Southern Philippines Medical Center (SPMC),18/11/2024,O+,Platelet Concentrate,4,11,47
152,1,Southern Philippines Medical Center (SPMC),25/11/2024,O+,Platelet Concentrate,4,11,48
153,1,Southern Philippines Medical Center (SPMC),02/12/2024,O+,Platelet Concentrate,5,12,49
154,1,Southern Philippines Medical Center (SPMC),09/12/2024,O+,Platelet Concentrate,4,12,50
155,1,Southern Philippines Medical Center (SPMC),16/12/2024,O+,Platelet Concentrate,6,12,51
156,1,Southern Philippines Medical Center (SPMC),23/12/2024,O+,Platelet Concentrate,4,12,52
157,1,Southern Philippines Medical Center (SPMC),30/12/2024,O+,Platelet Concentrate,5,12,53
158,1,Southern Philippines Medical Center (SPMC),06/01/2025,O+,Platelet Concentrate,5,1,54
159,1,Southern Philippines Medical Center (SPMC),13/01/2025,O+,Platelet Concentrate,4,1,55
160,1,Southern Philippines Medical Center (SPMC),20/01/2025,O+,Platelet Concentrate,5,1,56
161,1,Southern Philippines Medical Center (SPMC),27/01/2025,O+,Platelet Concentrate,4,1,57
162,1,Southern Philippines Medical Center (SPMC),03/02/2025,O+,Platelet Concentrate,4,2,58
163,1,Southern Philippines Medical Center (SPMC),10/02/2025,O+,Platelet Concentrate,4,2,59
164,1,Southern Philippines Medical Center (SPMC),17/02/2025,O+,Platelet Concentrate,3,2,60
165,1,Southern Philippines Medical Center (SPMC),24/02/2025,O+,Platelet Concentrate,4,2,61
166,1,Southern Philippines Medical Center (SPMC),03/03/2025,O+,Platelet Concentrate,4,3,62
167,1,Southern Philippines Medical Center (SPMC),10/03/2025,O+,Platelet Concentrate,4,3,63
168,1,Southern Philippines Medical Center (SPMC),17/03/2025,O+,Platelet Concentrate,4,3,64
169,1,Southern Philippines Medical Center (SPMC),24/03/2025,O+,Platelet Concentrate,4,3,65
170,1,Southern Philippines Medical Center (SPMC),31/03/2025,O+,Platelet Concentrate,4,3,66
171,1,Southern Philippines Medical Center (SPMC),07/04/2025,O+,Platelet Concentrate,4,4,67
172,1,Southern Philippines Medical Center (SPMC),14/04/2025,O+,Platelet Concentrate,5,4,68
173,1,Southern Philippines Medical Center (SPMC),21/04/2025,O+,Platelet Concentrate,4,4,69
174,1,Southern Philippines Medical Center (SPMC),28/04/2025,O+,Platelet Concentrate,4,4,70
175,1,Southern Philippines Medical Center (SPMC),05/05/2025,O+,Platelet Concentrate,4,5,71
176,1,Southern Philippines Medical Center (SPMC),12/05/2025,O+,Platelet Concentrate,4,5,72
177,1,Southern Philippines Medical Center (SPMC),19/05/2025,O+,Platelet Concentrate,5,5,73
178,1,Southern Philippines Medical Center (SPMC),26/05/2025,O+,Platelet Concentrate,4,5,74
179,1,Southern Philippines Medical Center (SPMC),02/06/2025,O+,Platelet Concentrate,3,6,75
180,1,Southern Philippines Medical Center (SPMC),09/06/2025,O+,Platelet Concentrate,3,6,76
181,1,Southern Philippines Medical Center (SPMC),16/06/2025,O+,Platelet Concentrate,4,6,77
182,1,Southern Philippines Medical Center (SPMC),23/06/2025,O+,Platelet Concentrate,3,6,78
183,1,Southern Philippines Medical Center (SPMC),30/06/2025,O+,Platelet Concentrate,4,6,79
184,1,Southern Philippines Medical Center (SPMC),07/07/2025,O+,Platelet Concentrate,3,7,80
185,1,Southern Philippines Medical Center (SPMC),14/07/2025,O+,Platelet Concentrate,4,7,81
186,1,Southern Philippines Medical Center (SPMC),21/07/2025,O+,Platelet Concentrate,5,7,82
187,1,Southern Philippines Medical Center (SPMC),28/07/2025,O+,Platelet Concentrate,4,7,83
188,1,Southern Philippines Medical Center (SPMC),04/08/2025,O+,Platelet Concentrate,4,8,84
189,1,Southern Philippines Medical Center (SPMC),11/08/2025,O+,Platelet Concentrate,4,8,85
190,1,Southern Philippines Medical Center (SPMC),18/08/2025,O+,Platelet Concentrate,4,8,86
191,1,Southern Philippines Medical Center (SPMC),25/08/2025,O+,Platelet Concentrate,5,8,87
192,1,Southern Philippines Medical Center (SPMC),01/09/2025,O+,Platelet Concentrate,4,9,88
193,1,Southern Philippines Medical Center (SPMC),08/09/2025,O+,Platelet Concentrate,4,9,89
194,1,Southern Philippines Medical Center (SPMC),15/09/2025,O+,Platelet Concentrate,4,9,90
195,1,Southern Philippines Medical Center (SPMC),22/09/2025,O+,Platelet Concentrate,5,9,91
196,1,Southern Philippines Medical Center (SPMC),29/09/2025,O+,Platelet Concentrate,5,9,92
197,1,Southern Philippines Medical Center (SPMC),06/10/2025,O+,Platelet Concentrate,5,10,93
198,1,Southern Philippines Medical Center (SPMC),13/10/2025,O+,Platelet Concentrate,4,10,94
199,1,Southern Philippines Medical Center (SPMC),20/10/2025,O+,Platelet Concentrate,3,10,95
200,1,Southern Philippines Medical Center (SPMC),27/10/2025,O+,Platelet Concentrate,4,10,96
201,1,Southern Philippines Medical Center (SPMC),03/11/2025,O+,Platelet Concentrate,3,11,97
202,1,Southern Philippines Medical Center (SPMC),10/11/2025,O+,Platelet Concentrate,4,11,98
203,1,Southern Philippines Medical Center (SPMC),17/11/2025,O+,Platelet Concentrate,5,11,99
204,1,Southern Philippines Medical Center (SPMC),24/11/2025,O+,Platelet Concentrate,4,11,100
205,1,Southern Philippines Medical Center (SPMC),01/12/2025,O+,Platelet Concentrate,4,12,101
206,1,Southern Philippines Medical Center (SPMC),08/12/2025,O+,Platelet Concentrate,5,12,102
207,1,Southern Philippines Medical Center (SPMC),15/12/2025,O+,Platelet Concentrate,4,12,103
208,1,Southern Philippines Medical Center (SPMC),22/12/2025,O+,Platelet Concentrate,4,12,104
209,1,Southern Philippines Medical Center (SPMC),01/01/2024,O+,FFP,6,1,1
210,1,Southern Philippines Medical Center (SPMC),08/01/2024,O+,FFP,5,1,2
211,1,Southern Philippines Medical Center (SPMC),15/01/2024,O+,FFP,5,1,3
212,1,Southern Philippines Medical Center (SPMC),22/01/2024,O+,FFP,4,1,4
213,1,Southern Philippines Medical Center (SPMC),29/01/2024,O+,FFP,6,1,5
214,1,Southern Philippines Medical Center (SPMC),05/02/2024,O+,FFP,5,2,6
215,1,Southern Philippines Medical Center (SPMC),12/02/2024,O+,FFP,6,2,7
216,1,Southern Philippines Medical Center (SPMC),19/02/2024,O+,FFP,6,2,8
217,1,Southern Philippines Medical Center (SPMC),26/02/2024,O+,FFP,4,2,9
218,1,Southern Philippines Medical Center (SPMC),04/03/2024,O+,FFP,5,3,10
219,1,Southern Philippines Medical Center (SPMC),11/03/2024,O+,FFP,6,3,11
220,1,Southern Philippines Medical Center (SPMC),18/03/2024,O+,FFP,5,3,12
221,1,Southern Philippines Medical Center (SPMC),25/03/2024,O+,FFP,5,3,13
222,1,Southern Philippines Medical Center (SPMC),01/04/2024,O+,FFP,5,4,14
223,1,Southern Philippines Medical Center (SPMC),08/04/2024,O+,FFP,5,4,15
224,1,Southern Philippines Medical Center (SPMC),15/04/2024,O+,FFP,5,4,16
225,1,Southern Philippines Medical Center (SPMC),22/04/2024,O+,FFP,5,4,17
226,1,Southern Philippines Medical Center (SPMC),29/04/2024,O+,FFP,6,4,18
227,1,Southern Philippines Medical Center (SPMC),06/05/2024,O+,FFP,5,5,19
228,1,Southern Philippines Medical Center (SPMC),13/05/2024,O+,FFP,4,5,20
229,1,Southern Philippines Medical Center (SPMC),20/05/2024,O+,FFP,5,5,21
230,1,Southern Philippines Medical Center (SPMC),27/05/2024,O+,FFP,5,5,22
231,1,Southern Philippines Medical Center (SPMC),03/06/2024,O+,FFP,5,6,23
232,1,Southern Philippines Medical Center (SPMC),10/06/2024,O+,FFP,6,6,24
233,1,Southern Philippines Medical Center (SPMC),17/06/2024,O+,FFP,6,6,25
234,1,Southern Philippines Medical Center (SPMC),24/06/2024,O+,FFP,6,6,26
235,1,Southern Philippines Medical Center (SPMC),01/07/2024,O+,FFP,5,7,27
236,1,Southern Philippines Medical Center (SPMC),08/07/2024,O+,FFP,5,7,28
237,1,Southern Philippines Medical Center (SPMC),15/07/2024,O+,FFP,6,7,29
238,1,Southern Philippines Medical Center (SPMC),22/07/2024,O+,FFP,5,7,30
239,1,Southern Philippines Medical Center (SPMC),29/07/2024,O+,FFP,5,7,31
240,1,Southern Philippines Medical Center (SPMC),05/08/2024,O+,FFP,4,8,32
241,1,Southern Philippines Medical Center (SPMC),12/08/2024,O+,FFP,6,8,33
242,1,Southern Philippines Medical Center (SPMC),19/08/2024,O+,FFP,5,8,34
243,1,Southern Philippines Medical Center (SPMC),26/08/2024,O+,FFP,6,8,35
244,1,Southern Philippines Medical Center (SPMC),02/09/2024,O+,FFP,5,9,36
245,1,Southern Philippines Medical Center (SPMC),09/09/2024,O+,FFP,5,9,37
246,1,Southern Philippines Medical Center (SPMC),16/09/2024,O+,FFP,4,9,38
247,1,Southern Philippines Medical Center (SPMC),23/09/2024,O+,FFP,4,9,39
248,1,Southern Philippines Medical Center (SPMC),30/09/2024,O+,FFP,3,9,40
249,1,Southern Philippines Medical Center (SPMC),07/10/2024,O+,FFP,5,10,41
250,1,Southern Philippines Medical Center (SPMC),14/10/2024,O+,FFP,7,10,42
251,1,Southern Philippines Medical Center (SPMC),21/10/2024,O+,FFP,4,10,43
252,1,Southern Philippines Medical Center (SPMC),28/10/2024,O+,FFP,3,10,44
253,1,Southern Philippines Medical Center (SPMC),04/11/2024,O+,FFP,6,11,45
254,1,Southern Philippines Medical Center (SPMC),11/11/2024,O+,FFP,7,11,46
255,1,Southern Philippines Medical Center (SPMC),18/11/2024,O+,FFP,5,11,47
256,1,Southern Philippines Medical Center (SPMC),25/11/2024,O+,FFP,5,11,48
257,1,Southern Philippines Medical Center (SPMC),02/12/2024,O+,FFP,6,12,49
258,1,Southern Philippines Medical Center (SPMC),09/12/2024,O+,FFP,5,12,50
259,1,Southern Philippines Medical Center (SPMC),16/12/2024,O+,FFP,5,12,51
260,1,Southern Philippines Medical Center (SPMC),23/12/2024,O+,FFP,6,12,52
261,1,Southern Philippines Medical Center (SPMC),30/12/2024,O+,FFP,6,12,53
262,1,Southern Philippines Medical Center (SPMC),06/01/2025,O+,FFP,5,1,54
263,1,Southern Philippines Medical Center (SPMC),13/01/2025,O+,FFP,6,1,55
264,1,Southern Philippines Medical Center (SPMC),20/01/2025,O+,FFP,5,1,56
265,1,Southern Philippines Medical Center (SPMC),27/01/2025,O+,FFP,6,1,57
266,1,Southern Philippines Medical Center (SPMC),03/02/2025,O+,FFP,5,2,58
267,1,Southern Philippines Medical Center (SPMC),10/02/2025,O+,FFP,6,2,59
268,1,Southern Philippines Medical Center (SPMC),17/02/2025,O+,FFP,5,2,60
269,1,Southern Philippines Medical Center (SPMC),24/02/2025,O+,FFP,5,2,61
270,1,Southern Philippines Medical Center (SPMC),03/03/2025,O+,FFP,5,3,62
271,1,Southern Philippines Medical Center (SPMC),10/03/2025,O+,FFP,5,3,63
272,1,Southern Philippines Medical Center (SPMC),17/03/2025,O+,FFP,5,3,64
273,1,Southern Philippines Medical Center (SPMC),24/03/2025,O+,FFP,6,3,65
274,1,Southern Philippines Medical Center (SPMC),31/03/2025,O+,FFP,5,3,66
275,1,Southern Philippines Medical Center (SPMC),07/04/2025,O+,FFP,5,4,67
276,1,Southern Philippines Medical Center (SPMC),14/04/2025,O+,FFP,5,4,68
277,1,Southern Philippines Medical Center (SPMC),21/04/2025,O+,FFP,6,4,69
278,1,Southern Philippines Medical Center (SPMC),28/04/2025,O+,FFP,6,4,70
279,1,Southern Philippines Medical Center (SPMC),05/05/2025,O+,FFP,4,5,71
280,1,Southern Philippines Medical Center (SPMC),12/05/2025,O+,FFP,6,5,72
281,1,Southern Philippines Medical Center (SPMC),19/05/2025,O+,FFP,4,5,73
282,1,Southern Philippines Medical Center (SPMC),26/05/2025,O+,FFP,6,5,74
283,1,Southern Philippines Medical Center (SPMC),02/06/2025,O+,FFP,6,6,75
284,1,Southern Philippines Medical Center (SPMC),09/06/2025,O+,FFP,6,6,76
285,1,Southern Philippines Medical Center (SPMC),16/06/2025,O+,FFP,5,6,77
286,1,Southern Philippines Medical Center (SPMC),23/06/2025,O+,FFP,6,6,78
287,1,Southern Philippines Medical Center (SPMC),30/06/2025,O+,FFP,6,6,79
288,1,Southern Philippines Medical Center (SPMC),07/07/2025,O+,FFP,6,7,80
289,1,Southern Philippines Medical Center (SPMC),14/07/2025,O+,FFP,5,7,81
290,1,Southern Philippines Medical Center (SPMC),21/07/2025,O+,FFP,6,7,82
291,1,Southern Philippines Medical Center (SPMC),28/07/2025,O+,FFP,6,7,83
292,1,Southern Philippines Medical Center (SPMC),04/08/2025,O+,FFP,7,8,84
293,1,Southern Philippines Medical Center (SPMC),11/08/2025,O+,FFP,5,8,85
294,1,Southern Philippines Medical Center (SPMC),18/08/2025,O+,FFP,6,8,86
295,1,Southern Philippines Medical Center (SPMC),25/08/2025,O+,FFP,6,8,87
296,1,Southern Philippines Medical Center (SPMC),01/09/2025,O+,FFP,5,9,88
297,1,Southern Philippines Medical Center (SPMC),08/09/2025,O+,FFP,7,9,89
298,1,Southern Philippines Medical Center (SPMC),15/09/2025,O+,FFP,5,9,90
299,1,Southern Philippines Medical Center (SPMC),22/09/2025,O+,FFP,6,9,91
300,1,Southern Philippines Medical Center (SPMC),29/09/2025,O+,FFP,6,9,92
301,1,Southern Philippines Medical Center (SPMC),06/10/2025,O+,FFP,6,10,93
302,1,Southern Philippines Medical Center (SPMC),13/10/2025,O+,FFP,7,10,94
303,1,Southern Philippines Medical Center (SPMC),20/10/2025,O+,FFP,5,10,95
304,1,Southern Philippines Medical Center (SPMC),27/10/2025,O+,FFP,5,10,96
305,1,Southern Philippines Medical Center (SPMC),03/11/2025,O+,FFP,7,11,97
306,1,Southern Philippines Medical Center (SPMC),10/11/2025,O+,FFP,6,11,98
307,1,Southern Philippines Medical Center (SPMC),17/11/2025,O+,FFP,6,11,99
308,1,Southern Philippines Medical Center (SPMC),24/11/2025,O+,FFP,6,11,100
309,1,Southern Philippines Medical Center (SPMC),01/12/2025,O+,FFP,6,12,101
310,1,Southern Philippines Medical Center (SPMC),08/12/2025,O+,FFP,8,12,102
311,1,Southern Philippines Medical Center (SPMC),15/12/2025,O+,FFP,6,12,103
312,1,Southern Philippines Medical Center (SPMC),22/12/2025,O+,FFP,6,12,104
313,1,Southern Philippines Medical Center (SPMC),01/01/2024,O+,Cryoprecipitate,2,1,1
314,1,Southern Philippines Medical Center (SPMC),08/01/2024,O+,Cryoprecipitate,2,1,2
315,1,Southern Philippines Medical Center (SPMC),15/01/2024,O+,Cryoprecipitate,1,1,3
316,1,Southern Philippines Medical Center (SPMC),22/01/2024,O+,Cryoprecipitate,2,1,4
317,1,Southern Philippines Medical Center (SPMC),29/01/2024,O+,Cryoprecipitate,2,1,5
318,1,Southern Philippines Medical Center (SPMC),05/02/2024,O+,Cryoprecipitate,1,2,6
319,1,Southern Philippines Medical Center (SPMC),12/02/2024,O+,Cryoprecipitate,1,2,7
320,1,Southern Philippines Medical Center (SPMC),19/02/2024,O+,Cryoprecipitate,1,2,8
321,1,Southern Philippines Medical Center (SPMC),26/02/2024,O+,Cryoprecipitate,1,2,9
322,1,Southern Philippines Medical Center (SPMC),04/03/2024,O+,Cryoprecipitate,2,3,10
323,1,Southern Philippines Medical Center (SPMC),11/03/2024,O+,Cryoprecipitate,2,3,11
324,1,Southern Philippines Medical Center (SPMC),18/03/2024,O+,Cryoprecipitate,1,3,12
325,1,Southern Philippines Medical Center (SPMC),25/03/2024,O+,Cryoprecipitate,2,3,13
326,1,Southern Philippines Medical Center (SPMC),01/04/2024,O+,Cryoprecipitate,2,4,14
327,1,Southern Philippines Medical Center (SPMC),08/04/2024,O+,Cryoprecipitate,1,4,15
328,1,Southern Philippines Medical Center (SPMC),15/04/2024,O+,Cryoprecipitate,1,4,16
329,1,Southern Philippines Medical Center (SPMC),22/04/2024,O+,Cryoprecipitate,2,4,17
330,1,Southern Philippines Medical Center (SPMC),29/04/2024,O+,Cryoprecipitate,1,4,18
331,1,Southern Philippines Medical Center (SPMC),06/05/2024,O+,Cryoprecipitate,1,5,19
332,1,Southern Philippines Medical Center (SPMC),13/05/2024,O+,Cryoprecipitate,2,5,20
333,1,Southern Philippines Medical Center (SPMC),20/05/2024,O+,Cryoprecipitate,1,5,21
334,1,Southern Philippines Medical Center (SPMC),27/05/2024,O+,Cryoprecipitate,2,5,22
335,1,Southern Philippines Medical Center (SPMC),03/06/2024,O+,Cryoprecipitate,2,6,23
336,1,Southern Philippines Medical Center (SPMC),10/06/2024,O+,Cryoprecipitate,1,6,24
337,1,Southern Philippines Medical Center (SPMC),17/06/2024,O+,Cryoprecipitate,1,6,25
338,1,Southern Philippines Medical Center (SPMC),24/06/2024,O+,Cryoprecipitate,2,6,26
339,1,Southern Philippines Medical Center (SPMC),01/07/2024,O+,Cryoprecipitate,1,7,27
340,1,Southern Philippines Medical Center (SPMC),08/07/2024,O+,Cryoprecipitate,2,7,28
341,1,Southern Philippines Medical Center (SPMC),15/07/2024,O+,Cryoprecipitate,2,7,29
342,1,Southern Philippines Medical Center (SPMC),22/07/2024,O+,Cryoprecipitate,1,7,30
343,1,Southern Philippines Medical Center (SPMC),29/07/2024,O+,Cryoprecipitate,2,7,31
344,1,Southern Philippines Medical Center (SPMC),05/08/2024,O+,Cryoprecipitate,1,8,32
345,1,Southern Philippines Medical Center (SPMC),12/08/2024,O+,Cryoprecipitate,1,8,33
346,1,Southern Philippines Medical Center (SPMC),19/08/2024,O+,Cryoprecipitate,2,8,34
347,1,Southern Philippines Medical Center (SPMC),26/08/2024,O+,Cryoprecipitate,2,8,35
348,1,Southern Philippines Medical Center (SPMC),02/09/2024,O+,Cryoprecipitate,2,9,36
349,1,Southern Philippines Medical Center (SPMC),09/09/2024,O+,Cryoprecipitate,2,9,37
350,1,Southern Philippines Medical Center (SPMC),16/09/2024,O+,Cryoprecipitate,2,9,38
351,1,Southern Philippines Medical Center (SPMC),23/09/2024,O+,Cryoprecipitate,1,9,39
352,1,Southern Philippines Medical Center (SPMC),30/09/2024,O+,Cryoprecipitate,2,9,40
353,1,Southern Philippines Medical Center (SPMC),07/10/2024,O+,Cryoprecipitate,1,10,41
354,1,Southern Philippines Medical Center (SPMC),14/10/2024,O+,Cryoprecipitate,2,10,42
355,1,Southern Philippines Medical Center (SPMC),21/10/2024,O+,Cryoprecipitate,2,10,43
356,1,Southern Philippines Medical Center (SPMC),28/10/2024,O+,Cryoprecipitate,2,10,44
357,1,Southern Philippines Medical Center (SPMC),04/11/2024,O+,Cryoprecipitate,2,11,45
358,1,Southern Philippines Medical Center (SPMC),11/11/2024,O+,Cryoprecipitate,2,11,46
359,1,Southern Philippines Medical Center (SPMC),18/11/2024,O+,Cryoprecipitate,1,11,47
360,1,Southern Philippines Medical Center (SPMC),25/11/2024,O+,Cryoprecipitate,1,11,48
361,1,Southern Philippines Medical Center (SPMC),02/12/2024,O+,Cryoprecipitate,2,12,49
362,1,Southern Philippines Medical Center (SPMC),09/12/2024,O+,Cryoprecipitate,1,12,50
363,1,Southern Philippines Medical Center (SPMC),16/12/2024,O+,Cryoprecipitate,2,12,51
364,1,Southern Philippines Medical Center (SPMC),23/12/2024,O+,Cryoprecipitate,2,12,52
365,1,Southern Philippines Medical Center (SPMC),30/12/2024,O+,Cryoprecipitate,1,12,53
366,1,Southern Philippines Medical Center (SPMC),06/01/2025,O+,Cryoprecipitate,1,1,54
367,1,Southern Philippines Medical Center (SPMC),13/01/2025,O+,Cryoprecipitate,1,1,55
368,1,Southern Philippines Medical Center (SPMC),20/01/2025,O+,Cryoprecipitate,1,1,56
369,1,Southern Philippines Medical Center (SPMC),27/01/2025,O+,Cryoprecipitate,2,1,57
370,1,Southern Philippines Medical Center (SPMC),03/02/2025,O+,Cryoprecipitate,2,2,58
371,1,Southern Philippines Medical Center (SPMC),10/02/2025,O+,Cryoprecipitate,2,2,59
372,1,Southern Philippines Medical Center (SPMC),17/02/2025,O+,Cryoprecipitate,1,2,60
373,1,Southern Philippines Medical Center (SPMC),24/02/2025,O+,Cryoprecipitate,2,2,61
374,1,Southern Philippines Medical Center (SPMC),03/03/2025,O+,Cryoprecipitate,2,3,62
375,1,Southern Philippines Medical Center (SPMC),10/03/2025,O+,Cryoprecipitate,1,3,63
376,1,Southern Philippines Medical Center (SPMC),17/03/2025,O+,Cryoprecipitate,2,3,64
377,1,Southern Philippines Medical Center (SPMC),24/03/2025,O+,Cryoprecipitate,2,3,65
378,1,Southern Philippines Medical Center (SPMC),31/03/2025,O+,Cryoprecipitate,1,3,66
379,1,Southern Philippines Medical Center (SPMC),07/04/2025,O+,Cryoprecipitate,2,4,67
380,1,Southern Philippines Medical Center (SPMC),14/04/2025,O+,Cryoprecipitate,1,4,68
381,1,Southern Philippines Medical Center (SPMC),21/04/2025,O+,Cryoprecipitate,1,4,69
382,1,Southern Philippines Medical Center (SPMC),28/04/2025,O+,Cryoprecipitate,2,4,70
383,1,Southern Philippines Medical Center (SPMC),05/05/2025,O+,Cryoprecipitate,2,5,71
384,1,Southern Philippines Medical Center (SPMC),12/05/2025,O+,Cryoprecipitate,2,5,72
385,1,Southern Philippines Medical Center (SPMC),19/05/2025,O+,Cryoprecipitate,2,5,73
386,1,Southern Philippines Medical Center (SPMC),26/05/2025,O+,Cryoprecipitate,1,5,74
387,1,Southern Philippines Medical Center (SPMC),02/06/2025,O+,Cryoprecipitate,1,6,75
388,1,Southern Philippines Medical Center (SPMC),09/06/2025,O+,Cryoprecipitate,2,6,76
389,1,Southern Philippines Medical Center (SPMC),16/06/2025,O+,Cryoprecipitate,2,6,77
390,1,Southern Philippines Medical Center (SPMC),23/06/2025,O+,Cryoprecipitate,2,6,78
391,1,Southern Philippines Medical Center (SPMC),30/06/2025,O+,Cryoprecipitate,2,6,79
392,1,Southern Philippines Medical Center (SPMC),07/07/2025,O+,Cryoprecipitate,1,7,80
393,1,Southern Philippines Medical Center (SPMC),14/07/2025,O+,Cryoprecipitate,1,7,81
394,1,Southern Philippines Medical Center (SPMC),21/07/2025,O+,Cryoprecipitate,2,7,82
395,1,Southern Philippines Medical Center (SPMC),28/07/2025,O+,Cryoprecipitate,2,7,83
396,1,Southern Philippines Medical Center (SPMC),04/08/2025,O+,Cryoprecipitate,1,8,84
397,1,Southern Philippines Medical Center (SPMC),11/08/2025,O+,Cryoprecipitate,2,8,85
398,1,Southern Philippines Medical Center (SPMC),18/08/2025,O+,Cryoprecipitate,2,8,86
399,1,Southern Philippines Medical Center (SPMC),25/08/2025,O+,Cryoprecipitate,2,8,87
400,1,Southern Philippines Medical Center (SPMC),01/09/2025,O+,Cryoprecipitate,2,9,88
401,1,Southern Philippines Medical Center (SPMC),08/09/2025,O+,Cryoprecipitate,2,9,89
402,1,Southern Philippines Medical Center (SPMC),15/09/2025,O+,Cryoprecipitate,2,9,90
403,1,Southern Philippines Medical Center (SPMC),22/09/2025,O+,Cryoprecipitate,2,9,91
404,1,Southern Philippines Medical Center (SPMC),29/09/2025,O+,Cryoprecipitate,1,9,92
405,1,Southern Philippines Medical Center (SPMC),06/10/2025,O+,Cryoprecipitate,1,10,93
406,1,Southern Philippines Medical Center (SPMC),13/10/2025,O+,Cryoprecipitate,2,10,94
407,1,Southern Philippines Medical Center (SPMC),20/10/2025,O+,Cryoprecipitate,1,10,95
408,1,Southern Philippines Medical Center (SPMC),27/10/2025,O+,Cryoprecipitate,2,10,96
409,1,Southern Philippines Medical Center (SPMC),03/11/2025,O+,Cryoprecipitate,2,11,97
410,1,Southern Philippines Medical Center (SPMC),10/11/2025,O+,Cryoprecipitate,2,11,98
411,1,Southern Philippines Medical Center (SPMC),17/11/2025,O+,Cryoprecipitate,2,11,99
412,1,Southern Philippines Medical Center (SPMC),24/11/2025,O+,Cryoprecipitate,2,11,100
413,1,Southern Philippines Medical Center (SPMC),01/12/2025,O+,Cryoprecipitate,2,12,101
414,1,Southern Philippines Medical Center (SPMC),08/12/2025,O+,Cryoprecipitate,2,12,102
415,1,Southern Philippines Medical Center (SPMC),15/12/2025,O+,Cryoprecipitate,2,12,103
416,1,Southern Philippines Medical Center (SPMC),22/12/2025,O+,Cryoprecipitate,2,12,104
417,1,Southern Philippines Medical Center (SPMC),01/01/2024,O+,Cryosupernate,1,1,1
418,1,Southern Philippines Medical Center (SPMC),08/01/2024,O+,Cryosupernate,2,1,2
419,1,Southern Philippines Medical Center (SPMC),15/01/2024,O+,Cryosupernate,1,1,3
420,1,Southern Philippines Medical Center (SPMC),22/01/2024,O+,Cryosupernate,0,1,4
421,1,Southern Philippines Medical Center (SPMC),29/01/2024,O+,Cryosupernate,2,1,5
422,1,Southern Philippines Medical Center (SPMC),05/02/2024,O+,Cryosupernate,1,2,6
423,1,Southern Philippines Medical Center (SPMC),12/02/2024,O+,Cryosupernate,2,2,7
424,1,Southern Philippines Medical Center (SPMC),19/02/2024,O+,Cryosupernate,1,2,8
425,1,Southern Philippines Medical Center (SPMC),26/02/2024,O+,Cryosupernate,1,2,9
426,1,Southern Philippines Medical Center (SPMC),04/03/2024,O+,Cryosupernate,1,3,10
427,1,Southern Philippines Medical Center (SPMC),11/03/2024,O+,Cryosupernate,1,3,11
428,1,Southern Philippines Medical Center (SPMC),18/03/2024,O+,Cryosupernate,1,3,12
429,1,Southern Philippines Medical Center (SPMC),25/03/2024,O+,Cryosupernate,0,3,13
430,1,Southern Philippines Medical Center (SPMC),01/04/2024,O+,Cryosupernate,1,4,14
431,1,Southern Philippines Medical Center (SPMC),08/04/2024,O+,Cryosupernate,1,4,15
432,1,Southern Philippines Medical Center (SPMC),15/04/2024,O+,Cryosupernate,2,4,16
433,1,Southern Philippines Medical Center (SPMC),22/04/2024,O+,Cryosupernate,1,4,17
434,1,Southern Philippines Medical Center (SPMC),29/04/2024,O+,Cryosupernate,1,4,18
435,1,Southern Philippines Medical Center (SPMC),06/05/2024,O+,Cryosupernate,1,5,19
436,1,Southern Philippines Medical Center (SPMC),13/05/2024,O+,Cryosupernate,1,5,20
437,1,Southern Philippines Medical Center (SPMC),20/05/2024,O+,Cryosupernate,1,5,21
438,1,Southern Philippines Medical Center (SPMC),27/05/2024,O+,Cryosupernate,1,5,22
439,1,Southern Philippines Medical Center (SPMC),03/06/2024,O+,Cryosupernate,1,6,23
440,1,Southern Philippines Medical Center (SPMC),10/06/2024,O+,Cryosupernate,1,6,24
441,1,Southern Philippines Medical Center (SPMC),17/06/2024,O+,Cryosupernate,2,6,25
442,1,Southern Philippines Medical Center (SPMC),24/06/2024,O+,Cryosupernate,1,6,26
443,1,Southern Philippines Medical Center (SPMC),01/07/2024,O+,Cryosupernate,1,7,27
444,1,Southern Philippines Medical Center (SPMC),08/07/2024,O+,Cryosupernate,1,7,28
445,1,Southern Philippines Medical Center (SPMC),15/07/2024,O+,Cryosupernate,1,7,29
446,1,Southern Philippines Medical Center (SPMC),22/07/2024,O+,Cryosupernate,1,7,30
447,1,Southern Philippines Medical Center (SPMC),29/07/2024,O+,Cryosupernate,1,7,31
448,1,Southern Philippines Medical Center (SPMC),05/08/2024,O+,Cryosupernate,1,8,32
449,1,Southern Philippines Medical Center (SPMC),12/08/2024,O+,Cryosupernate,1,8,33
450,1,Southern Philippines Medical Center (SPMC),19/08/2024,O+,Cryosupernate,1,8,34
451,1,Southern Philippines Medical Center (SPMC),26/08/2024,O+,Cryosupernate,1,8,35
452,1,Southern Philippines Medical Center (SPMC),02/09/2024,O+,Cryosupernate,1,9,36
453,1,Southern Philippines Medical Center (SPMC),09/09/2024,O+,Cryosupernate,1,9,37
454,1,Southern Philippines Medical Center (SPMC),16/09/2024,O+,Cryosupernate,1,9,38
455,1,Southern Philippines Medical Center (SPMC),23/09/2024,O+,Cryosupernate,2,9,39
456,1,Southern Philippines Medical Center (SPMC),30/09/2024,O+,Cryosupernate,1,9,40
457,1,Southern Philippines Medical Center (SPMC),07/10/2024,O+,Cryosupernate,1,10,41
458,1,Southern Philippines Medical Center (SPMC),14/10/2024,O+,Cryosupernate,1,10,42
459,1,Southern Philippines Medical Center (SPMC),21/10/2024,O+,Cryosupernate,2,10,43
460,1,Southern Philippines Medical Center (SPMC),28/10/2024,O+,Cryosupernate,1,10,44
461,1,Southern Philippines Medical Center (SPMC),04/11/2024,O+,Cryosupernate,2,11,45
462,1,Southern Philippines Medical Center (SPMC),11/11/2024,O+,Cryosupernate,1,11,46
463,1,Southern Philippines Medical Center (SPMC),18/11/2024,O+,Cryosupernate,1,11,47
464,1,Southern Philippines Medical Center (SPMC),25/11/2024,O+,Cryosupernate,1,11,48
465,1,Southern Philippines Medical Center (SPMC),02/12/2024,O+,Cryosupernate,1,12,49
466,1,Southern Philippines Medical Center (SPMC),09/12/2024,O+,Cryosupernate,1,12,50
467,1,Southern Philippines Medical Center (SPMC),16/12/2024,O+,Cryosupernate,1,12,51
468,1,Southern Philippines Medical Center (SPMC),23/12/2024,O+,Cryosupernate,1,12,52
469,1,Southern Philippines Medical Center (SPMC),30/12/2024,O+,Cryosupernate,1,12,53
470,1,Southern Philippines Medical Center (SPMC),06/01/2025,O+,Cryosupernate,1,1,54
471,1,Southern Philippines Medical Center (SPMC),13/01/2025,O+,Cryosupernate,1,1,55
472,1,Southern Philippines Medical Center (SPMC),20/01/2025,O+,Cryosupernate,1,1,56
473,1,Southern Philippines Medical Center (SPMC),27/01/2025,O+,Cryosupernate,1,1,57
474,1,Southern Philippines Medical Center (SPMC),03/02/2025,O+,Cryosupernate,1,2,58
475,1,Southern Philippines Medical Center (SPMC),10/02/2025,O+,Cryosupernate,1,2,59
476,1,Southern Philippines Medical Center (SPMC),17/02/2025,O+,Cryosupernate,1,2,60
477,1,Southern Philippines Medical Center (SPMC),24/02/2025,O+,Cryosupernate,1,2,61
478,1,Southern Philippines Medical Center (SPMC),03/03/2025,O+,Cryosupernate,1,3,62
479,1,Southern Philippines Medical Center (SPMC),10/03/2025,O+,Cryosupernate,2,3,63
480,1,Southern Philippines Medical Center (SPMC),17/03/2025,O+,Cryosupernate,1,3,64
481,1,Southern Philippines Medical Center (SPMC),24/03/2025,O+,Cryosupernate,1,3,65
482,1,Southern Philippines Medical Center (SPMC),31/03/2025,O+,Cryosupernate,1,3,66
483,1,Southern Philippines Medical Center (SPMC),07/04/2025,O+,Cryosupernate,1,4,67
484,1,Southern Philippines Medical Center (SPMC),14/04/2025,O+,Cryosupernate,1,4,68
485,1,Southern Philippines Medical Center (SPMC),21/04/2025,O+,Cryosupernate,1,4,69
486,1,Southern Philippines Medical Center (SPMC),28/04/2025,O+,Cryosupernate,1,4,70
487,1,Southern Philippines Medical Center (SPMC),05/05/2025,O+,Cryosupernate,1,5,71
488,1,Southern Philippines Medical Center (SPMC),12/05/2025,O+,Cryosupernate,2,5,72
489,1,Southern Philippines Medical Center (SPMC),19/05/2025,O+,Cryosupernate,1,5,73
490,1,Southern Philippines Medical Center (SPMC),26/05/2025,O+,Cryosupernate,1,5,74
491,1,Southern Philippines Medical Center (SPMC),02/06/2025,O+,Cryosupernate,1,6,75
492,1,Southern Philippines Medical Center (SPMC),09/06/2025,O+,Cryosupernate,1,6,76
493,1,Southern Philippines Medical Center (SPMC),16/06/2025,O+,Cryosupernate,1,6,77
494,1,Southern Philippines Medical Center (SPMC),23/06/2025,O+,Cryosupernate,1,6,78
495,1,Southern Philippines Medical Center (SPMC),30/06/2025,O+,Cryosupernate,1,6,79
496,1,Southern Philippines Medical Center (SPMC),07/07/2025,O+,Cryosupernate,1,7,80
497,1,Southern Philippines Medical Center (SPMC),14/07/2025,O+,Cryosupernate,1,7,81
498,1,Southern Philippines Medical Center (SPMC),21/07/2025,O+,Cryosupernate,1,7,82
499,1,Southern Philippines Medical Center (SPMC),28/07/2025,O+,Cryosupernate,1,7,83
500,1,Southern Philippines Medical Center (SPMC),04/08/2025,O+,Cryosupernate,1,8,84
501,1,Southern Philippines Medical Center (SPMC),11/08/2025,O+,Cryosupernate,1,8,85
502,1,Southern Philippines Medical Center (SPMC),18/08/2025,O+,Cryosupernate,1,8,86
503,1,Southern Philippines Medical Center (SPMC),25/08/2025,O+,Cryosupernate,1,8,87
504,1,Southern Philippines Medical Center (SPMC),01/09/2025,O+,Cryosupernate,1,9,88
505,1,Southern Philippines Medical Center (SPMC),08/09/2025,O+,Cryosupernate,1,9,89
506,1,Southern Philippines Medical Center (SPMC),15/09/2025,O+,Cryosupernate,2,9,90
507,1,Southern Philippines Medical Center (SPMC),22/09/2025,O+,Cryosupernate,1,9,91
508,1,Southern Philippines Medical Center (SPMC),29/09/2025,O+,Cryosupernate,1,9,92
509,1,Southern Philippines Medical Center (SPMC),06/10/2025,O+,Cryosupernate,0,10,93
510,1,Southern Philippines Medical Center (SPMC),13/10/2025,O+,Cryosupernate,1,10,94
511,1,Southern Philippines Medical Center (SPMC),20/10/2025,O+,Cryosupernate,1,10,95
512,1,Southern Philippines Medical Center (SPMC),27/10/2025,O+,Cryosupernate,1,10,96
513,1,Southern Philippines Medical Center (SPMC),03/11/2025,O+,Cryosupernate,1,11,97
514,1,Southern Philippines Medical Center (SPMC),10/11/2025,O+,Cryosupernate,1,11,98
515,1,Southern Philippines Medical Center (SPMC),17/11/2025,O+,Cryosupernate,1,11,99
516,1,Southern Philippines Medical Center (SPMC),24/11/2025,O+,Cryosupernate,1,11,100
517,1,Southern Philippines Medical Center (SPMC),01/12/2025,O+,Cryosupernate,1,12,101
518,1,Southern Philippines Medical Center (SPMC),08/12/2025,O+,Cryosupernate,1,12,102
519,1,Southern Philippines Medical Center (SPMC),15/12/2025,O+,Cryosupernate,1,12,103
520,1,Southern Philippines Medical Center (SPMC),22/12/2025,O+,Cryosupernate,1,12,104
521,1,Southern Philippines Medical Center (SPMC),01/01/2024,O-,PRBC,3,1,1
522,1,Southern Philippines Medical Center (SPMC),08/01/2024,O-,PRBC,3,1,2
523,1,Southern Philippines Medical Center (SPMC),15/01/2024,O-,PRBC,2,1,3
524,1,Southern Philippines Medical Center (SPMC),22/01/2024,O-,PRBC,2,1,4
525,1,Southern Philippines Medical Center (SPMC),29/01/2024,O-,PRBC,2,1,5
526,1,Southern Philippines Medical Center (SPMC),05/02/2024,O-,PRBC,2,2,6
527,1,Southern Philippines Medical Center (SPMC),12/02/2024,O-,PRBC,2,2,7
528,1,Southern Philippines Medical Center (SPMC),19/02/2024,O-,PRBC,2,2,8
529,1,Southern Philippines Medical Center (SPMC),26/02/2024,O-,PRBC,3,2,9
530,1,Southern Philippines Medical Center (SPMC),04/03/2024,O-,PRBC,2,3,10
531,1,Southern Philippines Medical Center (SPMC),11/03/2024,O-,PRBC,2,3,11
532,1,Southern Philippines Medical Center (SPMC),18/03/2024,O-,PRBC,2,3,12
533,1,Southern Philippines Medical Center (SPMC),25/03/2024,O-,PRBC,2,3,13
534,1,Southern Philippines Medical Center (SPMC),01/04/2024,O-,PRBC,2,4,14
535,1,Southern Philippines Medical Center (SPMC),08/04/2024,O-,PRBC,3,4,15
536,1,Southern Philippines Medical Center (SPMC),15/04/2024,O-,PRBC,2,4,16
537,1,Southern Philippines Medical Center (SPMC),22/04/2024,O-,PRBC,2,4,17
538,1,Southern Philippines Medical Center (SPMC),29/04/2024,O-,PRBC,2,4,18
539,1,Southern Philippines Medical Center (SPMC),06/05/2024,O-,PRBC,3,5,19
540,1,Southern Philippines Medical Center (SPMC),13/05/2024,O-,PRBC,3,5,20
541,1,Southern Philippines Medical Center (SPMC),20/05/2024,O-,PRBC,3,5,21
542,1,Southern Philippines Medical Center (SPMC),27/05/2024,O-,PRBC,2,5,22
543,1,Southern Philippines Medical Center (SPMC),03/06/2024,O-,PRBC,3,6,23
544,1,Southern Philippines Medical Center (SPMC),10/06/2024,O-,PRBC,2,6,24
545,1,Southern Philippines Medical Center (SPMC),17/06/2024,O-,PRBC,3,6,25
546,1,Southern Philippines Medical Center (SPMC),24/06/2024,O-,PRBC,2,6,26
547,1,Southern Philippines Medical Center (SPMC),01/07/2024,O-,PRBC,3,7,27
548,1,Southern Philippines Medical Center (SPMC),08/07/2024,O-,PRBC,3,7,28
549,1,Southern Philippines Medical Center (SPMC),15/07/2024,O-,PRBC,3,7,29
550,1,Southern Philippines Medical Center (SPMC),22/07/2024,O-,PRBC,3,7,30
551,1,Southern Philippines Medical Center (SPMC),29/07/2024,O-,PRBC,2,7,31
552,1,Southern Philippines Medical Center (SPMC),05/08/2024,O-,PRBC,2,8,32
553,1,Southern Philippines Medical Center (SPMC),12/08/2024,O-,PRBC,2,8,33
554,1,Southern Philippines Medical Center (SPMC),19/08/2024,O-,PRBC,2,8,34
555,1,Southern Philippines Medical Center (SPMC),26/08/2024,O-,PRBC,3,8,35
556,1,Southern Philippines Medical Center (SPMC),02/09/2024,O-,PRBC,2,9,36
557,1,Southern Philippines Medical Center (SPMC),09/09/2024,O-,PRBC,3,9,37
558,1,Southern Philippines Medical Center (SPMC),16/09/2024,O-,PRBC,3,9,38
559,1,Southern Philippines Medical Center (SPMC),23/09/2024,O-,PRBC,3,9,39
560,1,Southern Philippines Medical Center (SPMC),30/09/2024,O-,PRBC,3,9,40
561,1,Southern Philippines Medical Center (SPMC),07/10/2024,O-,PRBC,3,10,41
562,1,Southern Philippines Medical Center (SPMC),14/10/2024,O-,PRBC,2,10,42
563,1,Southern Philippines Medical Center (SPMC),21/10/2024,O-,PRBC,3,10,43
564,1,Southern Philippines Medical Center (SPMC),28/10/2024,O-,PRBC,2,10,44
565,1,Southern Philippines Medical Center (SPMC),04/11/2024,O-,PRBC,3,11,45
566,1,Southern Philippines Medical Center (SPMC),11/11/2024,O-,PRBC,3,11,46
567,1,Southern Philippines Medical Center (SPMC),18/11/2024,O-,PRBC,2,11,47
568,1,Southern Philippines Medical Center (SPMC),25/11/2024,O-,PRBC,3,11,48
569,1,Southern Philippines Medical Center (SPMC),02/12/2024,O-,PRBC,3,12,49
570,1,Southern Philippines Medical Center (SPMC),09/12/2024,O-,PRBC,3,12,50
571,1,Southern Philippines Medical Center (SPMC),16/12/2024,O-,PRBC,3,12,51
572,1,Southern Philippines Medical Center (SPMC),23/12/2024,O-,PRBC,3,12,52
573,1,Southern Philippines Medical Center (SPMC),30/12/2024,O-,PRBC,3,12,53
574,1,Southern Philippines Medical Center (SPMC),06/01/2025,O-,PRBC,2,1,54
575,1,Southern Philippines Medical Center (SPMC),13/01/2025,O-,PRBC,3,1,55
576,1,Southern Philippines Medical Center (SPMC),20/01/2025,O-,PRBC,3,1,56
577,1,Southern Philippines Medical Center (SPMC),27/01/2025,O-,PRBC,2,1,57
578,1,Southern Philippines Medical Center (SPMC),03/02/2025,O-,PRBC,2,2,58
579,1,Southern Philippines Medical Center (SPMC),10/02/2025,O-,PRBC,2,2,59
580,1,Southern Philippines Medical Center (SPMC),17/02/2025,O-,PRBC,3,2,60
581,1,Southern Philippines Medical Center (SPMC),24/02/2025,O-,PRBC,2,2,61
582,1,Southern Philippines Medical Center (SPMC),03/03/2025,O-,PRBC,2,3,62
583,1,Southern Philippines Medical Center (SPMC),10/03/2025,O-,PRBC,2,3,63
584,1,Southern Philippines Medical Center (SPMC),17/03/2025,O-,PRBC,2,3,64
585,1,Southern Philippines Medical Center (SPMC),24/03/2025,O-,PRBC,2,3,65
586,1,Southern Philippines Medical Center (SPMC),31/03/2025,O-,PRBC,2,3,66
587,1,Southern Philippines Medical Center (SPMC),07/04/2025,O-,PRBC,2,4,67
588,1,Southern Philippines Medical Center (SPMC),14/04/2025,O-,PRBC,3,4,68
589,1,Southern Philippines Medical Center (SPMC),21/04/2025,O-,PRBC,3,4,69
590,1,Southern Philippines Medical Center (SPMC),28/04/2025,O-,PRBC,3,4,70
591,1,Southern Philippines Medical Center (SPMC),05/05/2025,O-,PRBC,3,5,71
592,1,Southern Philippines Medical Center (SPMC),12/05/2025,O-,PRBC,3,5,72
593,1,Southern Philippines Medical Center (SPMC),19/05/2025,O-,PRBC,3,5,73
594,1,Southern Philippines Medical Center (SPMC),26/05/2025,O-,PRBC,3,5,74
595,1,Southern Philippines Medical Center (SPMC),02/06/2025,O-,PRBC,3,6,75
596,1,Southern Philippines Medical Center (SPMC),09/06/2025,O-,PRBC,3,6,76
597,1,Southern Philippines Medical Center (SPMC),16/06/2025,O-,PRBC,3,6,77
598,1,Southern Philippines Medical Center (SPMC),23/06/2025,O-,PRBC,3,6,78
599,1,Southern Philippines Medical Center (SPMC),30/06/2025,O-,PRBC,2,6,79
600,1,Southern Philippines Medical Center (SPMC),07/07/2025,O-,PRBC,2,7,80
601,1,Southern Philippines Medical Center (SPMC),14/07/2025,O-,PRBC,3,7,81
602,1,Southern Philippines Medical Center (SPMC),21/07/2025,O-,PRBC,3,7,82
603,1,Southern Philippines Medical Center (SPMC),28/07/2025,O-,PRBC,2,7,83
604,1,Southern Philippines Medical Center (SPMC),04/08/2025,O-,PRBC,3,8,84
605,1,Southern Philippines Medical Center (SPMC),11/08/2025,O-,PRBC,3,8,85
606,1,Southern Philippines Medical Center (SPMC),18/08/2025,O-,PRBC,2,8,86
607,1,Southern Philippines Medical Center (SPMC),25/08/2025,O-,PRBC,3,8,87
608,1,Southern Philippines Medical Center (SPMC),01/09/2025,O-,PRBC,3,9,88
609,1,Southern Philippines Medical Center (SPMC),08/09/2025,O-,PRBC,3,9,89
610,1,Southern Philippines Medical Center (SPMC),15/09/2025,O-,PRBC,2,9,90
611,1,Southern Philippines Medical Center (SPMC),22/09/2025,O-,PRBC,3,9,91
612,1,Southern Philippines Medical Center (SPMC),29/09/2025,O-,PRBC,3,9,92
613,1,Southern Philippines Medical Center (SPMC),06/10/2025,O-,PRBC,3,10,93
614,1,Southern Philippines Medical Center (SPMC),13/10/2025,O-,PRBC,3,10,94
615,1,Southern Philippines Medical Center (SPMC),20/10/2025,O-,PRBC,3,10,95
616,1,Southern Philippines Medical Center (SPMC),27/10/2025,O-,PRBC,2,10,96
617,1,Southern Philippines Medical Center (SPMC),03/11/2025,O-,PRBC,3,11,97
618,1,Southern Philippines Medical Center (SPMC),10/11/2025,O-,PRBC,3,11,98
619,1,Southern Philippines Medical Center (SPMC),17/11/2025,O-,PRBC,2,11,99
620,1,Southern Philippines Medical Center (SPMC),24/11/2025,O-,PRBC,3,11,100
621,1,Southern Philippines Medical Center (SPMC),01/12/2025,O-,PRBC,3,12,101
622,1,Southern Philippines Medical Center (SPMC),08/12/2025,O-,PRBC,3,12,102
623,1,Southern Philippines Medical Center (SPMC),15/12/2025,O-,PRBC,3,12,103
624,1,Southern Philippines Medical Center (SPMC),22/12/2025,O-,PRBC,3,12,104
625,1,Southern Philippines Medical Center (SPMC),01/01/2024,O-,Platelet Concentrate,1,1,1
626,1,Southern Philippines Medical Center (SPMC),08/01/2024,O-,Platelet Concentrate,0,1,2
627,1,Southern Philippines Medical Center (SPMC),15/01/2024,O-,Platelet Concentrate,0,1,3
628,1,Southern Philippines Medical Center (SPMC),22/01/2024,O-,Platelet Concentrate,1,1,4
629,1,Southern Philippines Medical Center (SPMC),29/01/2024,O-,Platelet Concentrate,1,1,5
630,1,Southern Philippines Medical Center (SPMC),05/02/2024,O-,Platelet Concentrate,1,2,6
631,1,Southern Philippines Medical Center (SPMC),12/02/2024,O-,Platelet Concentrate,1,2,7
632,1,Southern Philippines Medical Center (SPMC),19/02/2024,O-,Platelet Concentrate,1,2,8
633,1,Southern Philippines Medical Center (SPMC),26/02/2024,O-,Platelet Concentrate,0,2,9
634,1,Southern Philippines Medical Center (SPMC),04/03/2024,O-,Platelet Concentrate,0,3,10
635,1,Southern Philippines Medical Center (SPMC),11/03/2024,O-,Platelet Concentrate,0,3,11
636,1,Southern Philippines Medical Center (SPMC),18/03/2024,O-,Platelet Concentrate,1,3,12
637,1,Southern Philippines Medical Center (SPMC),25/03/2024,O-,Platelet Concentrate,1,3,13
638,1,Southern Philippines Medical Center (SPMC),01/04/2024,O-,Platelet Concentrate,1,4,14
639,1,Southern Philippines Medical Center (SPMC),08/04/2024,O-,Platelet Concentrate,1,4,15
640,1,Southern Philippines Medical Center (SPMC),15/04/2024,O-,Platelet Concentrate,1,4,16
641,1,Southern Philippines Medical Center (SPMC),22/04/2024,O-,Platelet Concentrate,1,4,17
642,1,Southern Philippines Medical Center (SPMC),29/04/2024,O-,Platelet Concentrate,0,4,18
643,1,Southern Philippines Medical Center (SPMC),06/05/2024,O-,Platelet Concentrate,1,5,19
644,1,Southern Philippines Medical Center (SPMC),13/05/2024,O-,Platelet Concentrate,1,5,20
645,1,Southern Philippines Medical Center (SPMC),20/05/2024,O-,Platelet Concentrate,1,5,21
646,1,Southern Philippines Medical Center (SPMC),27/05/2024,O-,Platelet Concentrate,1,5,22
647,1,Southern Philippines Medical Center (SPMC),03/06/2024,O-,Platelet Concentrate,0,6,23
648,1,Southern Philippines Medical Center (SPMC),10/06/2024,O-,Platelet Concentrate,1,6,24
649,1,Southern Philippines Medical Center (SPMC),17/06/2024,O-,Platelet Concentrate,1,6,25
650,1,Southern Philippines Medical Center (SPMC),24/06/2024,O-,Platelet Concentrate,1,6,26
651,1,Southern Philippines Medical Center (SPMC),01/07/2024,O-,Platelet Concentrate,1,7,27
652,1,Southern Philippines Medical Center (SPMC),08/07/2024,O-,Platelet Concentrate,0,7,28
653,1,Southern Philippines Medical Center (SPMC),15/07/2024,O-,Platelet Concentrate,1,7,29
654,1,Southern Philippines Medical Center (SPMC),22/07/2024,O-,Platelet Concentrate,0,7,30
655,1,Southern Philippines Medical Center (SPMC),29/07/2024,O-,Platelet Concentrate,0,7,31
656,1,Southern Philippines Medical Center (SPMC),05/08/2024,O-,Platelet Concentrate,1,8,32
657,1,Southern Philippines Medical Center (SPMC),12/08/2024,O-,Platelet Concentrate,1,8,33
658,1,Southern Philippines Medical Center (SPMC),19/08/2024,O-,Platelet Concentrate,1,8,34
659,1,Southern Philippines Medical Center (SPMC),26/08/2024,O-,Platelet Concentrate,1,8,35
660,1,Southern Philippines Medical Center (SPMC),02/09/2024,O-,Platelet Concentrate,0,9,36
661,1,Southern Philippines Medical Center (SPMC),09/09/2024,O-,Platelet Concentrate,0,9,37
662,1,Southern Philippines Medical Center (SPMC),16/09/2024,O-,Platelet Concentrate,1,9,38
663,1,Southern Philippines Medical Center (SPMC),23/09/2024,O-,Platelet Concentrate,0,9,39
664,1,Southern Philippines Medical Center (SPMC),30/09/2024,O-,Platelet Concentrate,1,9,40
665,1,Southern Philippines Medical Center (SPMC),07/10/2024,O-,Platelet Concentrate,1,10,41
666,1,Southern Philippines Medical Center (SPMC),14/10/2024,O-,Platelet Concentrate,1,10,42
667,1,Southern Philippines Medical Center (SPMC),21/10/2024,O-,Platelet Concentrate,0,10,43
668,1,Southern Philippines Medical Center (SPMC),28/10/2024,O-,Platelet Concentrate,1,10,44
669,1,Southern Philippines Medical Center (SPMC),04/11/2024,O-,Platelet Concentrate,1,11,45
670,1,Southern Philippines Medical Center (SPMC),11/11/2024,O-,Platelet Concentrate,0,11,46
671,1,Southern Philippines Medical Center (SPMC),18/11/2024,O-,Platelet Concentrate,1,11,47
672,1,Southern Philippines Medical Center (SPMC),25/11/2024,O-,Platelet Concentrate,1,11,48
673,1,Southern Philippines Medical Center (SPMC),02/12/2024,O-,Platelet Concentrate,1,12,49
674,1,Southern Philippines Medical Center (SPMC),09/12/2024,O-,Platelet Concentrate,1,12,50
675,1,Southern Philippines Medical Center (SPMC),16/12/2024,O-,Platelet Concentrate,1,12,51
676,1,Southern Philippines Medical Center (SPMC),23/12/2024,O-,Platelet Concentrate,1,12,52
677,1,Southern Philippines Medical Center (SPMC),30/12/2024,O-,Platelet Concentrate,1,12,53
678,1,Southern Philippines Medical Center (SPMC),06/01/2025,O-,Platelet Concentrate,1,1,54
679,1,Southern Philippines Medical Center (SPMC),13/01/2025,O-,Platelet Concentrate,1,1,55
680,1,Southern Philippines Medical Center (SPMC),20/01/2025,O-,Platelet Concentrate,0,1,56
681,1,Southern Philippines Medical Center (SPMC),27/01/2025,O-,Platelet Concentrate,1,1,57
682,1,Southern Philippines Medical Center (SPMC),03/02/2025,O-,Platelet Concentrate,1,2,58
683,1,Southern Philippines Medical Center (SPMC),10/02/2025,O-,Platelet Concentrate,1,2,59
684,1,Southern Philippines Medical Center (SPMC),17/02/2025,O-,Platelet Concentrate,0,2,60
685,1,Southern Philippines Medical Center (SPMC),24/02/2025,O-,Platelet Concentrate,2,2,61
686,1,Southern Philippines Medical Center (SPMC),03/03/2025,O-,Platelet Concentrate,0,3,62
687,1,Southern Philippines Medical Center (SPMC),10/03/2025,O-,Platelet Concentrate,1,3,63
688,1,Southern Philippines Medical Center (SPMC),17/03/2025,O-,Platelet Concentrate,1,3,64
689,1,Southern Philippines Medical Center (SPMC),24/03/2025,O-,Platelet Concentrate,1,3,65
690,1,Southern Philippines Medical Center (SPMC),31/03/2025,O-,Platelet Concentrate,0,3,66
691,1,Southern Philippines Medical Center (SPMC),07/04/2025,O-,Platelet Concentrate,1,4,67
692,1,Southern Philippines Medical Center (SPMC),14/04/2025,O-,Platelet Concentrate,0,4,68
693,1,Southern Philippines Medical Center (SPMC),21/04/2025,O-,Platelet Concentrate,0,4,69
694,1,Southern Philippines Medical Center (SPMC),28/04/2025,O-,Platelet Concentrate,1,4,70
695,1,Southern Philippines Medical Center (SPMC),05/05/2025,O-,Platelet Concentrate,0,5,71
696,1,Southern Philippines Medical Center (SPMC),12/05/2025,O-,Platelet Concentrate,1,5,72
697,1,Southern Philippines Medical Center (SPMC),19/05/2025,O-,Platelet Concentrate,0,5,73
698,1,Southern Philippines Medical Center (SPMC),26/05/2025,O-,Platelet Concentrate,1,5,74
699,1,Southern Philippines Medical Center (SPMC),02/06/2025,O-,Platelet Concentrate,1,6,75
700,1,Southern Philippines Medical Center (SPMC),09/06/2025,O-,Platelet Concentrate,1,6,76
701,1,Southern Philippines Medical Center (SPMC),16/06/2025,O-,Platelet Concentrate,0,6,77
702,1,Southern Philippines Medical Center (SPMC),23/06/2025,O-,Platelet Concentrate,1,6,78
703,1,Southern Philippines Medical Center (SPMC),30/06/2025,O-,Platelet Concentrate,1,6,79
704,1,Southern Philippines Medical Center (SPMC),07/07/2025,O-,Platelet Concentrate,1,7,80
705,1,Southern Philippines Medical Center (SPMC),14/07/2025,O-,Platelet Concentrate,1,7,81
706,1,Southern Philippines Medical Center (SPMC),21/07/2025,O-,Platelet Concentrate,0,7,82
707,1,Southern Philippines Medical Center (SPMC),28/07/2025,O-,Platelet Concentrate,1,7,83
708,1,Southern Philippines Medical Center (SPMC),04/08/2025,O-,Platelet Concentrate,1,8,84
709,1,Southern Philippines Medical Center (SPMC),11/08/2025,O-,Platelet Concentrate,0,8,85
710,1,Southern Philippines Medical Center (SPMC),18/08/2025,O-,Platelet Concentrate,1,8,86
711,1,Southern Philippines Medical Center (SPMC),25/08/2025,O-,Platelet Concentrate,0,8,87
712,1,Southern Philippines Medical Center (SPMC),01/09/2025,O-,Platelet Concentrate,0,9,88
713,1,Southern Philippines Medical Center (SPMC),08/09/2025,O-,Platelet Concentrate,1,9,89
714,1,Southern Philippines Medical Center (SPMC),15/09/2025,O-,Platelet Concentrate,1,9,90
715,1,Southern Philippines Medical Center (SPMC),22/09/2025,O-,Platelet Concentrate,0,9,91
716,1,Southern Philippines Medical Center (SPMC),29/09/2025,O-,Platelet Concentrate,1,9,92
717,1,Southern Philippines Medical Center (SPMC),06/10/2025,O-,Platelet Concentrate,1,10,93
718,1,Southern Philippines Medical Center (SPMC),13/10/2025,O-,Platelet Concentrate,1,10,94
719,1,Southern Philippines Medical Center (SPMC),20/10/2025,O-,Platelet Concentrate,0,10,95
720,1,Southern Philippines Medical Center (SPMC),27/10/2025,O-,Platelet Concentrate,1,10,96
721,1,Southern Philippines Medical Center (SPMC),03/11/2025,O-,Platelet Concentrate,1,11,97
722,1,Southern Philippines Medical Center (SPMC),10/11/2025,O-,Platelet Concentrate,1,11,98
723,1,Southern Philippines Medical Center (SPMC),17/11/2025,O-,Platelet Concentrate,1,11,99
724,1,Southern Philippines Medical Center (SPMC),24/11/2025,O-,Platelet Concentrate,1,11,100
725,1,Southern Philippines Medical Center (SPMC),01/12/2025,O-,Platelet Concentrate,0,12,101
726,1,Southern Philippines Medical Center (SPMC),08/12/2025,O-,Platelet Concentrate,1,12,102
727,1,Southern Philippines Medical Center (SPMC),15/12/2025,O-,Platelet Concentrate,1,12,103
728,1,Southern Philippines Medical Center (SPMC),22/12/2025,O-,Platelet Concentrate,1,12,104
729,1,Southern Philippines Medical Center (SPMC),01/01/2024,O-,FFP,1,1,1
730,1,Southern Philippines Medical Center (SPMC),08/01/2024,O-,FFP,2,1,2
731,1,Southern Philippines Medical Center (SPMC),15/01/2024,O-,FFP,1,1,3
732,1,Southern Philippines Medical Center (SPMC),22/01/2024,O-,FFP,1,1,4
733,1,Southern Philippines Medical Center (SPMC),29/01/2024,O-,FFP,1,1,5
734,1,Southern Philippines Medical Center (SPMC),05/02/2024,O-,FFP,1,2,6
735,1,Southern Philippines Medical Center (SPMC),12/02/2024,O-,FFP,1,2,7
736,1,Southern Philippines Medical Center (SPMC),19/02/2024,O-,FFP,1,2,8
737,1,Southern Philippines Medical Center (SPMC),26/02/2024,O-,FFP,1,2,9
738,1,Southern Philippines Medical Center (SPMC),04/03/2024,O-,FFP,1,3,10
739,1,Southern Philippines Medical Center (SPMC),11/03/2024,O-,FFP,1,3,11
740,1,Southern Philippines Medical Center (SPMC),18/03/2024,O-,FFP,1,3,12
741,1,Southern Philippines Medical Center (SPMC),25/03/2024,O-,FFP,1,3,13
742,1,Southern Philippines Medical Center (SPMC),01/04/2024,O-,FFP,1,4,14
743,1,Southern Philippines Medical Center (SPMC),08/04/2024,O-,FFP,1,4,15
744,1,Southern Philippines Medical Center (SPMC),15/04/2024,O-,FFP,1,4,16
745,1,Southern Philippines Medical Center (SPMC),22/04/2024,O-,FFP,1,4,17
746,1,Southern Philippines Medical Center (SPMC),29/04/2024,O-,FFP,1,4,18
747,1,Southern Philippines Medical Center (SPMC),06/05/2024,O-,FFP,1,5,19
748,1,Southern Philippines Medical Center (SPMC),13/05/2024,O-,FFP,1,5,20
749,1,Southern Philippines Medical Center (SPMC),20/05/2024,O-,FFP,1,5,21
750,1,Southern Philippines Medical Center (SPMC),27/05/2024,O-,FFP,1,5,22
751,1,Southern Philippines Medical Center (SPMC),03/06/2024,O-,FFP,0,6,23
752,1,Southern Philippines Medical Center (SPMC),10/06/2024,O-,FFP,1,6,24
753,1,Southern Philippines Medical Center (SPMC),17/06/2024,O-,FFP,1,6,25
754,1,Southern Philippines Medical Center (SPMC),24/06/2024,O-,FFP,1,6,26
755,1,Southern Philippines Medical Center (SPMC),01/07/2024,O-,FFP,1,7,27
756,1,Southern Philippines Medical Center (SPMC),08/07/2024,O-,FFP,1,7,28
757,1,Southern Philippines Medical Center (SPMC),15/07/2024,O-,FFP,1,7,29
758,1,Southern Philippines Medical Center (SPMC),22/07/2024,O-,FFP,1,7,30
759,1,Southern Philippines Medical Center (SPMC),29/07/2024,O-,FFP,0,7,31
760,1,Southern Philippines Medical Center (SPMC),05/08/2024,O-,FFP,1,8,32
761,1,Southern Philippines Medical Center (SPMC),12/08/2024,O-,FFP,1,8,33
762,1,Southern Philippines Medical Center (SPMC),19/08/2024,O-,FFP,2,8,34
763,1,Southern Philippines Medical Center (SPMC),26/08/2024,O-,FFP,1,8,35
764,1,Southern Philippines Medical Center (SPMC),02/09/2024,O-,FFP,1,9,36
765,1,Southern Philippines Medical Center (SPMC),09/09/2024,O-,FFP,1,9,37
766,1,Southern Philippines Medical Center (SPMC),16/09/2024,O-,FFP,1,9,38
767,1,Southern Philippines Medical Center (SPMC),23/09/2024,O-,FFP,1,9,39
768,1,Southern Philippines Medical Center (SPMC),30/09/2024,O-,FFP,1,9,40
769,1,Southern Philippines Medical Center (SPMC),07/10/2024,O-,FFP,1,10,41
770,1,Southern Philippines Medical Center (SPMC),14/10/2024,O-,FFP,1,10,42
771,1,Southern Philippines Medical Center (SPMC),21/10/2024,O-,FFP,1,10,43
772,1,Southern Philippines Medical Center (SPMC),28/10/2024,O-,FFP,1,10,44
773,1,Southern Philippines Medical Center (SPMC),04/11/2024,O-,FFP,1,11,45
774,1,Southern Philippines Medical Center (SPMC),11/11/2024,O-,FFP,1,11,46
775,1,Southern Philippines Medical Center (SPMC),18/11/2024,O-,FFP,1,11,47
776,1,Southern Philippines Medical Center (SPMC),25/11/2024,O-,FFP,1,11,48
777,1,Southern Philippines Medical Center (SPMC),02/12/2024,O-,FFP,1,12,49
778,1,Southern Philippines Medical Center (SPMC),09/12/2024,O-,FFP,1,12,50
779,1,Southern Philippines Medical Center (SPMC),16/12/2024,O-,FFP,1,12,51
780,1,Southern Philippines Medical Center (SPMC),23/12/2024,O-,FFP,1,12,52
781,1,Southern Philippines Medical Center (SPMC),30/12/2024,O-,FFP,1,12,53
782,1,Southern Philippines Medical Center (SPMC),06/01/2025,O-,FFP,1,1,54
783,1,Southern Philippines Medical Center (SPMC),13/01/2025,O-,FFP,1,1,55
784,1,Southern Philippines Medical Center (SPMC),20/01/2025,O-,FFP,2,1,56
785,1,Southern Philippines Medical Center (SPMC),27/01/2025,O-,FFP,0,1,57
786,1,Southern Philippines Medical Center (SPMC),03/02/2025,O-,FFP,1,2,58
787,1,Southern Philippines Medical Center (SPMC),10/02/2025,O-,FFP,1,2,59
788,1,Southern Philippines Medical Center (SPMC),17/02/2025,O-,FFP,0,2,60
789,1,Southern Philippines Medical Center (SPMC),24/02/2025,O-,FFP,1,2,61
790,1,Southern Philippines Medical Center (SPMC),03/03/2025,O-,FFP,1,3,62
791,1,Southern Philippines Medical Center (SPMC),10/03/2025,O-,FFP,1,3,63
792,1,Southern Philippines Medical Center (SPMC),17/03/2025,O-,FFP,1,3,64
793,1,Southern Philippines Medical Center (SPMC),24/03/2025,O-,FFP,1,3,65
794,1,Southern Philippines Medical Center (SPMC),31/03/2025,O-,FFP,1,3,66
795,1,Southern Philippines Medical Center (SPMC),07/04/2025,O-,FFP,1,4,67
796,1,Southern Philippines Medical Center (SPMC),14/04/2025,O-,FFP,1,4,68
797,1,Southern Philippines Medical Center (SPMC),21/04/2025,O-,FFP,1,4,69
798,1,Southern Philippines Medical Center (SPMC),28/04/2025,O-,FFP,1,4,70
799,1,Southern Philippines Medical Center (SPMC),05/05/2025,O-,FFP,2,5,71
800,1,Southern Philippines Medical Center (SPMC),12/05/2025,O-,FFP,2,5,72
801,1,Southern Philippines Medical Center (SPMC),19/05/2025,O-,FFP,0,5,73
802,1,Southern Philippines Medical Center (SPMC),26/05/2025,O-,FFP,1,5,74
803,1,Southern Philippines Medical Center (SPMC),02/06/2025,O-,FFP,1,6,75
804,1,Southern Philippines Medical Center (SPMC),09/06/2025,O-,FFP,1,6,76
805,1,Southern Philippines Medical Center (SPMC),16/06/2025,O-,FFP,1,6,77
806,1,Southern Philippines Medical Center (SPMC),23/06/2025,O-,FFP,1,6,78
807,1,Southern Philippines Medical Center (SPMC),30/06/2025,O-,FFP,1,6,79
808,1,Southern Philippines Medical Center (SPMC),07/07/2025,O-,FFP,1,7,80
809,1,Southern Philippines Medical Center (SPMC),14/07/2025,O-,FFP,1,7,81
810,1,Southern Philippines Medical Center (SPMC),21/07/2025,O-,FFP,1,7,82
811,1,Southern Philippines Medical Center (SPMC),28/07/2025,O-,FFP,1,7,83
812,1,Southern Philippines Medical Center (SPMC),04/08/2025,O-,FFP,1,8,84
813,1,Southern Philippines Medical Center (SPMC),11/08/2025,O-,FFP,1,8,85
814,1,Southern Philippines Medical Center (SPMC),18/08/2025,O-,FFP,1,8,86
815,1,Southern Philippines Medical Center (SPMC),25/08/2025,O-,FFP,1,8,87
816,1,Southern Philippines Medical Center (SPMC),01/09/2025,O-,FFP,1,9,88
817,1,Southern Philippines Medical Center (SPMC),08/09/2025,O-,FFP,1,9,89
818,1,Southern Philippines Medical Center (SPMC),15/09/2025,O-,FFP,1,9,90
819,1,Southern Philippines Medical Center (SPMC),22/09/2025,O-,FFP,1,9,91
820,1,Southern Philippines Medical Center (SPMC),29/09/2025,O-,FFP,1,9,92
821,1,Southern Philippines Medical Center (SPMC),06/10/2025,O-,FFP,1,10,93
822,1,Southern Philippines Medical Center (SPMC),13/10/2025,O-,FFP,1,10,94
823,1,Southern Philippines Medical Center (SPMC),20/10/2025,O-,FFP,1,10,95
824,1,Southern Philippines Medical Center (SPMC),27/10/2025,O-,FFP,1,10,96
825,1,Southern Philippines Medical Center (SPMC),03/11/2025,O-,FFP,1,11,97
826,1,Southern Philippines Medical Center (SPMC),10/11/2025,O-,FFP,1,11,98
827,1,Southern Philippines Medical Center (SPMC),17/11/2025,O-,FFP,1,11,99
828,1,Southern Philippines Medical Center (SPMC),24/11/2025,O-,FFP,1,11,100
829,1,Southern Philippines Medical Center (SPMC),01/12/2025,O-,FFP,1,12,101
830,1,Southern Philippines Medical Center (SPMC),08/12/2025,O-,FFP,1,12,102
831,1,Southern Philippines Medical Center (SPMC),15/12/2025,O-,FFP,1,12,103
832,1,Southern Philippines Medical Center (SPMC),22/12/2025,O-,FFP,1,12,104
833,1,Southern Philippines Medical Center (SPMC),01/01/2024,A+,PRBC,10,1,1
834,1,Southern Philippines Medical Center (SPMC),08/01/2024,A+,PRBC,9,1,2
835,1,Southern Philippines Medical Center (SPMC),15/01/2024,A+,PRBC,10,1,3
836,1,Southern Philippines Medical Center (SPMC),22/01/2024,A+,PRBC,11,1,4
837,1,Southern Philippines Medical Center (SPMC),29/01/2024,A+,PRBC,11,1,5
838,1,Southern Philippines Medical Center (SPMC),05/02/2024,A+,PRBC,11,2,6
839,1,Southern Philippines Medical Center (SPMC),12/02/2024,A+,PRBC,11,2,7
840,1,Southern Philippines Medical Center (SPMC),19/02/2024,A+,PRBC,10,2,8
841,1,Southern Philippines Medical Center (SPMC),26/02/2024,A+,PRBC,11,2,9
842,1,Southern Philippines Medical Center (SPMC),04/03/2024,A+,PRBC,10,3,10
843,1,Southern Philippines Medical Center (SPMC),11/03/2024,A+,PRBC,10,3,11
844,1,Southern Philippines Medical Center (SPMC),18/03/2024,A+,PRBC,9,3,12
845,1,Southern Philippines Medical Center (SPMC),25/03/2024,A+,PRBC,10,3,13
846,1,Southern Philippines Medical Center (SPMC),01/04/2024,A+,PRBC,11,4,14
847,1,Southern Philippines Medical Center (SPMC),08/04/2024,A+,PRBC,11,4,15
848,1,Southern Philippines Medical Center (SPMC),15/04/2024,A+,PRBC,8,4,16
849,1,Southern Philippines Medical Center (SPMC),22/04/2024,A+,PRBC,10,4,17
850,1,Southern Philippines Medical Center (SPMC),29/04/2024,A+,PRBC,8,4,18
851,1,Southern Philippines Medical Center (SPMC),06/05/2024,A+,PRBC,10,5,19
852,1,Southern Philippines Medical Center (SPMC),13/05/2024,A+,PRBC,9,5,20
853,1,Southern Philippines Medical Center (SPMC),20/05/2024,A+,PRBC,13,5,21
854,1,Southern Philippines Medical Center (SPMC),27/05/2024,A+,PRBC,10,5,22
855,1,Southern Philippines Medical Center (SPMC),03/06/2024,A+,PRBC,11,6,23
856,1,Southern Philippines Medical Center (SPMC),10/06/2024,A+,PRBC,13,6,24
857,1,Southern Philippines Medical Center (SPMC),17/06/2024,A+,PRBC,9,6,25
858,1,Southern Philippines Medical Center (SPMC),24/06/2024,A+,PRBC,11,6,26
859,1,Southern Philippines Medical Center (SPMC),01/07/2024,A+,PRBC,8,7,27
860,1,Southern Philippines Medical Center (SPMC),08/07/2024,A+,PRBC,11,7,28
861,1,Southern Philippines Medical Center (SPMC),15/07/2024,A+,PRBC,13,7,29
862,1,Southern Philippines Medical Center (SPMC),22/07/2024,A+,PRBC,9,7,30
863,1,Southern Philippines Medical Center (SPMC),29/07/2024,A+,PRBC,9,7,31
864,1,Southern Philippines Medical Center (SPMC),05/08/2024,A+,PRBC,10,8,32
865,1,Southern Philippines Medical Center (SPMC),12/08/2024,A+,PRBC,13,8,33
866,1,Southern Philippines Medical Center (SPMC),19/08/2024,A+,PRBC,11,8,34
867,1,Southern Philippines Medical Center (SPMC),26/08/2024,A+,PRBC,9,8,35
868,1,Southern Philippines Medical Center (SPMC),02/09/2024,A+,PRBC,12,9,36
869,1,Southern Philippines Medical Center (SPMC),09/09/2024,A+,PRBC,8,9,37
870,1,Southern Philippines Medical Center (SPMC),16/09/2024,A+,PRBC,13,9,38
871,1,Southern Philippines Medical Center (SPMC),23/09/2024,A+,PRBC,12,9,39
872,1,Southern Philippines Medical Center (SPMC),30/09/2024,A+,PRBC,13,9,40
873,1,Southern Philippines Medical Center (SPMC),07/10/2024,A+,PRBC,8,10,41
874,1,Southern Philippines Medical Center (SPMC),14/10/2024,A+,PRBC,11,10,42
875,1,Southern Philippines Medical Center (SPMC),21/10/2024,A+,PRBC,10,10,43
876,1,Southern Philippines Medical Center (SPMC),28/10/2024,A+,PRBC,9,10,44
877,1,Southern Philippines Medical Center (SPMC),04/11/2024,A+,PRBC,8,11,45
878,1,Southern Philippines Medical Center (SPMC),11/11/2024,A+,PRBC,11,11,46
879,1,Southern Philippines Medical Center (SPMC),18/11/2024,A+,PRBC,11,11,47
880,1,Southern Philippines Medical Center (SPMC),25/11/2024,A+,PRBC,12,11,48
881,1,Southern Philippines Medical Center (SPMC),02/12/2024,A+,PRBC,11,12,49
882,1,Southern Philippines Medical Center (SPMC),09/12/2024,A+,PRBC,11,12,50
883,1,Southern Philippines Medical Center (SPMC),16/12/2024,A+,PRBC,10,12,51
884,1,Southern Philippines Medical Center (SPMC),23/12/2024,A+,PRBC,14,12,52
885,1,Southern Philippines Medical Center (SPMC),30/12/2024,A+,PRBC,12,12,53
886,1,Southern Philippines Medical Center (SPMC),06/01/2025,A+,PRBC,12,1,54
887,1,Southern Philippines Medical Center (SPMC),13/01/2025,A+,PRBC,12,1,55
888,1,Southern Philippines Medical Center (SPMC),20/01/2025,A+,PRBC,13,1,56
889,1,Southern Philippines Medical Center (SPMC),27/01/2025,A+,PRBC,10,1,57
890,1,Southern Philippines Medical Center (SPMC),03/02/2025,A+,PRBC,11,2,58
891,1,Southern Philippines Medical Center (SPMC),10/02/2025,A+,PRBC,10,2,59
892,1,Southern Philippines Medical Center (SPMC),17/02/2025,A+,PRBC,14,2,60
893,1,Southern Philippines Medical Center (SPMC),24/02/2025,A+,PRBC,9,2,61
894,1,Southern Philippines Medical Center (SPMC),03/03/2025,A+,PRBC,12,3,62
895,1,Southern Philippines Medical Center (SPMC),10/03/2025,A+,PRBC,11,3,63
896,1,Southern Philippines Medical Center (SPMC),17/03/2025,A+,PRBC,11,3,64
897,1,Southern Philippines Medical Center (SPMC),24/03/2025,A+,PRBC,11,3,65
898,1,Southern Philippines Medical Center (SPMC),31/03/2025,A+,PRBC,13,3,66
899,1,Southern Philippines Medical Center (SPMC),07/04/2025,A+,PRBC,11,4,67
900,1,Southern Philippines Medical Center (SPMC),14/04/2025,A+,PRBC,8,4,68
901,1,Southern Philippines Medical Center (SPMC),21/04/2025,A+,PRBC,12,4,69
902,1,Southern Philippines Medical Center (SPMC),28/04/2025,A+,PRBC,12,4,70
903,1,Southern Philippines Medical Center (SPMC),05/05/2025,A+,PRBC,11,5,71
904,1,Southern Philippines Medical Center (SPMC),12/05/2025,A+,PRBC,9,5,72
905,1,Southern Philippines Medical Center (SPMC),19/05/2025,A+,PRBC,9,5,73
906,1,Southern Philippines Medical Center (SPMC),26/05/2025,A+,PRBC,8,5,74
907,1,Southern Philippines Medical Center (SPMC),02/06/2025,A+,PRBC,11,6,75
908,1,Southern Philippines Medical Center (SPMC),09/06/2025,A+,PRBC,9,6,76
909,1,Southern Philippines Medical Center (SPMC),16/06/2025,A+,PRBC,8,6,77
910,1,Southern Philippines Medical Center (SPMC),23/06/2025,A+,PRBC,13,6,78
911,1,Southern Philippines Medical Center (SPMC),30/06/2025,A+,PRBC,12,6,79
912,1,Southern Philippines Medical Center (SPMC),07/07/2025,A+,PRBC,10,7,80
913,1,Southern Philippines Medical Center (SPMC),14/07/2025,A+,PRBC,10,7,81
914,1,Southern Philippines Medical Center (SPMC),21/07/2025,A+,PRBC,7,7,82
915,1,Southern Philippines Medical Center (SPMC),28/07/2025,A+,PRBC,12,7,83
916,1,Southern Philippines Medical Center (SPMC),04/08/2025,A+,PRBC,10,8,84
917,1,Southern Philippines Medical Center (SPMC),11/08/2025,A+,PRBC,11,8,85
918,1,Southern Philippines Medical Center (SPMC),18/08/2025,A+,PRBC,7,8,86
919,1,Southern Philippines Medical Center (SPMC),25/08/2025,A+,PRBC,12,8,87
920,1,Southern Philippines Medical Center (SPMC),01/09/2025,A+,PRBC,10,9,88
921,1,Southern Philippines Medical Center (SPMC),08/09/2025,A+,PRBC,9,9,89
922,1,Southern Philippines Medical Center (SPMC),15/09/2025,A+,PRBC,10,9,90
923,1,Southern Philippines Medical Center (SPMC),22/09/2025,A+,PRBC,10,9,91
924,1,Southern Philippines Medical Center (SPMC),29/09/2025,A+,PRBC,12,9,92
925,1,Southern Philippines Medical Center (SPMC),06/10/2025,A+,PRBC,10,10,93
926,1,Southern Philippines Medical Center (SPMC),13/10/2025,A+,PRBC,13,10,94
927,1,Southern Philippines Medical Center (SPMC),20/10/2025,A+,PRBC,11,10,95
928,1,Southern Philippines Medical Center (SPMC),27/10/2025,A+,PRBC,12,10,96
929,1,Southern Philippines Medical Center (SPMC),03/11/2025,A+,PRBC,11,11,97
930,1,Southern Philippines Medical Center (SPMC),10/11/2025,A+,PRBC,13,11,98
931,1,Southern Philippines Medical Center (SPMC),17/11/2025,A+,PRBC,9,11,99
932,1,Southern Philippines Medical Center (SPMC),24/11/2025,A+,PRBC,11,11,100
933,1,Southern Philippines Medical Center (SPMC),01/12/2025,A+,PRBC,12,12,101
934,1,Southern Philippines Medical Center (SPMC),08/12/2025,A+,PRBC,14,12,102
935,1,Southern Philippines Medical Center (SPMC),15/12/2025,A+,PRBC,14,12,103
936,1,Southern Philippines Medical Center (SPMC),22/12/2025,A+,PRBC,12,12,104
937,1,Southern Philippines Medical Center (SPMC),01/01/2024,A+,Platelet Concentrate,2,1,1
938,1,Southern Philippines Medical Center (SPMC),08/01/2024,A+,Platelet Concentrate,3,1,2
939,1,Southern Philippines Medical Center (SPMC),15/01/2024,A+,Platelet Concentrate,2,1,3
940,1,Southern Philippines Medical Center (SPMC),22/01/2024,A+,Platelet Concentrate,4,1,4
941,1,Southern Philippines Medical Center (SPMC),29/01/2024,A+,Platelet Concentrate,3,1,5
942,1,Southern Philippines Medical Center (SPMC),05/02/2024,A+,Platelet Concentrate,3,2,6
943,1,Southern Philippines Medical Center (SPMC),12/02/2024,A+,Platelet Concentrate,2,2,7
944,1,Southern Philippines Medical Center (SPMC),19/02/2024,A+,Platelet Concentrate,2,2,8
945,1,Southern Philippines Medical Center (SPMC),26/02/2024,A+,Platelet Concentrate,3,2,9
946,1,Southern Philippines Medical Center (SPMC),04/03/2024,A+,Platelet Concentrate,3,3,10
947,1,Southern Philippines Medical Center (SPMC),11/03/2024,A+,Platelet Concentrate,3,3,11
948,1,Southern Philippines Medical Center (SPMC),18/03/2024,A+,Platelet Concentrate,2,3,12
949,1,Southern Philippines Medical Center (SPMC),25/03/2024,A+,Platelet Concentrate,3,3,13
950,1,Southern Philippines Medical Center (SPMC),01/04/2024,A+,Platelet Concentrate,3,4,14
951,1,Southern Philippines Medical Center (SPMC),08/04/2024,A+,Platelet Concentrate,3,4,15
952,1,Southern Philippines Medical Center (SPMC),15/04/2024,A+,Platelet Concentrate,3,4,16
953,1,Southern Philippines Medical Center (SPMC),22/04/2024,A+,Platelet Concentrate,3,4,17
954,1,Southern Philippines Medical Center (SPMC),29/04/2024,A+,Platelet Concentrate,3,4,18
955,1,Southern Philippines Medical Center (SPMC),06/05/2024,A+,Platelet Concentrate,2,5,19
956,1,Southern Philippines Medical Center (SPMC),13/05/2024,A+,Platelet Concentrate,3,5,20
957,1,Southern Philippines Medical Center (SPMC),20/05/2024,A+,Platelet Concentrate,3,5,21
958,1,Southern Philippines Medical Center (SPMC),27/05/2024,A+,Platelet Concentrate,3,5,22
959,1,Southern Philippines Medical Center (SPMC),03/06/2024,A+,Platelet Concentrate,3,6,23
960,1,Southern Philippines Medical Center (SPMC),10/06/2024,A+,Platelet Concentrate,3,6,24
961,1,Southern Philippines Medical Center (SPMC),17/06/2024,A+,Platelet Concentrate,3,6,25
962,1,Southern Philippines Medical Center (SPMC),24/06/2024,A+,Platelet Concentrate,3,6,26
963,1,Southern Philippines Medical Center (SPMC),01/07/2024,A+,Platelet Concentrate,3,7,27
964,1,Southern Philippines Medical Center (SPMC),08/07/2024,A+,Platelet Concentrate,3,7,28
965,1,Southern Philippines Medical Center (SPMC),15/07/2024,A+,Platelet Concentrate,2,7,29
966,1,Southern Philippines Medical Center (SPMC),22/07/2024,A+,Platelet Concentrate,2,7,30
967,1,Southern Philippines Medical Center (SPMC),29/07/2024,A+,Platelet Concentrate,2,7,31
968,1,Southern Philippines Medical Center (SPMC),05/08/2024,A+,Platelet Concentrate,2,8,32
969,1,Southern Philippines Medical Center (SPMC),12/08/2024,A+,Platelet Concentrate,3,8,33
970,1,Southern Philippines Medical Center (SPMC),19/08/2024,A+,Platelet Concentrate,3,8,34
971,1,Southern Philippines Medical Center (SPMC),26/08/2024,A+,Platelet Concentrate,3,8,35
972,1,Southern Philippines Medical Center (SPMC),02/09/2024,A+,Platelet Concentrate,3,9,36
973,1,Southern Philippines Medical Center (SPMC),09/09/2024,A+,Platelet Concentrate,3,9,37
974,1,Southern Philippines Medical Center (SPMC),16/09/2024,A+,Platelet Concentrate,3,9,38
975,1,Southern Philippines Medical Center (SPMC),23/09/2024,A+,Platelet Concentrate,2,9,39
976,1,Southern Philippines Medical Center (SPMC),30/09/2024,A+,Platelet Concentrate,2,9,40
977,1,Southern Philippines Medical Center (SPMC),07/10/2024,A+,Platelet Concentrate,2,10,41
978,1,Southern Philippines Medical Center (SPMC),14/10/2024,A+,Platelet Concentrate,2,10,42
979,1,Southern Philippines Medical Center (SPMC),21/10/2024,A+,Platelet Concentrate,2,10,43
980,1,Southern Philippines Medical Center (SPMC),28/10/2024,A+,Platelet Concentrate,3,10,44
981,1,Southern Philippines Medical Center (SPMC),04/11/2024,A+,Platelet Concentrate,2,11,45
982,1,Southern Philippines Medical Center (SPMC),11/11/2024,A+,Platelet Concentrate,3,11,46
983,1,Southern Philippines Medical Center (SPMC),18/11/2024,A+,Platelet Concentrate,3,11,47
984,1,Southern Philippines Medical Center (SPMC),25/11/2024,A+,Platelet Concentrate,3,11,48
985,1,Southern Philippines Medical Center (SPMC),02/12/2024,A+,Platelet Concentrate,4,12,49
986,1,Southern Philippines Medical Center (SPMC),09/12/2024,A+,Platelet Concentrate,3,12,50
987,1,Southern Philippines Medical Center (SPMC),16/12/2024,A+,Platelet Concentrate,3,12,51
988,1,Southern Philippines Medical Center (SPMC),23/12/2024,A+,Platelet Concentrate,2,12,52
989,1,Southern Philippines Medical Center (SPMC),30/12/2024,A+,Platelet Concentrate,3,12,53
990,1,Southern Philippines Medical Center (SPMC),06/01/2025,A+,Platelet Concentrate,2,1,54
991,1,Southern Philippines Medical Center (SPMC),13/01/2025,A+,Platelet Concentrate,3,1,55
992,1,Southern Philippines Medical Center (SPMC),20/01/2025,A+,Platelet Concentrate,3,1,56
993,1,Southern Philippines Medical Center (SPMC),27/01/2025,A+,Platelet Concentrate,3,1,57
994,1,Southern Philippines Medical Center (SPMC),03/02/2025,A+,Platelet Concentrate,2,2,58
995,1,Southern Philippines Medical Center (SPMC),10/02/2025,A+,Platelet Concentrate,2,2,59
996,1,Southern Philippines Medical Center (SPMC),17/02/2025,A+,Platelet Concentrate,3,2,60
997,1,Southern Philippines Medical Center (SPMC),24/02/2025,A+,Platelet Concentrate,3,2,61
998,1,Southern Philippines Medical Center (SPMC),03/03/2025,A+,Platelet Concentrate,2,3,62
999,1,Southern Philippines Medical Center (SPMC),10/03/2025,A+,Platelet Concentrate,3,3,63
1000,1,Southern Philippines Medical Center (SPMC),17/03/2025,A+,Platelet Concentrate,3,3,64
1001,1,Southern Philippines Medical Center (SPMC),24/03/2025,A+,Platelet Concentrate,3,3,65
1002,1,Southern Philippines Medical Center (SPMC),31/03/2025,A+,Platelet Concentrate,2,3,66
1003,1,Southern Philippines Medical Center (SPMC),07/04/2025,A+,Platelet Concentrate,3,4,67
1004,1,Southern Philippines Medical Center (SPMC),14/04/2025,A+,Platelet Concentrate,4,4,68
1005,1,Southern Philippines Medical Center (SPMC),21/04/2025,A+,Platelet Concentrate,3,4,69
1006,1,Southern Philippines Medical Center (SPMC),28/04/2025,A+,Platelet Concentrate,3,4,70
1007,1,Southern Philippines Medical Center (SPMC),05/05/2025,A+,Platelet Concentrate,3,5,71
1008,1,Southern Philippines Medical Center (SPMC),12/05/2025,A+,Platelet Concentrate,3,5,72
1009,1,Southern Philippines Medical Center (SPMC),19/05/2025,A+,Platelet Concentrate,3,5,73
1010,1,Southern Philippines Medical Center (SPMC),26/05/2025,A+,Platelet Concentrate,4,5,74
1011,1,Southern Philippines Medical Center (SPMC),02/06/2025,A+,Platelet Concentrate,3,6,75
1012,1,Southern Philippines Medical Center (SPMC),09/06/2025,A+,Platelet Concentrate,3,6,76
1013,1,Southern Philippines Medical Center (SPMC),16/06/2025,A+,Platelet Concentrate,3,6,77
1014,1,Southern Philippines Medical Center (SPMC),23/06/2025,A+,Platelet Concentrate,2,6,78
1015,1,Southern Philippines Medical Center (SPMC),30/06/2025,A+,Platelet Concentrate,3,6,79
1016,1,Southern Philippines Medical Center (SPMC),07/07/2025,A+,Platelet Concentrate,3,7,80
1017,1,Southern Philippines Medical Center (SPMC),14/07/2025,A+,Platelet Concentrate,3,7,81
1018,1,Southern Philippines Medical Center (SPMC),21/07/2025,A+,Platelet Concentrate,3,7,82
1019,1,Southern Philippines Medical Center (SPMC),28/07/2025,A+,Platelet Concentrate,3,7,83
1020,1,Southern Philippines Medical Center (SPMC),04/08/2025,A+,Platelet Concentrate,3,8,84
1021,1,Southern Philippines Medical Center (SPMC),11/08/2025,A+,Platelet Concentrate,3,8,85
1022,1,Southern Philippines Medical Center (SPMC),18/08/2025,A+,Platelet Concentrate,3,8,86
1023,1,Southern Philippines Medical Center (SPMC),25/08/2025,A+,Platelet Concentrate,3,8,87
1024,1,Southern Philippines Medical Center (SPMC),01/09/2025,A+,Platelet Concentrate,3,9,88
1025,1,Southern Philippines Medical Center (SPMC),08/09/2025,A+,Platelet Concentrate,3,9,89
1026,1,Southern Philippines Medical Center (SPMC),15/09/2025,A+,Platelet Concentrate,3,9,90
1027,1,Southern Philippines Medical Center (SPMC),22/09/2025,A+,Platelet Concentrate,3,9,91
1028,1,Southern Philippines Medical Center (SPMC),29/09/2025,A+,Platelet Concentrate,3,9,92
1029,1,Southern Philippines Medical Center (SPMC),06/10/2025,A+,Platelet Concentrate,3,10,93
1030,1,Southern Philippines Medical Center (SPMC),13/10/2025,A+,Platelet Concentrate,3,10,94
1031,1,Southern Philippines Medical Center (SPMC),20/10/2025,A+,Platelet Concentrate,3,10,95
1032,1,Southern Philippines Medical Center (SPMC),27/10/2025,A+,Platelet Concentrate,3,10,96
1033,1,Southern Philippines Medical Center (SPMC),03/11/2025,A+,Platelet Concentrate,3,11,97
1034,1,Southern Philippines Medical Center (SPMC),10/11/2025,A+,Platelet Concentrate,3,11,98
1035,1,Southern Philippines Medical Center (SPMC),17/11/2025,A+,Platelet Concentrate,3,11,99
1036,1,Southern Philippines Medical Center (SPMC),24/11/2025,A+,Platelet Concentrate,3,11,100
1037,1,Southern Philippines Medical Center (SPMC),01/12/2025,A+,Platelet Concentrate,4,12,101
1038,1,Southern Philippines Medical Center (SPMC),08/12/2025,A+,Platelet Concentrate,4,12,102
1039,1,Southern Philippines Medical Center (SPMC),15/12/2025,A+,Platelet Concentrate,4,12,103
1040,1,Southern Philippines Medical Center (SPMC),22/12/2025,A+,Platelet Concentrate,3,12,104
1041,1,Southern Philippines Medical Center (SPMC),01/01/2024,A+,FFP,4,1,1
1042,1,Southern Philippines Medical Center (SPMC),08/01/2024,A+,FFP,4,1,2
1043,1,Southern Philippines Medical Center (SPMC),15/01/2024,A+,FFP,4,1,3
1044,1,Southern Philippines Medical Center (SPMC),22/01/2024,A+,FFP,3,1,4
1045,1,Southern Philippines Medical Center (SPMC),29/01/2024,A+,FFP,5,1,5
1046,1,Southern Philippines Medical Center (SPMC),05/02/2024,A+,FFP,4,2,6
1047,1,Southern Philippines Medical Center (SPMC),12/02/2024,A+,FFP,3,2,7
1048,1,Southern Philippines Medical Center (SPMC),19/02/2024,A+,FFP,2,2,8
1049,1,Southern Philippines Medical Center (SPMC),26/02/2024,A+,FFP,4,2,9
1050,1,Southern Philippines Medical Center (SPMC),04/03/2024,A+,FFP,4,3,10
1051,1,Southern Philippines Medical Center (SPMC),11/03/2024,A+,FFP,3,3,11
1052,1,Southern Philippines Medical Center (SPMC),18/03/2024,A+,FFP,3,3,12
1053,1,Southern Philippines Medical Center (SPMC),25/03/2024,A+,FFP,4,3,13
1054,1,Southern Philippines Medical Center (SPMC),01/04/2024,A+,FFP,3,4,14
1055,1,Southern Philippines Medical Center (SPMC),08/04/2024,A+,FFP,4,4,15
1056,1,Southern Philippines Medical Center (SPMC),15/04/2024,A+,FFP,3,4,16
1057,1,Southern Philippines Medical Center (SPMC),22/04/2024,A+,FFP,4,4,17
1058,1,Southern Philippines Medical Center (SPMC),29/04/2024,A+,FFP,4,4,18
1059,1,Southern Philippines Medical Center (SPMC),06/05/2024,A+,FFP,4,5,19
1060,1,Southern Philippines Medical Center (SPMC),13/05/2024,A+,FFP,4,5,20
1061,1,Southern Philippines Medical Center (SPMC),20/05/2024,A+,FFP,4,5,21
1062,1,Southern Philippines Medical Center (SPMC),27/05/2024,A+,FFP,4,5,22
1063,1,Southern Philippines Medical Center (SPMC),03/06/2024,A+,FFP,4,6,23
1064,1,Southern Philippines Medical Center (SPMC),10/06/2024,A+,FFP,3,6,24
1065,1,Southern Philippines Medical Center (SPMC),17/06/2024,A+,FFP,4,6,25
1066,1,Southern Philippines Medical Center (SPMC),24/06/2024,A+,FFP,4,6,26
1067,1,Southern Philippines Medical Center (SPMC),01/07/2024,A+,FFP,5,7,27
1068,1,Southern Philippines Medical Center (SPMC),08/07/2024,A+,FFP,4,7,28
1069,1,Southern Philippines Medical Center (SPMC),15/07/2024,A+,FFP,3,7,29
1070,1,Southern Philippines Medical Center (SPMC),22/07/2024,A+,FFP,3,7,30
1071,1,Southern Philippines Medical Center (SPMC),29/07/2024,A+,FFP,4,7,31
1072,1,Southern Philippines Medical Center (SPMC),05/08/2024,A+,FFP,3,8,32
1073,1,Southern Philippines Medical Center (SPMC),12/08/2024,A+,FFP,4,8,33
1074,1,Southern Philippines Medical Center (SPMC),19/08/2024,A+,FFP,4,8,34
1075,1,Southern Philippines Medical Center (SPMC),26/08/2024,A+,FFP,4,8,35
1076,1,Southern Philippines Medical Center (SPMC),02/09/2024,A+,FFP,4,9,36
1077,1,Southern Philippines Medical Center (SPMC),09/09/2024,A+,FFP,5,9,37
1078,1,Southern Philippines Medical Center (SPMC),16/09/2024,A+,FFP,3,9,38
1079,1,Southern Philippines Medical Center (SPMC),23/09/2024,A+,FFP,4,9,39
1080,1,Southern Philippines Medical Center (SPMC),30/09/2024,A+,FFP,3,9,40
1081,1,Southern Philippines Medical Center (SPMC),07/10/2024,A+,FFP,5,10,41
1082,1,Southern Philippines Medical Center (SPMC),14/10/2024,A+,FFP,3,10,42
1083,1,Southern Philippines Medical Center (SPMC),21/10/2024,A+,FFP,3,10,43
1084,1,Southern Philippines Medical Center (SPMC),28/10/2024,A+,FFP,4,10,44
1085,1,Southern Philippines Medical Center (SPMC),04/11/2024,A+,FFP,4,11,45
1086,1,Southern Philippines Medical Center (SPMC),11/11/2024,A+,FFP,4,11,46
1087,1,Southern Philippines Medical Center (SPMC),18/11/2024,A+,FFP,3,11,47
1088,1,Southern Philippines Medical Center (SPMC),25/11/2024,A+,FFP,5,11,48
1089,1,Southern Philippines Medical Center (SPMC),02/12/2024,A+,FFP,4,12,49
1090,1,Southern Philippines Medical Center (SPMC),09/12/2024,A+,FFP,5,12,50
1091,1,Southern Philippines Medical Center (SPMC),16/12/2024,A+,FFP,4,12,51
1092,1,Southern Philippines Medical Center (SPMC),23/12/2024,A+,FFP,4,12,52
1093,1,Southern Philippines Medical Center (SPMC),30/12/2024,A+,FFP,5,12,53
1094,1,Southern Philippines Medical Center (SPMC),06/01/2025,A+,FFP,3,1,54
1095,1,Southern Philippines Medical Center (SPMC),13/01/2025,A+,FFP,5,1,55
1096,1,Southern Philippines Medical Center (SPMC),20/01/2025,A+,FFP,4,1,56
1097,1,Southern Philippines Medical Center (SPMC),27/01/2025,A+,FFP,4,1,57
1098,1,Southern Philippines Medical Center (SPMC),03/02/2025,A+,FFP,4,2,58
1099,1,Southern Philippines Medical Center (SPMC),10/02/2025,A+,FFP,3,2,59
1100,1,Southern Philippines Medical Center (SPMC),17/02/2025,A+,FFP,4,2,60
1101,1,Southern Philippines Medical Center (SPMC),24/02/2025,A+,FFP,5,2,61
1102,1,Southern Philippines Medical Center (SPMC),03/03/2025,A+,FFP,3,3,62
1103,1,Southern Philippines Medical Center (SPMC),10/03/2025,A+,FFP,5,3,63
1104,1,Southern Philippines Medical Center (SPMC),17/03/2025,A+,FFP,3,3,64
1105,1,Southern Philippines Medical Center (SPMC),24/03/2025,A+,FFP,4,3,65
1106,1,Southern Philippines Medical Center (SPMC),31/03/2025,A+,FFP,3,3,66
1107,1,Southern Philippines Medical Center (SPMC),07/04/2025,A+,FFP,4,4,67
1108,1,Southern Philippines Medical Center (SPMC),14/04/2025,A+,FFP,4,4,68
1109,1,Southern Philippines Medical Center (SPMC),21/04/2025,A+,FFP,5,4,69
1110,1,Southern Philippines Medical Center (SPMC),28/04/2025,A+,FFP,5,4,70
1111,1,Southern Philippines Medical Center (SPMC),05/05/2025,A+,FFP,4,5,71
1112,1,Southern Philippines Medical Center (SPMC),12/05/2025,A+,FFP,3,5,72
1113,1,Southern Philippines Medical Center (SPMC),19/05/2025,A+,FFP,4,5,73
1114,1,Southern Philippines Medical Center (SPMC),26/05/2025,A+,FFP,4,5,74
1115,1,Southern Philippines Medical Center (SPMC),02/06/2025,A+,FFP,5,6,75
1116,1,Southern Philippines Medical Center (SPMC),09/06/2025,A+,FFP,3,6,76
1117,1,Southern Philippines Medical Center (SPMC),16/06/2025,A+,FFP,5,6,77
1118,1,Southern Philippines Medical Center (SPMC),23/06/2025,A+,FFP,4,6,78
1119,1,Southern Philippines Medical Center (SPMC),30/06/2025,A+,FFP,3,6,79
1120,1,Southern Philippines Medical Center (SPMC),07/07/2025,A+,FFP,4,7,80
1121,1,Southern Philippines Medical Center (SPMC),14/07/2025,A+,FFP,5,7,81
1122,1,Southern Philippines Medical Center (SPMC),21/07/2025,A+,FFP,4,7,82
1123,1,Southern Philippines Medical Center (SPMC),28/07/2025,A+,FFP,3,7,83
1124,1,Southern Philippines Medical Center (SPMC),04/08/2025,A+,FFP,4,8,84
1125,1,Southern Philippines Medical Center (SPMC),11/08/2025,A+,FFP,4,8,85
1126,1,Southern Philippines Medical Center (SPMC),18/08/2025,A+,FFP,4,8,86
1127,1,Southern Philippines Medical Center (SPMC),25/08/2025,A+,FFP,4,8,87
1128,1,Southern Philippines Medical Center (SPMC),01/09/2025,A+,FFP,5,9,88
1129,1,Southern Philippines Medical Center (SPMC),08/09/2025,A+,FFP,4,9,89
1130,1,Southern Philippines Medical Center (SPMC),15/09/2025,A+,FFP,4,9,90
1131,1,Southern Philippines Medical Center (SPMC),22/09/2025,A+,FFP,4,9,91
1132,1,Southern Philippines Medical Center (SPMC),29/09/2025,A+,FFP,4,9,92
1133,1,Southern Philippines Medical Center (SPMC),06/10/2025,A+,FFP,3,10,93
1134,1,Southern Philippines Medical Center (SPMC),13/10/2025,A+,FFP,4,10,94
1135,1,Southern Philippines Medical Center (SPMC),20/10/2025,A+,FFP,4,10,95
1136,1,Southern Philippines Medical Center (SPMC),27/10/2025,A+,FFP,4,10,96
1137,1,Southern Philippines Medical Center (SPMC),03/11/2025,A+,FFP,4,11,97
1138,1,Southern Philippines Medical Center (SPMC),10/11/2025,A+,FFP,5,11,98
1139,1,Southern Philippines Medical Center (SPMC),17/11/2025,A+,FFP,4,11,99
1140,1,Southern Philippines Medical Center (SPMC),24/11/2025,A+,FFP,4,11,100
1141,1,Southern Philippines Medical Center (SPMC),01/12/2025,A+,FFP,4,12,101
1142,1,Southern Philippines Medical Center (SPMC),08/12/2025,A+,FFP,4,12,102
1143,1,Southern Philippines Medical Center (SPMC),15/12/2025,A+,FFP,5,12,103
1144,1,Southern Philippines Medical Center (SPMC),22/12/2025,A+,FFP,4,12,104
1145,1,Southern Philippines Medical Center (SPMC),01/01/2024,A+,Cryoprecipitate,2,1,1
1146,1,Southern Philippines Medical Center (SPMC),08/01/2024,A+,Cryoprecipitate,1,1,2
1147,1,Southern Philippines Medical Center (SPMC),15/01/2024,A+,Cryoprecipitate,1,1,3
1148,1,Southern Philippines Medical Center (SPMC),22/01/2024,A+,Cryoprecipitate,1,1,4
1149,1,Southern Philippines Medical Center (SPMC),29/01/2024,A+,Cryoprecipitate,1,1,5
1150,1,Southern Philippines Medical Center (SPMC),05/02/2024,A+,Cryoprecipitate,1,2,6
1151,1,Southern Philippines Medical Center (SPMC),12/02/2024,A+,Cryoprecipitate,1,2,7
1152,1,Southern Philippines Medical Center (SPMC),19/02/2024,A+,Cryoprecipitate,1,2,8
1153,1,Southern Philippines Medical Center (SPMC),26/02/2024,A+,Cryoprecipitate,1,2,9
1154,1,Southern Philippines Medical Center (SPMC),04/03/2024,A+,Cryoprecipitate,1,3,10
1155,1,Southern Philippines Medical Center (SPMC),11/03/2024,A+,Cryoprecipitate,1,3,11
1156,1,Southern Philippines Medical Center (SPMC),18/03/2024,A+,Cryoprecipitate,1,3,12
1157,1,Southern Philippines Medical Center (SPMC),25/03/2024,A+,Cryoprecipitate,1,3,13
1158,1,Southern Philippines Medical Center (SPMC),01/04/2024,A+,Cryoprecipitate,1,4,14
1159,1,Southern Philippines Medical Center (SPMC),08/04/2024,A+,Cryoprecipitate,1,4,15
1160,1,Southern Philippines Medical Center (SPMC),15/04/2024,A+,Cryoprecipitate,1,4,16
1161,1,Southern Philippines Medical Center (SPMC),22/04/2024,A+,Cryoprecipitate,1,4,17
1162,1,Southern Philippines Medical Center (SPMC),29/04/2024,A+,Cryoprecipitate,1,4,18
1163,1,Southern Philippines Medical Center (SPMC),06/05/2024,A+,Cryoprecipitate,1,5,19
1164,1,Southern Philippines Medical Center (SPMC),13/05/2024,A+,Cryoprecipitate,1,5,20
1165,1,Southern Philippines Medical Center (SPMC),20/05/2024,A+,Cryoprecipitate,1,5,21
1166,1,Southern Philippines Medical Center (SPMC),27/05/2024,A+,Cryoprecipitate,1,5,22
1167,1,Southern Philippines Medical Center (SPMC),03/06/2024,A+,Cryoprecipitate,1,6,23
1168,1,Southern Philippines Medical Center (SPMC),10/06/2024,A+,Cryoprecipitate,1,6,24
1169,1,Southern Philippines Medical Center (SPMC),17/06/2024,A+,Cryoprecipitate,1,6,25
1170,1,Southern Philippines Medical Center (SPMC),24/06/2024,A+,Cryoprecipitate,1,6,26
1171,1,Southern Philippines Medical Center (SPMC),01/07/2024,A+,Cryoprecipitate,1,7,27
1172,1,Southern Philippines Medical Center (SPMC),08/07/2024,A+,Cryoprecipitate,1,7,28
1173,1,Southern Philippines Medical Center (SPMC),15/07/2024,A+,Cryoprecipitate,1,7,29
1174,1,Southern Philippines Medical Center (SPMC),22/07/2024,A+,Cryoprecipitate,1,7,30
1175,1,Southern Philippines Medical Center (SPMC),29/07/2024,A+,Cryoprecipitate,1,7,31
1176,1,Southern Philippines Medical Center (SPMC),05/08/2024,A+,Cryoprecipitate,1,8,32
1177,1,Southern Philippines Medical Center (SPMC),12/08/2024,A+,Cryoprecipitate,1,8,33
1178,1,Southern Philippines Medical Center (SPMC),19/08/2024,A+,Cryoprecipitate,1,8,34
1179,1,Southern Philippines Medical Center (SPMC),26/08/2024,A+,Cryoprecipitate,1,8,35
1180,1,Southern Philippines Medical Center (SPMC),02/09/2024,A+,Cryoprecipitate,1,9,36
1181,1,Southern Philippines Medical Center (SPMC),09/09/2024,A+,Cryoprecipitate,1,9,37
1182,1,Southern Philippines Medical Center (SPMC),16/09/2024,A+,Cryoprecipitate,1,9,38
1183,1,Southern Philippines Medical Center (SPMC),23/09/2024,A+,Cryoprecipitate,2,9,39
1184,1,Southern Philippines Medical Center (SPMC),30/09/2024,A+,Cryoprecipitate,2,9,40
1185,1,Southern Philippines Medical Center (SPMC),07/10/2024,A+,Cryoprecipitate,0,10,41
1186,1,Southern Philippines Medical Center (SPMC),14/10/2024,A+,Cryoprecipitate,1,10,42
1187,1,Southern Philippines Medical Center (SPMC),21/10/2024,A+,Cryoprecipitate,1,10,43
1188,1,Southern Philippines Medical Center (SPMC),28/10/2024,A+,Cryoprecipitate,1,10,44
1189,1,Southern Philippines Medical Center (SPMC),04/11/2024,A+,Cryoprecipitate,1,11,45
1190,1,Southern Philippines Medical Center (SPMC),11/11/2024,A+,Cryoprecipitate,1,11,46
1191,1,Southern Philippines Medical Center (SPMC),18/11/2024,A+,Cryoprecipitate,1,11,47
1192,1,Southern Philippines Medical Center (SPMC),25/11/2024,A+,Cryoprecipitate,1,11,48
1193,1,Southern Philippines Medical Center (SPMC),02/12/2024,A+,Cryoprecipitate,1,12,49
1194,1,Southern Philippines Medical Center (SPMC),09/12/2024,A+,Cryoprecipitate,2,12,50
1195,1,Southern Philippines Medical Center (SPMC),16/12/2024,A+,Cryoprecipitate,1,12,51
1196,1,Southern Philippines Medical Center (SPMC),23/12/2024,A+,Cryoprecipitate,1,12,52
1197,1,Southern Philippines Medical Center (SPMC),30/12/2024,A+,Cryoprecipitate,1,12,53
1198,1,Southern Philippines Medical Center (SPMC),06/01/2025,A+,Cryoprecipitate,1,1,54
1199,1,Southern Philippines Medical Center (SPMC),13/01/2025,A+,Cryoprecipitate,2,1,55
1200,1,Southern Philippines Medical Center (SPMC),20/01/2025,A+,Cryoprecipitate,1,1,56
1201,1,Southern Philippines Medical Center (SPMC),27/01/2025,A+,Cryoprecipitate,1,1,57
1202,1,Southern Philippines Medical Center (SPMC),03/02/2025,A+,Cryoprecipitate,2,2,58
1203,1,Southern Philippines Medical Center (SPMC),10/02/2025,A+,Cryoprecipitate,1,2,59
1204,1,Southern Philippines Medical Center (SPMC),17/02/2025,A+,Cryoprecipitate,2,2,60
1205,1,Southern Philippines Medical Center (SPMC),24/02/2025,A+,Cryoprecipitate,1,2,61
1206,1,Southern Philippines Medical Center (SPMC),03/03/2025,A+,Cryoprecipitate,1,3,62
1207,1,Southern Philippines Medical Center (SPMC),10/03/2025,A+,Cryoprecipitate,2,3,63
1208,1,Southern Philippines Medical Center (SPMC),17/03/2025,A+,Cryoprecipitate,1,3,64
1209,1,Southern Philippines Medical Center (SPMC),24/03/2025,A+,Cryoprecipitate,1,3,65
1210,1,Southern Philippines Medical Center (SPMC),31/03/2025,A+,Cryoprecipitate,1,3,66
1211,1,Southern Philippines Medical Center (SPMC),07/04/2025,A+,Cryoprecipitate,2,4,67
1212,1,Southern Philippines Medical Center (SPMC),14/04/2025,A+,Cryoprecipitate,1,4,68
1213,1,Southern Philippines Medical Center (SPMC),21/04/2025,A+,Cryoprecipitate,1,4,69
1214,1,Southern Philippines Medical Center (SPMC),28/04/2025,A+,Cryoprecipitate,1,4,70
1215,1,Southern Philippines Medical Center (SPMC),05/05/2025,A+,Cryoprecipitate,1,5,71
1216,1,Southern Philippines Medical Center (SPMC),12/05/2025,A+,Cryoprecipitate,1,5,72
1217,1,Southern Philippines Medical Center (SPMC),19/05/2025,A+,Cryoprecipitate,2,5,73
1218,1,Southern Philippines Medical Center (SPMC),26/05/2025,A+,Cryoprecipitate,1,5,74
1219,1,Southern Philippines Medical Center (SPMC),02/06/2025,A+,Cryoprecipitate,1,6,75
1220,1,Southern Philippines Medical Center (SPMC),09/06/2025,A+,Cryoprecipitate,1,6,76
1221,1,Southern Philippines Medical Center (SPMC),16/06/2025,A+,Cryoprecipitate,1,6,77
1222,1,Southern Philippines Medical Center (SPMC),23/06/2025,A+,Cryoprecipitate,1,6,78
1223,1,Southern Philippines Medical Center (SPMC),30/06/2025,A+,Cryoprecipitate,1,6,79
1224,1,Southern Philippines Medical Center (SPMC),07/07/2025,A+,Cryoprecipitate,2,7,80
1225,1,Southern Philippines Medical Center (SPMC),14/07/2025,A+,Cryoprecipitate,2,7,81
1226,1,Southern Philippines Medical Center (SPMC),21/07/2025,A+,Cryoprecipitate,1,7,82
1227,1,Southern Philippines Medical Center (SPMC),28/07/2025,A+,Cryoprecipitate,1,7,83
1228,1,Southern Philippines Medical Center (SPMC),04/08/2025,A+,Cryoprecipitate,1,8,84
1229,1,Southern Philippines Medical Center (SPMC),11/08/2025,A+,Cryoprecipitate,1,8,85
1230,1,Southern Philippines Medical Center (SPMC),18/08/2025,A+,Cryoprecipitate,2,8,86
1231,1,Southern Philippines Medical Center (SPMC),25/08/2025,A+,Cryoprecipitate,1,8,87
1232,1,Southern Philippines Medical Center (SPMC),01/09/2025,A+,Cryoprecipitate,1,9,88
1233,1,Southern Philippines Medical Center (SPMC),08/09/2025,A+,Cryoprecipitate,1,9,89
1234,1,Southern Philippines Medical Center (SPMC),15/09/2025,A+,Cryoprecipitate,1,9,90
1235,1,Southern Philippines Medical Center (SPMC),22/09/2025,A+,Cryoprecipitate,1,9,91
1236,1,Southern Philippines Medical Center (SPMC),29/09/2025,A+,Cryoprecipitate,1,9,92
1237,1,Southern Philippines Medical Center (SPMC),06/10/2025,A+,Cryoprecipitate,2,10,93
1238,1,Southern Philippines Medical Center (SPMC),13/10/2025,A+,Cryoprecipitate,1,10,94
1239,1,Southern Philippines Medical Center (SPMC),20/10/2025,A+,Cryoprecipitate,1,10,95
1240,1,Southern Philippines Medical Center (SPMC),27/10/2025,A+,Cryoprecipitate,1,10,96
1241,1,Southern Philippines Medical Center (SPMC),03/11/2025,A+,Cryoprecipitate,2,11,97
1242,1,Southern Philippines Medical Center (SPMC),10/11/2025,A+,Cryoprecipitate,1,11,98
1243,1,Southern Philippines Medical Center (SPMC),17/11/2025,A+,Cryoprecipitate,1,11,99
1244,1,Southern Philippines Medical Center (SPMC),24/11/2025,A+,Cryoprecipitate,1,11,100
1245,1,Southern Philippines Medical Center (SPMC),01/12/2025,A+,Cryoprecipitate,1,12,101
1246,1,Southern Philippines Medical Center (SPMC),08/12/2025,A+,Cryoprecipitate,1,12,102
1247,1,Southern Philippines Medical Center (SPMC),15/12/2025,A+,Cryoprecipitate,2,12,103
1248,1,Southern Philippines Medical Center (SPMC),22/12/2025,A+,Cryoprecipitate,1,12,104
1249,1,Southern Philippines Medical Center (SPMC),01/01/2024,A+,Cryosupernate,1,1,1
1250,1,Southern Philippines Medical Center (SPMC),08/01/2024,A+,Cryosupernate,1,1,2
1251,1,Southern Philippines Medical Center (SPMC),15/01/2024,A+,Cryosupernate,0,1,3
1252,1,Southern Philippines Medical Center (SPMC),22/01/2024,A+,Cryosupernate,1,1,4
1253,1,Southern Philippines Medical Center (SPMC),29/01/2024,A+,Cryosupernate,0,1,5
1254,1,Southern Philippines Medical Center (SPMC),05/02/2024,A+,Cryosupernate,0,2,6
1255,1,Southern Philippines Medical Center (SPMC),12/02/2024,A+,Cryosupernate,1,2,7
1256,1,Southern Philippines Medical Center (SPMC),19/02/2024,A+,Cryosupernate,1,2,8
1257,1,Southern Philippines Medical Center (SPMC),26/02/2024,A+,Cryosupernate,1,2,9
1258,1,Southern Philippines Medical Center (SPMC),04/03/2024,A+,Cryosupernate,0,3,10
1259,1,Southern Philippines Medical Center (SPMC),11/03/2024,A+,Cryosupernate,1,3,11
1260,1,Southern Philippines Medical Center (SPMC),18/03/2024,A+,Cryosupernate,1,3,12
1261,1,Southern Philippines Medical Center (SPMC),25/03/2024,A+,Cryosupernate,1,3,13
1262,1,Southern Philippines Medical Center (SPMC),01/04/2024,A+,Cryosupernate,1,4,14
1263,1,Southern Philippines Medical Center (SPMC),08/04/2024,A+,Cryosupernate,1,4,15
1264,1,Southern Philippines Medical Center (SPMC),15/04/2024,A+,Cryosupernate,1,4,16
1265,1,Southern Philippines Medical Center (SPMC),22/04/2024,A+,Cryosupernate,1,4,17
1266,1,Southern Philippines Medical Center (SPMC),29/04/2024,A+,Cryosupernate,1,4,18
1267,1,Southern Philippines Medical Center (SPMC),06/05/2024,A+,Cryosupernate,0,5,19
1268,1,Southern Philippines Medical Center (SPMC),13/05/2024,A+,Cryosupernate,0,5,20
1269,1,Southern Philippines Medical Center (SPMC),20/05/2024,A+,Cryosupernate,1,5,21
1270,1,Southern Philippines Medical Center (SPMC),27/05/2024,A+,Cryosupernate,0,5,22
1271,1,Southern Philippines Medical Center (SPMC),03/06/2024,A+,Cryosupernate,1,6,23
1272,1,Southern Philippines Medical Center (SPMC),10/06/2024,A+,Cryosupernate,1,6,24
1273,1,Southern Philippines Medical Center (SPMC),17/06/2024,A+,Cryosupernate,0,6,25
1274,1,Southern Philippines Medical Center (SPMC),24/06/2024,A+,Cryosupernate,1,6,26
1275,1,Southern Philippines Medical Center (SPMC),01/07/2024,A+,Cryosupernate,1,7,27
1276,1,Southern Philippines Medical Center (SPMC),08/07/2024,A+,Cryosupernate,1,7,28
1277,1,Southern Philippines Medical Center (SPMC),15/07/2024,A+,Cryosupernate,0,7,29
1278,1,Southern Philippines Medical Center (SPMC),22/07/2024,A+,Cryosupernate,1,7,30
1279,1,Southern Philippines Medical Center (SPMC),29/07/2024,A+,Cryosupernate,1,7,31
1280,1,Southern Philippines Medical Center (SPMC),05/08/2024,A+,Cryosupernate,1,8,32
1281,1,Southern Philippines Medical Center (SPMC),12/08/2024,A+,Cryosupernate,1,8,33
1282,1,Southern Philippines Medical Center (SPMC),19/08/2024,A+,Cryosupernate,1,8,34
1283,1,Southern Philippines Medical Center (SPMC),26/08/2024,A+,Cryosupernate,1,8,35
1284,1,Southern Philippines Medical Center (SPMC),02/09/2024,A+,Cryosupernate,1,9,36
1285,1,Southern Philippines Medical Center (SPMC),09/09/2024,A+,Cryosupernate,1,9,37
1286,1,Southern Philippines Medical Center (SPMC),16/09/2024,A+,Cryosupernate,1,9,38
1287,1,Southern Philippines Medical Center (SPMC),23/09/2024,A+,Cryosupernate,1,9,39
1288,1,Southern Philippines Medical Center (SPMC),30/09/2024,A+,Cryosupernate,0,9,40
1289,1,Southern Philippines Medical Center (SPMC),07/10/2024,A+,Cryosupernate,1,10,41
1290,1,Southern Philippines Medical Center (SPMC),14/10/2024,A+,Cryosupernate,1,10,42
1291,1,Southern Philippines Medical Center (SPMC),21/10/2024,A+,Cryosupernate,1,10,43
1292,1,Southern Philippines Medical Center (SPMC),28/10/2024,A+,Cryosupernate,1,10,44
1293,1,Southern Philippines Medical Center (SPMC),04/11/2024,A+,Cryosupernate,1,11,45
1294,1,Southern Philippines Medical Center (SPMC),11/11/2024,A+,Cryosupernate,1,11,46
1295,1,Southern Philippines Medical Center (SPMC),18/11/2024,A+,Cryosupernate,0,11,47
1296,1,Southern Philippines Medical Center (SPMC),25/11/2024,A+,Cryosupernate,1,11,48
1297,1,Southern Philippines Medical Center (SPMC),02/12/2024,A+,Cryosupernate,1,12,49
1298,1,Southern Philippines Medical Center (SPMC),09/12/2024,A+,Cryosupernate,1,12,50
1299,1,Southern Philippines Medical Center (SPMC),16/12/2024,A+,Cryosupernate,0,12,51
1300,1,Southern Philippines Medical Center (SPMC),23/12/2024,A+,Cryosupernate,1,12,52
1301,1,Southern Philippines Medical Center (SPMC),30/12/2024,A+,Cryosupernate,1,12,53
1302,1,Southern Philippines Medical Center (SPMC),06/01/2025,A+,Cryosupernate,1,1,54
1303,1,Southern Philippines Medical Center (SPMC),13/01/2025,A+,Cryosupernate,1,1,55
1304,1,Southern Philippines Medical Center (SPMC),20/01/2025,A+,Cryosupernate,1,1,56
1305,1,Southern Philippines Medical Center (SPMC),27/01/2025,A+,Cryosupernate,1,1,57
1306,1,Southern Philippines Medical Center (SPMC),03/02/2025,A+,Cryosupernate,1,2,58
1307,1,Southern Philippines Medical Center (SPMC),10/02/2025,A+,Cryosupernate,1,2,59
1308,1,Southern Philippines Medical Center (SPMC),17/02/2025,A+,Cryosupernate,1,2,60
1309,1,Southern Philippines Medical Center (SPMC),24/02/2025,A+,Cryosupernate,1,2,61
1310,1,Southern Philippines Medical Center (SPMC),03/03/2025,A+,Cryosupernate,1,3,62
1311,1,Southern Philippines Medical Center (SPMC),10/03/2025,A+,Cryosupernate,2,3,63
1312,1,Southern Philippines Medical Center (SPMC),17/03/2025,A+,Cryosupernate,1,3,64
1313,1,Southern Philippines Medical Center (SPMC),24/03/2025,A+,Cryosupernate,1,3,65
1314,1,Southern Philippines Medical Center (SPMC),31/03/2025,A+,Cryosupernate,1,3,66
1315,1,Southern Philippines Medical Center (SPMC),07/04/2025,A+,Cryosupernate,1,4,67
1316,1,Southern Philippines Medical Center (SPMC),14/04/2025,A+,Cryosupernate,1,4,68
1317,1,Southern Philippines Medical Center (SPMC),21/04/2025,A+,Cryosupernate,1,4,69
1318,1,Southern Philippines Medical Center (SPMC),28/04/2025,A+,Cryosupernate,1,4,70
1319,1,Southern Philippines Medical Center (SPMC),05/05/2025,A+,Cryosupernate,1,5,71
1320,1,Southern Philippines Medical Center (SPMC),12/05/2025,A+,Cryosupernate,1,5,72
1321,1,Southern Philippines Medical Center (SPMC),19/05/2025,A+,Cryosupernate,0,5,73
1322,1,Southern Philippines Medical Center (SPMC),26/05/2025,A+,Cryosupernate,1,5,74
1323,1,Southern Philippines Medical Center (SPMC),02/06/2025,A+,Cryosupernate,0,6,75
1324,1,Southern Philippines Medical Center (SPMC),09/06/2025,A+,Cryosupernate,1,6,76
1325,1,Southern Philippines Medical Center (SPMC),16/06/2025,A+,Cryosupernate,1,6,77
1326,1,Southern Philippines Medical Center (SPMC),23/06/2025,A+,Cryosupernate,1,6,78
1327,1,Southern Philippines Medical Center (SPMC),30/06/2025,A+,Cryosupernate,1,6,79
1328,1,Southern Philippines Medical Center (SPMC),07/07/2025,A+,Cryosupernate,1,7,80
1329,1,Southern Philippines Medical Center (SPMC),14/07/2025,A+,Cryosupernate,1,7,81
1330,1,Southern Philippines Medical Center (SPMC),21/07/2025,A+,Cryosupernate,1,7,82
1331,1,Southern Philippines Medical Center (SPMC),28/07/2025,A+,Cryosupernate,1,7,83
1332,1,Southern Philippines Medical Center (SPMC),04/08/2025,A+,Cryosupernate,1,8,84
1333,1,Southern Philippines Medical Center (SPMC),11/08/2025,A+,Cryosupernate,1,8,85
1334,1,Southern Philippines Medical Center (SPMC),18/08/2025,A+,Cryosupernate,1,8,86
1335,1,Southern Philippines Medical Center (SPMC),25/08/2025,A+,Cryosupernate,1,8,87
1336,1,Southern Philippines Medical Center (SPMC),01/09/2025,A+,Cryosupernate,1,9,88
1337,1,Southern Philippines Medical Center (SPMC),08/09/2025,A+,Cryosupernate,1,9,89
1338,1,Southern Philippines Medical Center (SPMC),15/09/2025,A+,Cryosupernate,1,9,90
1339,1,Southern Philippines Medical Center (SPMC),22/09/2025,A+,Cryosupernate,0,9,91
1340,1,Southern Philippines Medical Center (SPMC),29/09/2025,A+,Cryosupernate,1,9,92
1341,1,Southern Philippines Medical Center (SPMC),06/10/2025,A+,Cryosupernate,1,10,93
1342,1,Southern Philippines Medical Center (SPMC),13/10/2025,A+,Cryosupernate,1,10,94
1343,1,Southern Philippines Medical Center (SPMC),20/10/2025,A+,Cryosupernate,1,10,95
1344,1,Southern Philippines Medical Center (SPMC),27/10/2025,A+,Cryosupernate,1,10,96
1345,1,Southern Philippines Medical Center (SPMC),03/11/2025,A+,Cryosupernate,0,11,97
1346,1,Southern Philippines Medical Center (SPMC),10/11/2025,A+,Cryosupernate,1,11,98
1347,1,Southern Philippines Medical Center (SPMC),17/11/2025,A+,Cryosupernate,1,11,99
1348,1,Southern Philippines Medical Center (SPMC),24/11/2025,A+,Cryosupernate,1,11,100
1349,1,Southern Philippines Medical Center (SPMC),01/12/2025,A+,Cryosupernate,1,12,101
1350,1,Southern Philippines Medical Center (SPMC),08/12/2025,A+,Cryosupernate,0,12,102
1351,1,Southern Philippines Medical Center (SPMC),15/12/2025,A+,Cryosupernate,1,12,103
1352,1,Southern Philippines Medical Center (SPMC),22/12/2025,A+,Cryosupernate,1,12,104
1353,1,Southern Philippines Medical Center (SPMC),01/01/2024,A-,PRBC,2,1,1
1354,1,Southern Philippines Medical Center (SPMC),08/01/2024,A-,PRBC,3,1,2
1355,1,Southern Philippines Medical Center (SPMC),15/01/2024,A-,PRBC,3,1,3
1356,1,Southern Philippines Medical Center (SPMC),22/01/2024,A-,PRBC,2,1,4
1357,1,Southern Philippines Medical Center (SPMC),29/01/2024,A-,PRBC,2,1,5
1358,1,Southern Philippines Medical Center (SPMC),05/02/2024,A-,PRBC,2,2,6
1359,1,Southern Philippines Medical Center (SPMC),12/02/2024,A-,PRBC,2,2,7
1360,1,Southern Philippines Medical Center (SPMC),19/02/2024,A-,PRBC,2,2,8
1361,1,Southern Philippines Medical Center (SPMC),26/02/2024,A-,PRBC,2,2,9
1362,1,Southern Philippines Medical Center (SPMC),04/03/2024,A-,PRBC,2,3,10
1363,1,Southern Philippines Medical Center (SPMC),11/03/2024,A-,PRBC,2,3,11
1364,1,Southern Philippines Medical Center (SPMC),18/03/2024,A-,PRBC,2,3,12
1365,1,Southern Philippines Medical Center (SPMC),25/03/2024,A-,PRBC,2,3,13
1366,1,Southern Philippines Medical Center (SPMC),01/04/2024,A-,PRBC,2,4,14
1367,1,Southern Philippines Medical Center (SPMC),08/04/2024,A-,PRBC,2,4,15
1368,1,Southern Philippines Medical Center (SPMC),15/04/2024,A-,PRBC,2,4,16
1369,1,Southern Philippines Medical Center (SPMC),22/04/2024,A-,PRBC,2,4,17
1370,1,Southern Philippines Medical Center (SPMC),29/04/2024,A-,PRBC,2,4,18
1371,1,Southern Philippines Medical Center (SPMC),06/05/2024,A-,PRBC,2,5,19
1372,1,Southern Philippines Medical Center (SPMC),13/05/2024,A-,PRBC,3,5,20
1373,1,Southern Philippines Medical Center (SPMC),20/05/2024,A-,PRBC,2,5,21
1374,1,Southern Philippines Medical Center (SPMC),27/05/2024,A-,PRBC,2,5,22
1375,1,Southern Philippines Medical Center (SPMC),03/06/2024,A-,PRBC,2,6,23
1376,1,Southern Philippines Medical Center (SPMC),10/06/2024,A-,PRBC,2,6,24
1377,1,Southern Philippines Medical Center (SPMC),17/06/2024,A-,PRBC,2,6,25
1378,1,Southern Philippines Medical Center (SPMC),24/06/2024,A-,PRBC,3,6,26
1379,1,Southern Philippines Medical Center (SPMC),01/07/2024,A-,PRBC,2,7,27
1380,1,Southern Philippines Medical Center (SPMC),08/07/2024,A-,PRBC,2,7,28
1381,1,Southern Philippines Medical Center (SPMC),15/07/2024,A-,PRBC,2,7,29
1382,1,Southern Philippines Medical Center (SPMC),22/07/2024,A-,PRBC,1,7,30
1383,1,Southern Philippines Medical Center (SPMC),29/07/2024,A-,PRBC,2,7,31
1384,1,Southern Philippines Medical Center (SPMC),05/08/2024,A-,PRBC,3,8,32
1385,1,Southern Philippines Medical Center (SPMC),12/08/2024,A-,PRBC,2,8,33
1386,1,Southern Philippines Medical Center (SPMC),19/08/2024,A-,PRBC,1,8,34
1387,1,Southern Philippines Medical Center (SPMC),26/08/2024,A-,PRBC,2,8,35
1388,1,Southern Philippines Medical Center (SPMC),02/09/2024,A-,PRBC,2,9,36
1389,1,Southern Philippines Medical Center (SPMC),09/09/2024,A-,PRBC,2,9,37
1390,1,Southern Philippines Medical Center (SPMC),16/09/2024,A-,PRBC,2,9,38
1391,1,Southern Philippines Medical Center (SPMC),23/09/2024,A-,PRBC,2,9,39
1392,1,Southern Philippines Medical Center (SPMC),30/09/2024,A-,PRBC,2,9,40
1393,1,Southern Philippines Medical Center (SPMC),07/10/2024,A-,PRBC,2,10,41
1394,1,Southern Philippines Medical Center (SPMC),14/10/2024,A-,PRBC,2,10,42
1395,1,Southern Philippines Medical Center (SPMC),21/10/2024,A-,PRBC,2,10,43
1396,1,Southern Philippines Medical Center (SPMC),28/10/2024,A-,PRBC,2,10,44
1397,1,Southern Philippines Medical Center (SPMC),04/11/2024,A-,PRBC,2,11,45
1398,1,Southern Philippines Medical Center (SPMC),11/11/2024,A-,PRBC,2,11,46
1399,1,Southern Philippines Medical Center (SPMC),18/11/2024,A-,PRBC,2,11,47
1400,1,Southern Philippines Medical Center (SPMC),25/11/2024,A-,PRBC,1,11,48
1401,1,Southern Philippines Medical Center (SPMC),02/12/2024,A-,PRBC,2,12,49
1402,1,Southern Philippines Medical Center (SPMC),09/12/2024,A-,PRBC,3,12,50
1403,1,Southern Philippines Medical Center (SPMC),16/12/2024,A-,PRBC,2,12,51
1404,1,Southern Philippines Medical Center (SPMC),23/12/2024,A-,PRBC,2,12,52
1405,1,Southern Philippines Medical Center (SPMC),30/12/2024,A-,PRBC,2,12,53
1406,1,Southern Philippines Medical Center (SPMC),06/01/2025,A-,PRBC,2,1,54
1407,1,Southern Philippines Medical Center (SPMC),13/01/2025,A-,PRBC,3,1,55
1408,1,Southern Philippines Medical Center (SPMC),20/01/2025,A-,PRBC,2,1,56
1409,1,Southern Philippines Medical Center (SPMC),27/01/2025,A-,PRBC,2,1,57
1410,1,Southern Philippines Medical Center (SPMC),03/02/2025,A-,PRBC,2,2,58
1411,1,Southern Philippines Medical Center (SPMC),10/02/2025,A-,PRBC,2,2,59
1412,1,Southern Philippines Medical Center (SPMC),17/02/2025,A-,PRBC,2,2,60
1413,1,Southern Philippines Medical Center (SPMC),24/02/2025,A-,PRBC,2,2,61
1414,1,Southern Philippines Medical Center (SPMC),03/03/2025,A-,PRBC,2,3,62
1415,1,Southern Philippines Medical Center (SPMC),10/03/2025,A-,PRBC,2,3,63
1416,1,Southern Philippines Medical Center (SPMC),17/03/2025,A-,PRBC,2,3,64
1417,1,Southern Philippines Medical Center (SPMC),24/03/2025,A-,PRBC,3,3,65
1418,1,Southern Philippines Medical Center (SPMC),31/03/2025,A-,PRBC,2,3,66
1419,1,Southern Philippines Medical Center (SPMC),07/04/2025,A-,PRBC,2,4,67
1420,1,Southern Philippines Medical Center (SPMC),14/04/2025,A-,PRBC,2,4,68
1421,1,Southern Philippines Medical Center (SPMC),21/04/2025,A-,PRBC,2,4,69
1422,1,Southern Philippines Medical Center (SPMC),28/04/2025,A-,PRBC,2,4,70
1423,1,Southern Philippines Medical Center (SPMC),05/05/2025,A-,PRBC,2,5,71
1424,1,Southern Philippines Medical Center (SPMC),12/05/2025,A-,PRBC,2,5,72
1425,1,Southern Philippines Medical Center (SPMC),19/05/2025,A-,PRBC,2,5,73
1426,1,Southern Philippines Medical Center (SPMC),26/05/2025,A-,PRBC,2,5,74
1427,1,Southern Philippines Medical Center (SPMC),02/06/2025,A-,PRBC,2,6,75
1428,1,Southern Philippines Medical Center (SPMC),09/06/2025,A-,PRBC,3,6,76
1429,1,Southern Philippines Medical Center (SPMC),16/06/2025,A-,PRBC,2,6,77
1430,1,Southern Philippines Medical Center (SPMC),23/06/2025,A-,PRBC,3,6,78
1431,1,Southern Philippines Medical Center (SPMC),30/06/2025,A-,PRBC,2,6,79
1432,1,Southern Philippines Medical Center (SPMC),07/07/2025,A-,PRBC,2,7,80
1433,1,Southern Philippines Medical Center (SPMC),14/07/2025,A-,PRBC,2,7,81
1434,1,Southern Philippines Medical Center (SPMC),21/07/2025,A-,PRBC,2,7,82
1435,1,Southern Philippines Medical Center (SPMC),28/07/2025,A-,PRBC,2,7,83
1436,1,Southern Philippines Medical Center (SPMC),04/08/2025,A-,PRBC,2,8,84
1437,1,Southern Philippines Medical Center (SPMC),11/08/2025,A-,PRBC,2,8,85
1438,1,Southern Philippines Medical Center (SPMC),18/08/2025,A-,PRBC,3,8,86
1439,1,Southern Philippines Medical Center (SPMC),25/08/2025,A-,PRBC,2,8,87
1440,1,Southern Philippines Medical Center (SPMC),01/09/2025,A-,PRBC,2,9,88
1441,1,Southern Philippines Medical Center (SPMC),08/09/2025,A-,PRBC,2,9,89
1442,1,Southern Philippines Medical Center (SPMC),15/09/2025,A-,PRBC,2,9,90
1443,1,Southern Philippines Medical Center (SPMC),22/09/2025,A-,PRBC,2,9,91
1444,1,Southern Philippines Medical Center (SPMC),29/09/2025,A-,PRBC,2,9,92
1445,1,Southern Philippines Medical Center (SPMC),06/10/2025,A-,PRBC,2,10,93
1446,1,Southern Philippines Medical Center (SPMC),13/10/2025,A-,PRBC,2,10,94
1447,1,Southern Philippines Medical Center (SPMC),20/10/2025,A-,PRBC,2,10,95
1448,1,Southern Philippines Medical Center (SPMC),27/10/2025,A-,PRBC,2,10,96
1449,1,Southern Philippines Medical Center (SPMC),03/11/2025,A-,PRBC,2,11,97
1450,1,Southern Philippines Medical Center (SPMC),10/11/2025,A-,PRBC,2,11,98
1451,1,Southern Philippines Medical Center (SPMC),17/11/2025,A-,PRBC,2,11,99
1452,1,Southern Philippines Medical Center (SPMC),24/11/2025,A-,PRBC,2,11,100
1453,1,Southern Philippines Medical Center (SPMC),01/12/2025,A-,PRBC,3,12,101
1454,1,Southern Philippines Medical Center (SPMC),08/12/2025,A-,PRBC,3,12,102
1455,1,Southern Philippines Medical Center (SPMC),15/12/2025,A-,PRBC,3,12,103
1456,1,Southern Philippines Medical Center (SPMC),22/12/2025,A-,PRBC,2,12,104
1457,1,Southern Philippines Medical Center (SPMC),01/01/2024,A-,Platelet Concentrate,1,1,1
1458,1,Southern Philippines Medical Center (SPMC),08/01/2024,A-,Platelet Concentrate,1,1,2
1459,1,Southern Philippines Medical Center (SPMC),15/01/2024,A-,Platelet Concentrate,0,1,3
1460,1,Southern Philippines Medical Center (SPMC),22/01/2024,A-,Platelet Concentrate,1,1,4
1461,1,Southern Philippines Medical Center (SPMC),29/01/2024,A-,Platelet Concentrate,1,1,5
1462,1,Southern Philippines Medical Center (SPMC),05/02/2024,A-,Platelet Concentrate,0,2,6
1463,1,Southern Philippines Medical Center (SPMC),12/02/2024,A-,Platelet Concentrate,0,2,7
1464,1,Southern Philippines Medical Center (SPMC),19/02/2024,A-,Platelet Concentrate,0,2,8
1465,1,Southern Philippines Medical Center (SPMC),26/02/2024,A-,Platelet Concentrate,0,2,9
1466,1,Southern Philippines Medical Center (SPMC),04/03/2024,A-,Platelet Concentrate,1,3,10
1467,1,Southern Philippines Medical Center (SPMC),11/03/2024,A-,Platelet Concentrate,1,3,11
1468,1,Southern Philippines Medical Center (SPMC),18/03/2024,A-,Platelet Concentrate,1,3,12
1469,1,Southern Philippines Medical Center (SPMC),25/03/2024,A-,Platelet Concentrate,1,3,13
1470,1,Southern Philippines Medical Center (SPMC),01/04/2024,A-,Platelet Concentrate,0,4,14
1471,1,Southern Philippines Medical Center (SPMC),08/04/2024,A-,Platelet Concentrate,1,4,15
1472,1,Southern Philippines Medical Center (SPMC),15/04/2024,A-,Platelet Concentrate,1,4,16
1473,1,Southern Philippines Medical Center (SPMC),22/04/2024,A-,Platelet Concentrate,0,4,17
1474,1,Southern Philippines Medical Center (SPMC),29/04/2024,A-,Platelet Concentrate,1,4,18
1475,1,Southern Philippines Medical Center (SPMC),06/05/2024,A-,Platelet Concentrate,1,5,19
1476,1,Southern Philippines Medical Center (SPMC),13/05/2024,A-,Platelet Concentrate,0,5,20
1477,1,Southern Philippines Medical Center (SPMC),20/05/2024,A-,Platelet Concentrate,1,5,21
1478,1,Southern Philippines Medical Center (SPMC),27/05/2024,A-,Platelet Concentrate,0,5,22
1479,1,Southern Philippines Medical Center (SPMC),03/06/2024,A-,Platelet Concentrate,1,6,23
1480,1,Southern Philippines Medical Center (SPMC),10/06/2024,A-,Platelet Concentrate,0,6,24
1481,1,Southern Philippines Medical Center (SPMC),17/06/2024,A-,Platelet Concentrate,0,6,25
1482,1,Southern Philippines Medical Center (SPMC),24/06/2024,A-,Platelet Concentrate,1,6,26
1483,1,Southern Philippines Medical Center (SPMC),01/07/2024,A-,Platelet Concentrate,1,7,27
1484,1,Southern Philippines Medical Center (SPMC),08/07/2024,A-,Platelet Concentrate,0,7,28
1485,1,Southern Philippines Medical Center (SPMC),15/07/2024,A-,Platelet Concentrate,1,7,29
1486,1,Southern Philippines Medical Center (SPMC),22/07/2024,A-,Platelet Concentrate,1,7,30
1487,1,Southern Philippines Medical Center (SPMC),29/07/2024,A-,Platelet Concentrate,0,7,31
1488,1,Southern Philippines Medical Center (SPMC),05/08/2024,A-,Platelet Concentrate,0,8,32
1489,1,Southern Philippines Medical Center (SPMC),12/08/2024,A-,Platelet Concentrate,1,8,33
1490,1,Southern Philippines Medical Center (SPMC),19/08/2024,A-,Platelet Concentrate,0,8,34
1491,1,Southern Philippines Medical Center (SPMC),26/08/2024,A-,Platelet Concentrate,1,8,35
1492,1,Southern Philippines Medical Center (SPMC),02/09/2024,A-,Platelet Concentrate,1,9,36
1493,1,Southern Philippines Medical Center (SPMC),09/09/2024,A-,Platelet Concentrate,0,9,37
1494,1,Southern Philippines Medical Center (SPMC),16/09/2024,A-,Platelet Concentrate,0,9,38
1495,1,Southern Philippines Medical Center (SPMC),23/09/2024,A-,Platelet Concentrate,1,9,39
1496,1,Southern Philippines Medical Center (SPMC),30/09/2024,A-,Platelet Concentrate,1,9,40
1497,1,Southern Philippines Medical Center (SPMC),07/10/2024,A-,Platelet Concentrate,1,10,41
1498,1,Southern Philippines Medical Center (SPMC),14/10/2024,A-,Platelet Concentrate,0,10,42
1499,1,Southern Philippines Medical Center (SPMC),21/10/2024,A-,Platelet Concentrate,0,10,43
1500,1,Southern Philippines Medical Center (SPMC),28/10/2024,A-,Platelet Concentrate,1,10,44
1501,1,Southern Philippines Medical Center (SPMC),04/11/2024,A-,Platelet Concentrate,1,11,45
1502,1,Southern Philippines Medical Center (SPMC),11/11/2024,A-,Platelet Concentrate,0,11,46
1503,1,Southern Philippines Medical Center (SPMC),18/11/2024,A-,Platelet Concentrate,1,11,47
1504,1,Southern Philippines Medical Center (SPMC),25/11/2024,A-,Platelet Concentrate,1,11,48
1505,1,Southern Philippines Medical Center (SPMC),02/12/2024,A-,Platelet Concentrate,1,12,49
1506,1,Southern Philippines Medical Center (SPMC),09/12/2024,A-,Platelet Concentrate,0,12,50
1507,1,Southern Philippines Medical Center (SPMC),16/12/2024,A-,Platelet Concentrate,0,12,51
1508,1,Southern Philippines Medical Center (SPMC),23/12/2024,A-,Platelet Concentrate,0,12,52
1509,1,Southern Philippines Medical Center (SPMC),30/12/2024,A-,Platelet Concentrate,1,12,53
1510,1,Southern Philippines Medical Center (SPMC),06/01/2025,A-,Platelet Concentrate,0,1,54
1511,1,Southern Philippines Medical Center (SPMC),13/01/2025,A-,Platelet Concentrate,1,1,55
1512,1,Southern Philippines Medical Center (SPMC),20/01/2025,A-,Platelet Concentrate,1,1,56
1513,1,Southern Philippines Medical Center (SPMC),27/01/2025,A-,Platelet Concentrate,0,1,57
1514,1,Southern Philippines Medical Center (SPMC),03/02/2025,A-,Platelet Concentrate,0,2,58
1515,1,Southern Philippines Medical Center (SPMC),10/02/2025,A-,Platelet Concentrate,1,2,59
1516,1,Southern Philippines Medical Center (SPMC),17/02/2025,A-,Platelet Concentrate,0,2,60
1517,1,Southern Philippines Medical Center (SPMC),24/02/2025,A-,Platelet Concentrate,0,2,61
1518,1,Southern Philippines Medical Center (SPMC),03/03/2025,A-,Platelet Concentrate,0,3,62
1519,1,Southern Philippines Medical Center (SPMC),10/03/2025,A-,Platelet Concentrate,1,3,63
1520,1,Southern Philippines Medical Center (SPMC),17/03/2025,A-,Platelet Concentrate,1,3,64
1521,1,Southern Philippines Medical Center (SPMC),24/03/2025,A-,Platelet Concentrate,0,3,65
1522,1,Southern Philippines Medical Center (SPMC),31/03/2025,A-,Platelet Concentrate,0,3,66
1523,1,Southern Philippines Medical Center (SPMC),07/04/2025,A-,Platelet Concentrate,1,4,67
1524,1,Southern Philippines Medical Center (SPMC),14/04/2025,A-,Platelet Concentrate,0,4,68
1525,1,Southern Philippines Medical Center (SPMC),21/04/2025,A-,Platelet Concentrate,1,4,69
1526,1,Southern Philippines Medical Center (SPMC),28/04/2025,A-,Platelet Concentrate,0,4,70
1527,1,Southern Philippines Medical Center (SPMC),05/05/2025,A-,Platelet Concentrate,0,5,71
1528,1,Southern Philippines Medical Center (SPMC),12/05/2025,A-,Platelet Concentrate,0,5,72
1529,1,Southern Philippines Medical Center (SPMC),19/05/2025,A-,Platelet Concentrate,0,5,73
1530,1,Southern Philippines Medical Center (SPMC),26/05/2025,A-,Platelet Concentrate,0,5,74
1531,1,Southern Philippines Medical Center (SPMC),02/06/2025,A-,Platelet Concentrate,1,6,75
1532,1,Southern Philippines Medical Center (SPMC),09/06/2025,A-,Platelet Concentrate,1,6,76
1533,1,Southern Philippines Medical Center (SPMC),16/06/2025,A-,Platelet Concentrate,0,6,77
1534,1,Southern Philippines Medical Center (SPMC),23/06/2025,A-,Platelet Concentrate,1,6,78
1535,1,Southern Philippines Medical Center (SPMC),30/06/2025,A-,Platelet Concentrate,1,6,79
1536,1,Southern Philippines Medical Center (SPMC),07/07/2025,A-,Platelet Concentrate,1,7,80
1537,1,Southern Philippines Medical Center (SPMC),14/07/2025,A-,Platelet Concentrate,1,7,81
1538,1,Southern Philippines Medical Center (SPMC),21/07/2025,A-,Platelet Concentrate,0,7,82
1539,1,Southern Philippines Medical Center (SPMC),28/07/2025,A-,Platelet Concentrate,0,7,83
1540,1,Southern Philippines Medical Center (SPMC),04/08/2025,A-,Platelet Concentrate,1,8,84
1541,1,Southern Philippines Medical Center (SPMC),11/08/2025,A-,Platelet Concentrate,1,8,85
1542,1,Southern Philippines Medical Center (SPMC),18/08/2025,A-,Platelet Concentrate,0,8,86
1543,1,Southern Philippines Medical Center (SPMC),25/08/2025,A-,Platelet Concentrate,1,8,87
1544,1,Southern Philippines Medical Center (SPMC),01/09/2025,A-,Platelet Concentrate,1,9,88
1545,1,Southern Philippines Medical Center (SPMC),08/09/2025,A-,Platelet Concentrate,1,9,89
1546,1,Southern Philippines Medical Center (SPMC),15/09/2025,A-,Platelet Concentrate,1,9,90
1547,1,Southern Philippines Medical Center (SPMC),22/09/2025,A-,Platelet Concentrate,1,9,91
1548,1,Southern Philippines Medical Center (SPMC),29/09/2025,A-,Platelet Concentrate,1,9,92
1549,1,Southern Philippines Medical Center (SPMC),06/10/2025,A-,Platelet Concentrate,1,10,93
1550,1,Southern Philippines Medical Center (SPMC),13/10/2025,A-,Platelet Concentrate,1,10,94
1551,1,Southern Philippines Medical Center (SPMC),20/10/2025,A-,Platelet Concentrate,0,10,95
1552,1,Southern Philippines Medical Center (SPMC),27/10/2025,A-,Platelet Concentrate,0,10,96
1553,1,Southern Philippines Medical Center (SPMC),03/11/2025,A-,Platelet Concentrate,1,11,97
1554,1,Southern Philippines Medical Center (SPMC),10/11/2025,A-,Platelet Concentrate,0,11,98
1555,1,Southern Philippines Medical Center (SPMC),17/11/2025,A-,Platelet Concentrate,1,11,99
1556,1,Southern Philippines Medical Center (SPMC),24/11/2025,A-,Platelet Concentrate,1,11,100
1557,1,Southern Philippines Medical Center (SPMC),01/12/2025,A-,Platelet Concentrate,1,12,101
1558,1,Southern Philippines Medical Center (SPMC),08/12/2025,A-,Platelet Concentrate,0,12,102
1559,1,Southern Philippines Medical Center (SPMC),15/12/2025,A-,Platelet Concentrate,0,12,103
1560,1,Southern Philippines Medical Center (SPMC),22/12/2025,A-,Platelet Concentrate,1,12,104
1561,1,Southern Philippines Medical Center (SPMC),01/01/2024,A-,FFP,1,1,1
1562,1,Southern Philippines Medical Center (SPMC),08/01/2024,A-,FFP,0,1,2
1563,1,Southern Philippines Medical Center (SPMC),15/01/2024,A-,FFP,0,1,3
1564,1,Southern Philippines Medical Center (SPMC),22/01/2024,A-,FFP,1,1,4
1565,1,Southern Philippines Medical Center (SPMC),29/01/2024,A-,FFP,1,1,5
1566,1,Southern Philippines Medical Center (SPMC),05/02/2024,A-,FFP,1,2,6
1567,1,Southern Philippines Medical Center (SPMC),12/02/2024,A-,FFP,1,2,7
1568,1,Southern Philippines Medical Center (SPMC),19/02/2024,A-,FFP,1,2,8
1569,1,Southern Philippines Medical Center (SPMC),26/02/2024,A-,FFP,1,2,9
1570,1,Southern Philippines Medical Center (SPMC),04/03/2024,A-,FFP,1,3,10
1571,1,Southern Philippines Medical Center (SPMC),11/03/2024,A-,FFP,0,3,11
1572,1,Southern Philippines Medical Center (SPMC),18/03/2024,A-,FFP,1,3,12
1573,1,Southern Philippines Medical Center (SPMC),25/03/2024,A-,FFP,1,3,13
1574,1,Southern Philippines Medical Center (SPMC),01/04/2024,A-,FFP,1,4,14
1575,1,Southern Philippines Medical Center (SPMC),08/04/2024,A-,FFP,0,4,15
1576,1,Southern Philippines Medical Center (SPMC),15/04/2024,A-,FFP,1,4,16
1577,1,Southern Philippines Medical Center (SPMC),22/04/2024,A-,FFP,1,4,17
1578,1,Southern Philippines Medical Center (SPMC),29/04/2024,A-,FFP,0,4,18
1579,1,Southern Philippines Medical Center (SPMC),06/05/2024,A-,FFP,1,5,19
1580,1,Southern Philippines Medical Center (SPMC),13/05/2024,A-,FFP,1,5,20
1581,1,Southern Philippines Medical Center (SPMC),20/05/2024,A-,FFP,0,5,21
1582,1,Southern Philippines Medical Center (SPMC),27/05/2024,A-,FFP,0,5,22
1583,1,Southern Philippines Medical Center (SPMC),03/06/2024,A-,FFP,0,6,23
1584,1,Southern Philippines Medical Center (SPMC),10/06/2024,A-,FFP,0,6,24
1585,1,Southern Philippines Medical Center (SPMC),17/06/2024,A-,FFP,1,6,25
1586,1,Southern Philippines Medical Center (SPMC),24/06/2024,A-,FFP,0,6,26
1587,1,Southern Philippines Medical Center (SPMC),01/07/2024,A-,FFP,1,7,27
1588,1,Southern Philippines Medical Center (SPMC),08/07/2024,A-,FFP,1,7,28
1589,1,Southern Philippines Medical Center (SPMC),15/07/2024,A-,FFP,1,7,29
1590,1,Southern Philippines Medical Center (SPMC),22/07/2024,A-,FFP,0,7,30
1591,1,Southern Philippines Medical Center (SPMC),29/07/2024,A-,FFP,1,7,31
1592,1,Southern Philippines Medical Center (SPMC),05/08/2024,A-,FFP,0,8,32
1593,1,Southern Philippines Medical Center (SPMC),12/08/2024,A-,FFP,1,8,33
1594,1,Southern Philippines Medical Center (SPMC),19/08/2024,A-,FFP,1,8,34
1595,1,Southern Philippines Medical Center (SPMC),26/08/2024,A-,FFP,1,8,35
1596,1,Southern Philippines Medical Center (SPMC),02/09/2024,A-,FFP,1,9,36
1597,1,Southern Philippines Medical Center (SPMC),09/09/2024,A-,FFP,0,9,37
1598,1,Southern Philippines Medical Center (SPMC),16/09/2024,A-,FFP,1,9,38
1599,1,Southern Philippines Medical Center (SPMC),23/09/2024,A-,FFP,1,9,39
1600,1,Southern Philippines Medical Center (SPMC),30/09/2024,A-,FFP,0,9,40
1601,1,Southern Philippines Medical Center (SPMC),07/10/2024,A-,FFP,1,10,41
1602,1,Southern Philippines Medical Center (SPMC),14/10/2024,A-,FFP,1,10,42
1603,1,Southern Philippines Medical Center (SPMC),21/10/2024,A-,FFP,0,10,43
1604,1,Southern Philippines Medical Center (SPMC),28/10/2024,A-,FFP,0,10,44
1605,1,Southern Philippines Medical Center (SPMC),04/11/2024,A-,FFP,0,11,45
1606,1,Southern Philippines Medical Center (SPMC),11/11/2024,A-,FFP,1,11,46
1607,1,Southern Philippines Medical Center (SPMC),18/11/2024,A-,FFP,0,11,47
1608,1,Southern Philippines Medical Center (SPMC),25/11/2024,A-,FFP,0,11,48
1609,1,Southern Philippines Medical Center (SPMC),02/12/2024,A-,FFP,1,12,49
1610,1,Southern Philippines Medical Center (SPMC),09/12/2024,A-,FFP,1,12,50
1611,1,Southern Philippines Medical Center (SPMC),16/12/2024,A-,FFP,1,12,51
1612,1,Southern Philippines Medical Center (SPMC),23/12/2024,A-,FFP,1,12,52
1613,1,Southern Philippines Medical Center (SPMC),30/12/2024,A-,FFP,1,12,53
1614,1,Southern Philippines Medical Center (SPMC),06/01/2025,A-,FFP,1,1,54
1615,1,Southern Philippines Medical Center (SPMC),13/01/2025,A-,FFP,0,1,55
1616,1,Southern Philippines Medical Center (SPMC),20/01/2025,A-,FFP,1,1,56
1617,1,Southern Philippines Medical Center (SPMC),27/01/2025,A-,FFP,1,1,57
1618,1,Southern Philippines Medical Center (SPMC),03/02/2025,A-,FFP,0,2,58
1619,1,Southern Philippines Medical Center (SPMC),10/02/2025,A-,FFP,1,2,59
1620,1,Southern Philippines Medical Center (SPMC),17/02/2025,A-,FFP,1,2,60
1621,1,Southern Philippines Medical Center (SPMC),24/02/2025,A-,FFP,1,2,61
1622,1,Southern Philippines Medical Center (SPMC),03/03/2025,A-,FFP,1,3,62
1623,1,Southern Philippines Medical Center (SPMC),10/03/2025,A-,FFP,0,3,63
1624,1,Southern Philippines Medical Center (SPMC),17/03/2025,A-,FFP,1,3,64
1625,1,Southern Philippines Medical Center (SPMC),24/03/2025,A-,FFP,1,3,65
1626,1,Southern Philippines Medical Center (SPMC),31/03/2025,A-,FFP,1,3,66
1627,1,Southern Philippines Medical Center (SPMC),07/04/2025,A-,FFP,0,4,67
1628,1,Southern Philippines Medical Center (SPMC),14/04/2025,A-,FFP,1,4,68
1629,1,Southern Philippines Medical Center (SPMC),21/04/2025,A-,FFP,1,4,69
1630,1,Southern Philippines Medical Center (SPMC),28/04/2025,A-,FFP,1,4,70
1631,1,Southern Philippines Medical Center (SPMC),05/05/2025,A-,FFP,0,5,71
1632,1,Southern Philippines Medical Center (SPMC),12/05/2025,A-,FFP,0,5,72
1633,1,Southern Philippines Medical Center (SPMC),19/05/2025,A-,FFP,1,5,73
1634,1,Southern Philippines Medical Center (SPMC),26/05/2025,A-,FFP,1,5,74
1635,1,Southern Philippines Medical Center (SPMC),02/06/2025,A-,FFP,1,6,75
1636,1,Southern Philippines Medical Center (SPMC),09/06/2025,A-,FFP,1,6,76
1637,1,Southern Philippines Medical Center (SPMC),16/06/2025,A-,FFP,0,6,77
1638,1,Southern Philippines Medical Center (SPMC),23/06/2025,A-,FFP,1,6,78
1639,1,Southern Philippines Medical Center (SPMC),30/06/2025,A-,FFP,1,6,79
1640,1,Southern Philippines Medical Center (SPMC),07/07/2025,A-,FFP,1,7,80
1641,1,Southern Philippines Medical Center (SPMC),14/07/2025,A-,FFP,1,7,81
1642,1,Southern Philippines Medical Center (SPMC),21/07/2025,A-,FFP,1,7,82
1643,1,Southern Philippines Medical Center (SPMC),28/07/2025,A-,FFP,1,7,83
1644,1,Southern Philippines Medical Center (SPMC),04/08/2025,A-,FFP,1,8,84
1645,1,Southern Philippines Medical Center (SPMC),11/08/2025,A-,FFP,0,8,85
1646,1,Southern Philippines Medical Center (SPMC),18/08/2025,A-,FFP,1,8,86
1647,1,Southern Philippines Medical Center (SPMC),25/08/2025,A-,FFP,1,8,87
1648,1,Southern Philippines Medical Center (SPMC),01/09/2025,A-,FFP,0,9,88
1649,1,Southern Philippines Medical Center (SPMC),08/09/2025,A-,FFP,1,9,89
1650,1,Southern Philippines Medical Center (SPMC),15/09/2025,A-,FFP,1,9,90
1651,1,Southern Philippines Medical Center (SPMC),22/09/2025,A-,FFP,1,9,91
1652,1,Southern Philippines Medical Center (SPMC),29/09/2025,A-,FFP,1,9,92
1653,1,Southern Philippines Medical Center (SPMC),06/10/2025,A-,FFP,1,10,93
1654,1,Southern Philippines Medical Center (SPMC),13/10/2025,A-,FFP,0,10,94
1655,1,Southern Philippines Medical Center (SPMC),20/10/2025,A-,FFP,1,10,95
1656,1,Southern Philippines Medical Center (SPMC),27/10/2025,A-,FFP,1,10,96
1657,1,Southern Philippines Medical Center (SPMC),03/11/2025,A-,FFP,1,11,97
1658,1,Southern Philippines Medical Center (SPMC),10/11/2025,A-,FFP,1,11,98
1659,1,Southern Philippines Medical Center (SPMC),17/11/2025,A-,FFP,0,11,99
1660,1,Southern Philippines Medical Center (SPMC),24/11/2025,A-,FFP,1,11,100
1661,1,Southern Philippines Medical Center (SPMC),01/12/2025,A-,FFP,1,12,101
1662,1,Southern Philippines Medical Center (SPMC),08/12/2025,A-,FFP,2,12,102
1663,1,Southern Philippines Medical Center (SPMC),15/12/2025,A-,FFP,1,12,103
1664,1,Southern Philippines Medical Center (SPMC),22/12/2025,A-,FFP,0,12,104
1665,1,Southern Philippines Medical Center (SPMC),01/01/2024,B+,PRBC,6,1,1
1666,1,Southern Philippines Medical Center (SPMC),08/01/2024,B+,PRBC,7,1,2
1667,1,Southern Philippines Medical Center (SPMC),15/01/2024,B+,PRBC,9,1,3
1668,1,Southern Philippines Medical Center (SPMC),22/01/2024,B+,PRBC,8,1,4
1669,1,Southern Philippines Medical Center (SPMC),29/01/2024,B+,PRBC,8,1,5
1670,1,Southern Philippines Medical Center (SPMC),05/02/2024,B+,PRBC,9,2,6
1671,1,Southern Philippines Medical Center (SPMC),12/02/2024,B+,PRBC,6,2,7
1672,1,Southern Philippines Medical Center (SPMC),19/02/2024,B+,PRBC,7,2,8
1673,1,Southern Philippines Medical Center (SPMC),26/02/2024,B+,PRBC,7,2,9
1674,1,Southern Philippines Medical Center (SPMC),04/03/2024,B+,PRBC,7,3,10
1675,1,Southern Philippines Medical Center (SPMC),11/03/2024,B+,PRBC,6,3,11
1676,1,Southern Philippines Medical Center (SPMC),18/03/2024,B+,PRBC,7,3,12
1677,1,Southern Philippines Medical Center (SPMC),25/03/2024,B+,PRBC,7,3,13
1678,1,Southern Philippines Medical Center (SPMC),01/04/2024,B+,PRBC,7,4,14
1679,1,Southern Philippines Medical Center (SPMC),08/04/2024,B+,PRBC,7,4,15
1680,1,Southern Philippines Medical Center (SPMC),15/04/2024,B+,PRBC,8,4,16
1681,1,Southern Philippines Medical Center (SPMC),22/04/2024,B+,PRBC,9,4,17
1682,1,Southern Philippines Medical Center (SPMC),29/04/2024,B+,PRBC,9,4,18
1683,1,Southern Philippines Medical Center (SPMC),06/05/2024,B+,PRBC,8,5,19
1684,1,Southern Philippines Medical Center (SPMC),13/05/2024,B+,PRBC,6,5,20
1685,1,Southern Philippines Medical Center (SPMC),20/05/2024,B+,PRBC,7,5,21
1686,1,Southern Philippines Medical Center (SPMC),27/05/2024,B+,PRBC,7,5,22
1687,1,Southern Philippines Medical Center (SPMC),03/06/2024,B+,PRBC,7,6,23
1688,1,Southern Philippines Medical Center (SPMC),10/06/2024,B+,PRBC,8,6,24
1689,1,Southern Philippines Medical Center (SPMC),17/06/2024,B+,PRBC,6,6,25
1690,1,Southern Philippines Medical Center (SPMC),24/06/2024,B+,PRBC,9,6,26
1691,1,Southern Philippines Medical Center (SPMC),01/07/2024,B+,PRBC,9,7,27
1692,1,Southern Philippines Medical Center (SPMC),08/07/2024,B+,PRBC,8,7,28
1693,1,Southern Philippines Medical Center (SPMC),15/07/2024,B+,PRBC,7,7,29
1694,1,Southern Philippines Medical Center (SPMC),22/07/2024,B+,PRBC,9,7,30
1695,1,Southern Philippines Medical Center (SPMC),29/07/2024,B+,PRBC,8,7,31
1696,1,Southern Philippines Medical Center (SPMC),05/08/2024,B+,PRBC,9,8,32
1697,1,Southern Philippines Medical Center (SPMC),12/08/2024,B+,PRBC,7,8,33
1698,1,Southern Philippines Medical Center (SPMC),19/08/2024,B+,PRBC,9,8,34
1699,1,Southern Philippines Medical Center (SPMC),26/08/2024,B+,PRBC,9,8,35
1700,1,Southern Philippines Medical Center (SPMC),02/09/2024,B+,PRBC,8,9,36
1701,1,Southern Philippines Medical Center (SPMC),09/09/2024,B+,PRBC,9,9,37
1702,1,Southern Philippines Medical Center (SPMC),16/09/2024,B+,PRBC,7,9,38
1703,1,Southern Philippines Medical Center (SPMC),23/09/2024,B+,PRBC,6,9,39
1704,1,Southern Philippines Medical Center (SPMC),30/09/2024,B+,PRBC,8,9,40
1705,1,Southern Philippines Medical Center (SPMC),07/10/2024,B+,PRBC,7,10,41
1706,1,Southern Philippines Medical Center (SPMC),14/10/2024,B+,PRBC,7,10,42
1707,1,Southern Philippines Medical Center (SPMC),21/10/2024,B+,PRBC,9,10,43
1708,1,Southern Philippines Medical Center (SPMC),28/10/2024,B+,PRBC,8,10,44
1709,1,Southern Philippines Medical Center (SPMC),04/11/2024,B+,PRBC,8,11,45
1710,1,Southern Philippines Medical Center (SPMC),11/11/2024,B+,PRBC,7,11,46
1711,1,Southern Philippines Medical Center (SPMC),18/11/2024,B+,PRBC,8,11,47
1712,1,Southern Philippines Medical Center (SPMC),25/11/2024,B+,PRBC,8,11,48
1713,1,Southern Philippines Medical Center (SPMC),02/12/2024,B+,PRBC,9,12,49
1714,1,Southern Philippines Medical Center (SPMC),09/12/2024,B+,PRBC,8,12,50
1715,1,Southern Philippines Medical Center (SPMC),16/12/2024,B+,PRBC,10,12,51
1716,1,Southern Philippines Medical Center (SPMC),23/12/2024,B+,PRBC,10,12,52
1717,1,Southern Philippines Medical Center (SPMC),30/12/2024,B+,PRBC,9,12,53
1718,1,Southern Philippines Medical Center (SPMC),06/01/2025,B+,PRBC,7,1,54
1719,1,Southern Philippines Medical Center (SPMC),13/01/2025,B+,PRBC,7,1,55
1720,1,Southern Philippines Medical Center (SPMC),20/01/2025,B+,PRBC,7,1,56
1721,1,Southern Philippines Medical Center (SPMC),27/01/2025,B+,PRBC,7,1,57
1722,1,Southern Philippines Medical Center (SPMC),03/02/2025,B+,PRBC,7,2,58
1723,1,Southern Philippines Medical Center (SPMC),10/02/2025,B+,PRBC,8,2,59
1724,1,Southern Philippines Medical Center (SPMC),17/02/2025,B+,PRBC,8,2,60
1725,1,Southern Philippines Medical Center (SPMC),24/02/2025,B+,PRBC,8,2,61
1726,1,Southern Philippines Medical Center (SPMC),03/03/2025,B+,PRBC,7,3,62
1727,1,Southern Philippines Medical Center (SPMC),10/03/2025,B+,PRBC,7,3,63
1728,1,Southern Philippines Medical Center (SPMC),17/03/2025,B+,PRBC,8,3,64
1729,1,Southern Philippines Medical Center (SPMC),24/03/2025,B+,PRBC,5,3,65
1730,1,Southern Philippines Medical Center (SPMC),31/03/2025,B+,PRBC,8,3,66
1731,1,Southern Philippines Medical Center (SPMC),07/04/2025,B+,PRBC,8,4,67
1732,1,Southern Philippines Medical Center (SPMC),14/04/2025,B+,PRBC,8,4,68
1733,1,Southern Philippines Medical Center (SPMC),21/04/2025,B+,PRBC,7,4,69
1734,1,Southern Philippines Medical Center (SPMC),28/04/2025,B+,PRBC,6,4,70
1735,1,Southern Philippines Medical Center (SPMC),05/05/2025,B+,PRBC,8,5,71
1736,1,Southern Philippines Medical Center (SPMC),12/05/2025,B+,PRBC,6,5,72
1737,1,Southern Philippines Medical Center (SPMC),19/05/2025,B+,PRBC,9,5,73
1738,1,Southern Philippines Medical Center (SPMC),26/05/2025,B+,PRBC,8,5,74
1739,1,Southern Philippines Medical Center (SPMC),02/06/2025,B+,PRBC,9,6,75
1740,1,Southern Philippines Medical Center (SPMC),09/06/2025,B+,PRBC,6,6,76
1741,1,Southern Philippines Medical Center (SPMC),16/06/2025,B+,PRBC,7,6,77
1742,1,Southern Philippines Medical Center (SPMC),23/06/2025,B+,PRBC,5,6,78
1743,1,Southern Philippines Medical Center (SPMC),30/06/2025,B+,PRBC,7,6,79
1744,1,Southern Philippines Medical Center (SPMC),07/07/2025,B+,PRBC,7,7,80
1745,1,Southern Philippines Medical Center (SPMC),14/07/2025,B+,PRBC,6,7,81
1746,1,Southern Philippines Medical Center (SPMC),21/07/2025,B+,PRBC,7,7,82
1747,1,Southern Philippines Medical Center (SPMC),28/07/2025,B+,PRBC,6,7,83
1748,1,Southern Philippines Medical Center (SPMC),04/08/2025,B+,PRBC,7,8,84
1749,1,Southern Philippines Medical Center (SPMC),11/08/2025,B+,PRBC,9,8,85
1750,1,Southern Philippines Medical Center (SPMC),18/08/2025,B+,PRBC,8,8,86
1751,1,Southern Philippines Medical Center (SPMC),25/08/2025,B+,PRBC,9,8,87
1752,1,Southern Philippines Medical Center (SPMC),01/09/2025,B+,PRBC,9,9,88
1753,1,Southern Philippines Medical Center (SPMC),08/09/2025,B+,PRBC,9,9,89
1754,1,Southern Philippines Medical Center (SPMC),15/09/2025,B+,PRBC,7,9,90
1755,1,Southern Philippines Medical Center (SPMC),22/09/2025,B+,PRBC,7,9,91
1756,1,Southern Philippines Medical Center (SPMC),29/09/2025,B+,PRBC,8,9,92
1757,1,Southern Philippines Medical Center (SPMC),06/10/2025,B+,PRBC,6,10,93
1758,1,Southern Philippines Medical Center (SPMC),13/10/2025,B+,PRBC,8,10,94
1759,1,Southern Philippines Medical Center (SPMC),20/10/2025,B+,PRBC,7,10,95
1760,1,Southern Philippines Medical Center (SPMC),27/10/2025,B+,PRBC,9,10,96
1761,1,Southern Philippines Medical Center (SPMC),03/11/2025,B+,PRBC,9,11,97
1762,1,Southern Philippines Medical Center (SPMC),10/11/2025,B+,PRBC,9,11,98
1763,1,Southern Philippines Medical Center (SPMC),17/11/2025,B+,PRBC,7,11,99
1764,1,Southern Philippines Medical Center (SPMC),24/11/2025,B+,PRBC,9,11,100
1765,1,Southern Philippines Medical Center (SPMC),01/12/2025,B+,PRBC,10,12,101
1766,1,Southern Philippines Medical Center (SPMC),08/12/2025,B+,PRBC,9,12,102
1767,1,Southern Philippines Medical Center (SPMC),15/12/2025,B+,PRBC,8,12,103
1768,1,Southern Philippines Medical Center (SPMC),22/12/2025,B+,PRBC,8,12,104
1769,1,Southern Philippines Medical Center (SPMC),01/01/2024,B+,Platelet Concentrate,2,1,1
1770,1,Southern Philippines Medical Center (SPMC),08/01/2024,B+,Platelet Concentrate,3,1,2
1771,1,Southern Philippines Medical Center (SPMC),15/01/2024,B+,Platelet Concentrate,2,1,3
1772,1,Southern Philippines Medical Center (SPMC),22/01/2024,B+,Platelet Concentrate,2,1,4
1773,1,Southern Philippines Medical Center (SPMC),29/01/2024,B+,Platelet Concentrate,2,1,5
1774,1,Southern Philippines Medical Center (SPMC),05/02/2024,B+,Platelet Concentrate,2,2,6
1775,1,Southern Philippines Medical Center (SPMC),12/02/2024,B+,Platelet Concentrate,2,2,7
1776,1,Southern Philippines Medical Center (SPMC),19/02/2024,B+,Platelet Concentrate,2,2,8
1777,1,Southern Philippines Medical Center (SPMC),26/02/2024,B+,Platelet Concentrate,2,2,9
1778,1,Southern Philippines Medical Center (SPMC),04/03/2024,B+,Platelet Concentrate,2,3,10
1779,1,Southern Philippines Medical Center (SPMC),11/03/2024,B+,Platelet Concentrate,2,3,11
1780,1,Southern Philippines Medical Center (SPMC),18/03/2024,B+,Platelet Concentrate,2,3,12
1781,1,Southern Philippines Medical Center (SPMC),25/03/2024,B+,Platelet Concentrate,1,3,13
1782,1,Southern Philippines Medical Center (SPMC),01/04/2024,B+,Platelet Concentrate,2,4,14
1783,1,Southern Philippines Medical Center (SPMC),08/04/2024,B+,Platelet Concentrate,2,4,15
1784,1,Southern Philippines Medical Center (SPMC),15/04/2024,B+,Platelet Concentrate,1,4,16
1785,1,Southern Philippines Medical Center (SPMC),22/04/2024,B+,Platelet Concentrate,2,4,17
1786,1,Southern Philippines Medical Center (SPMC),29/04/2024,B+,Platelet Concentrate,2,4,18
1787,1,Southern Philippines Medical Center (SPMC),06/05/2024,B+,Platelet Concentrate,2,5,19
1788,1,Southern Philippines Medical Center (SPMC),13/05/2024,B+,Platelet Concentrate,2,5,20
1789,1,Southern Philippines Medical Center (SPMC),20/05/2024,B+,Platelet Concentrate,2,5,21
1790,1,Southern Philippines Medical Center (SPMC),27/05/2024,B+,Platelet Concentrate,2,5,22
1791,1,Southern Philippines Medical Center (SPMC),03/06/2024,B+,Platelet Concentrate,2,6,23
1792,1,Southern Philippines Medical Center (SPMC),10/06/2024,B+,Platelet Concentrate,2,6,24
1793,1,Southern Philippines Medical Center (SPMC),17/06/2024,B+,Platelet Concentrate,2,6,25
1794,1,Southern Philippines Medical Center (SPMC),24/06/2024,B+,Platelet Concentrate,2,6,26
1795,1,Southern Philippines Medical Center (SPMC),01/07/2024,B+,Platelet Concentrate,2,7,27
1796,1,Southern Philippines Medical Center (SPMC),08/07/2024,B+,Platelet Concentrate,2,7,28
1797,1,Southern Philippines Medical Center (SPMC),15/07/2024,B+,Platelet Concentrate,2,7,29
1798,1,Southern Philippines Medical Center (SPMC),22/07/2024,B+,Platelet Concentrate,2,7,30
1799,1,Southern Philippines Medical Center (SPMC),29/07/2024,B+,Platelet Concentrate,2,7,31
1800,1,Southern Philippines Medical Center (SPMC),05/08/2024,B+,Platelet Concentrate,1,8,32
1801,1,Southern Philippines Medical Center (SPMC),12/08/2024,B+,Platelet Concentrate,2,8,33
1802,1,Southern Philippines Medical Center (SPMC),19/08/2024,B+,Platelet Concentrate,2,8,34
1803,1,Southern Philippines Medical Center (SPMC),26/08/2024,B+,Platelet Concentrate,1,8,35
1804,1,Southern Philippines Medical Center (SPMC),02/09/2024,B+,Platelet Concentrate,2,9,36
1805,1,Southern Philippines Medical Center (SPMC),09/09/2024,B+,Platelet Concentrate,2,9,37
1806,1,Southern Philippines Medical Center (SPMC),16/09/2024,B+,Platelet Concentrate,2,9,38
1807,1,Southern Philippines Medical Center (SPMC),23/09/2024,B+,Platelet Concentrate,2,9,39
1808,1,Southern Philippines Medical Center (SPMC),30/09/2024,B+,Platelet Concentrate,2,9,40
1809,1,Southern Philippines Medical Center (SPMC),07/10/2024,B+,Platelet Concentrate,2,10,41
1810,1,Southern Philippines Medical Center (SPMC),14/10/2024,B+,Platelet Concentrate,2,10,42
1811,1,Southern Philippines Medical Center (SPMC),21/10/2024,B+,Platelet Concentrate,2,10,43
1812,1,Southern Philippines Medical Center (SPMC),28/10/2024,B+,Platelet Concentrate,3,10,44
1813,1,Southern Philippines Medical Center (SPMC),04/11/2024,B+,Platelet Concentrate,2,11,45
1814,1,Southern Philippines Medical Center (SPMC),11/11/2024,B+,Platelet Concentrate,1,11,46
1815,1,Southern Philippines Medical Center (SPMC),18/11/2024,B+,Platelet Concentrate,3,11,47
1816,1,Southern Philippines Medical Center (SPMC),25/11/2024,B+,Platelet Concentrate,2,11,48
1817,1,Southern Philippines Medical Center (SPMC),02/12/2024,B+,Platelet Concentrate,2,12,49
1818,1,Southern Philippines Medical Center (SPMC),09/12/2024,B+,Platelet Concentrate,2,12,50
1819,1,Southern Philippines Medical Center (SPMC),16/12/2024,B+,Platelet Concentrate,2,12,51
1820,1,Southern Philippines Medical Center (SPMC),23/12/2024,B+,Platelet Concentrate,2,12,52
1821,1,Southern Philippines Medical Center (SPMC),30/12/2024,B+,Platelet Concentrate,2,12,53
1822,1,Southern Philippines Medical Center (SPMC),06/01/2025,B+,Platelet Concentrate,2,1,54
1823,1,Southern Philippines Medical Center (SPMC),13/01/2025,B+,Platelet Concentrate,2,1,55
1824,1,Southern Philippines Medical Center (SPMC),20/01/2025,B+,Platelet Concentrate,2,1,56
1825,1,Southern Philippines Medical Center (SPMC),27/01/2025,B+,Platelet Concentrate,2,1,57
1826,1,Southern Philippines Medical Center (SPMC),03/02/2025,B+,Platelet Concentrate,2,2,58
1827,1,Southern Philippines Medical Center (SPMC),10/02/2025,B+,Platelet Concentrate,2,2,59
1828,1,Southern Philippines Medical Center (SPMC),17/02/2025,B+,Platelet Concentrate,2,2,60
1829,1,Southern Philippines Medical Center (SPMC),24/02/2025,B+,Platelet Concentrate,2,2,61
1830,1,Southern Philippines Medical Center (SPMC),03/03/2025,B+,Platelet Concentrate,2,3,62
1831,1,Southern Philippines Medical Center (SPMC),10/03/2025,B+,Platelet Concentrate,2,3,63
1832,1,Southern Philippines Medical Center (SPMC),17/03/2025,B+,Platelet Concentrate,2,3,64
1833,1,Southern Philippines Medical Center (SPMC),24/03/2025,B+,Platelet Concentrate,2,3,65
1834,1,Southern Philippines Medical Center (SPMC),31/03/2025,B+,Platelet Concentrate,2,3,66
1835,1,Southern Philippines Medical Center (SPMC),07/04/2025,B+,Platelet Concentrate,3,4,67
1836,1,Southern Philippines Medical Center (SPMC),14/04/2025,B+,Platelet Concentrate,2,4,68
1837,1,Southern Philippines Medical Center (SPMC),21/04/2025,B+,Platelet Concentrate,2,4,69
1838,1,Southern Philippines Medical Center (SPMC),28/04/2025,B+,Platelet Concentrate,2,4,70
1839,1,Southern Philippines Medical Center (SPMC),05/05/2025,B+,Platelet Concentrate,2,5,71
1840,1,Southern Philippines Medical Center (SPMC),12/05/2025,B+,Platelet Concentrate,2,5,72
1841,1,Southern Philippines Medical Center (SPMC),19/05/2025,B+,Platelet Concentrate,2,5,73
1842,1,Southern Philippines Medical Center (SPMC),26/05/2025,B+,Platelet Concentrate,2,5,74
1843,1,Southern Philippines Medical Center (SPMC),02/06/2025,B+,Platelet Concentrate,1,6,75
1844,1,Southern Philippines Medical Center (SPMC),09/06/2025,B+,Platelet Concentrate,2,6,76
1845,1,Southern Philippines Medical Center (SPMC),16/06/2025,B+,Platelet Concentrate,2,6,77
1846,1,Southern Philippines Medical Center (SPMC),23/06/2025,B+,Platelet Concentrate,1,6,78
1847,1,Southern Philippines Medical Center (SPMC),30/06/2025,B+,Platelet Concentrate,2,6,79
1848,1,Southern Philippines Medical Center (SPMC),07/07/2025,B+,Platelet Concentrate,2,7,80
1849,1,Southern Philippines Medical Center (SPMC),14/07/2025,B+,Platelet Concentrate,2,7,81
1850,1,Southern Philippines Medical Center (SPMC),21/07/2025,B+,Platelet Concentrate,2,7,82
1851,1,Southern Philippines Medical Center (SPMC),28/07/2025,B+,Platelet Concentrate,2,7,83
1852,1,Southern Philippines Medical Center (SPMC),04/08/2025,B+,Platelet Concentrate,2,8,84
1853,1,Southern Philippines Medical Center (SPMC),11/08/2025,B+,Platelet Concentrate,2,8,85
1854,1,Southern Philippines Medical Center (SPMC),18/08/2025,B+,Platelet Concentrate,2,8,86
1855,1,Southern Philippines Medical Center (SPMC),25/08/2025,B+,Platelet Concentrate,2,8,87
1856,1,Southern Philippines Medical Center (SPMC),01/09/2025,B+,Platelet Concentrate,2,9,88
1857,1,Southern Philippines Medical Center (SPMC),08/09/2025,B+,Platelet Concentrate,1,9,89
1858,1,Southern Philippines Medical Center (SPMC),15/09/2025,B+,Platelet Concentrate,2,9,90
1859,1,Southern Philippines Medical Center (SPMC),22/09/2025,B+,Platelet Concentrate,2,9,91
1860,1,Southern Philippines Medical Center (SPMC),29/09/2025,B+,Platelet Concentrate,2,9,92
1861,1,Southern Philippines Medical Center (SPMC),06/10/2025,B+,Platelet Concentrate,2,10,93
1862,1,Southern Philippines Medical Center (SPMC),13/10/2025,B+,Platelet Concentrate,2,10,94
1863,1,Southern Philippines Medical Center (SPMC),20/10/2025,B+,Platelet Concentrate,2,10,95
1864,1,Southern Philippines Medical Center (SPMC),27/10/2025,B+,Platelet Concentrate,2,10,96
1865,1,Southern Philippines Medical Center (SPMC),03/11/2025,B+,Platelet Concentrate,2,11,97
1866,1,Southern Philippines Medical Center (SPMC),10/11/2025,B+,Platelet Concentrate,2,11,98
1867,1,Southern Philippines Medical Center (SPMC),17/11/2025,B+,Platelet Concentrate,2,11,99
1868,1,Southern Philippines Medical Center (SPMC),24/11/2025,B+,Platelet Concentrate,2,11,100
1869,1,Southern Philippines Medical Center (SPMC),01/12/2025,B+,Platelet Concentrate,2,12,101
1870,1,Southern Philippines Medical Center (SPMC),08/12/2025,B+,Platelet Concentrate,2,12,102
1871,1,Southern Philippines Medical Center (SPMC),15/12/2025,B+,Platelet Concentrate,2,12,103
1872,1,Southern Philippines Medical Center (SPMC),22/12/2025,B+,Platelet Concentrate,3,12,104
1873,1,Southern Philippines Medical Center (SPMC),01/01/2024,B+,FFP,2,1,1
1874,1,Southern Philippines Medical Center (SPMC),08/01/2024,B+,FFP,3,1,2
1875,1,Southern Philippines Medical Center (SPMC),15/01/2024,B+,FFP,3,1,3
1876,1,Southern Philippines Medical Center (SPMC),22/01/2024,B+,FFP,2,1,4
1877,1,Southern Philippines Medical Center (SPMC),29/01/2024,B+,FFP,3,1,5
1878,1,Southern Philippines Medical Center (SPMC),05/02/2024,B+,FFP,3,2,6
1879,1,Southern Philippines Medical Center (SPMC),12/02/2024,B+,FFP,2,2,7
1880,1,Southern Philippines Medical Center (SPMC),19/02/2024,B+,FFP,3,2,8
1881,1,Southern Philippines Medical Center (SPMC),26/02/2024,B+,FFP,3,2,9
1882,1,Southern Philippines Medical Center (SPMC),04/03/2024,B+,FFP,2,3,10
1883,1,Southern Philippines Medical Center (SPMC),11/03/2024,B+,FFP,3,3,11
1884,1,Southern Philippines Medical Center (SPMC),18/03/2024,B+,FFP,2,3,12
1885,1,Southern Philippines Medical Center (SPMC),25/03/2024,B+,FFP,3,3,13
1886,1,Southern Philippines Medical Center (SPMC),01/04/2024,B+,FFP,2,4,14
1887,1,Southern Philippines Medical Center (SPMC),08/04/2024,B+,FFP,3,4,15
1888,1,Southern Philippines Medical Center (SPMC),15/04/2024,B+,FFP,3,4,16
1889,1,Southern Philippines Medical Center (SPMC),22/04/2024,B+,FFP,3,4,17
1890,1,Southern Philippines Medical Center (SPMC),29/04/2024,B+,FFP,2,4,18
1891,1,Southern Philippines Medical Center (SPMC),06/05/2024,B+,FFP,2,5,19
1892,1,Southern Philippines Medical Center (SPMC),13/05/2024,B+,FFP,3,5,20
1893,1,Southern Philippines Medical Center (SPMC),20/05/2024,B+,FFP,3,5,21
1894,1,Southern Philippines Medical Center (SPMC),27/05/2024,B+,FFP,2,5,22
1895,1,Southern Philippines Medical Center (SPMC),03/06/2024,B+,FFP,3,6,23
1896,1,Southern Philippines Medical Center (SPMC),10/06/2024,B+,FFP,2,6,24
1897,1,Southern Philippines Medical Center (SPMC),17/06/2024,B+,FFP,3,6,25
1898,1,Southern Philippines Medical Center (SPMC),24/06/2024,B+,FFP,3,6,26
1899,1,Southern Philippines Medical Center (SPMC),01/07/2024,B+,FFP,2,7,27
1900,1,Southern Philippines Medical Center (SPMC),08/07/2024,B+,FFP,2,7,28
1901,1,Southern Philippines Medical Center (SPMC),15/07/2024,B+,FFP,3,7,29
1902,1,Southern Philippines Medical Center (SPMC),22/07/2024,B+,FFP,3,7,30
1903,1,Southern Philippines Medical Center (SPMC),29/07/2024,B+,FFP,3,7,31
1904,1,Southern Philippines Medical Center (SPMC),05/08/2024,B+,FFP,3,8,32
1905,1,Southern Philippines Medical Center (SPMC),12/08/2024,B+,FFP,3,8,33
1906,1,Southern Philippines Medical Center (SPMC),19/08/2024,B+,FFP,3,8,34
1907,1,Southern Philippines Medical Center (SPMC),26/08/2024,B+,FFP,2,8,35
1908,1,Southern Philippines Medical Center (SPMC),02/09/2024,B+,FFP,2,9,36
1909,1,Southern Philippines Medical Center (SPMC),09/09/2024,B+,FFP,3,9,37
1910,1,Southern Philippines Medical Center (SPMC),16/09/2024,B+,FFP,3,9,38
1911,1,Southern Philippines Medical Center (SPMC),23/09/2024,B+,FFP,3,9,39
1912,1,Southern Philippines Medical Center (SPMC),30/09/2024,B+,FFP,3,9,40
1913,1,Southern Philippines Medical Center (SPMC),07/10/2024,B+,FFP,2,10,41
1914,1,Southern Philippines Medical Center (SPMC),14/10/2024,B+,FFP,2,10,42
1915,1,Southern Philippines Medical Center (SPMC),21/10/2024,B+,FFP,2,10,43
1916,1,Southern Philippines Medical Center (SPMC),28/10/2024,B+,FFP,4,10,44
1917,1,Southern Philippines Medical Center (SPMC),04/11/2024,B+,FFP,3,11,45
1918,1,Southern Philippines Medical Center (SPMC),11/11/2024,B+,FFP,3,11,46
1919,1,Southern Philippines Medical Center (SPMC),18/11/2024,B+,FFP,3,11,47
1920,1,Southern Philippines Medical Center (SPMC),25/11/2024,B+,FFP,3,11,48
1921,1,Southern Philippines Medical Center (SPMC),02/12/2024,B+,FFP,3,12,49
1922,1,Southern Philippines Medical Center (SPMC),09/12/2024,B+,FFP,3,12,50
1923,1,Southern Philippines Medical Center (SPMC),16/12/2024,B+,FFP,3,12,51
1924,1,Southern Philippines Medical Center (SPMC),23/12/2024,B+,FFP,3,12,52
1925,1,Southern Philippines Medical Center (SPMC),30/12/2024,B+,FFP,3,12,53
1926,1,Southern Philippines Medical Center (SPMC),06/01/2025,B+,FFP,3,1,54
1927,1,Southern Philippines Medical Center (SPMC),13/01/2025,B+,FFP,3,1,55
1928,1,Southern Philippines Medical Center (SPMC),20/01/2025,B+,FFP,3,1,56
1929,1,Southern Philippines Medical Center (SPMC),27/01/2025,B+,FFP,3,1,57
1930,1,Southern Philippines Medical Center (SPMC),03/02/2025,B+,FFP,3,2,58
1931,1,Southern Philippines Medical Center (SPMC),10/02/2025,B+,FFP,3,2,59
1932,1,Southern Philippines Medical Center (SPMC),17/02/2025,B+,FFP,3,2,60
1933,1,Southern Philippines Medical Center (SPMC),24/02/2025,B+,FFP,3,2,61
1934,1,Southern Philippines Medical Center (SPMC),03/03/2025,B+,FFP,3,3,62
1935,1,Southern Philippines Medical Center (SPMC),10/03/2025,B+,FFP,3,3,63
1936,1,Southern Philippines Medical Center (SPMC),17/03/2025,B+,FFP,2,3,64
1937,1,Southern Philippines Medical Center (SPMC),24/03/2025,B+,FFP,2,3,65
1938,1,Southern Philippines Medical Center (SPMC),31/03/2025,B+,FFP,3,3,66
1939,1,Southern Philippines Medical Center (SPMC),07/04/2025,B+,FFP,2,4,67
1940,1,Southern Philippines Medical Center (SPMC),14/04/2025,B+,FFP,3,4,68
1941,1,Southern Philippines Medical Center (SPMC),21/04/2025,B+,FFP,3,4,69
1942,1,Southern Philippines Medical Center (SPMC),28/04/2025,B+,FFP,3,4,70
1943,1,Southern Philippines Medical Center (SPMC),05/05/2025,B+,FFP,4,5,71
1944,1,Southern Philippines Medical Center (SPMC),12/05/2025,B+,FFP,2,5,72
1945,1,Southern Philippines Medical Center (SPMC),19/05/2025,B+,FFP,3,5,73
1946,1,Southern Philippines Medical Center (SPMC),26/05/2025,B+,FFP,3,5,74
1947,1,Southern Philippines Medical Center (SPMC),02/06/2025,B+,FFP,3,6,75
1948,1,Southern Philippines Medical Center (SPMC),09/06/2025,B+,FFP,2,6,76
1949,1,Southern Philippines Medical Center (SPMC),16/06/2025,B+,FFP,4,6,77
1950,1,Southern Philippines Medical Center (SPMC),23/06/2025,B+,FFP,3,6,78
1951,1,Southern Philippines Medical Center (SPMC),30/06/2025,B+,FFP,3,6,79
1952,1,Southern Philippines Medical Center (SPMC),07/07/2025,B+,FFP,3,7,80
1953,1,Southern Philippines Medical Center (SPMC),14/07/2025,B+,FFP,3,7,81
1954,1,Southern Philippines Medical Center (SPMC),21/07/2025,B+,FFP,3,7,82
1955,1,Southern Philippines Medical Center (SPMC),28/07/2025,B+,FFP,2,7,83
1956,1,Southern Philippines Medical Center (SPMC),04/08/2025,B+,FFP,3,8,84
1957,1,Southern Philippines Medical Center (SPMC),11/08/2025,B+,FFP,3,8,85
1958,1,Southern Philippines Medical Center (SPMC),18/08/2025,B+,FFP,3,8,86
1959,1,Southern Philippines Medical Center (SPMC),25/08/2025,B+,FFP,3,8,87
1960,1,Southern Philippines Medical Center (SPMC),01/09/2025,B+,FFP,3,9,88
1961,1,Southern Philippines Medical Center (SPMC),08/09/2025,B+,FFP,4,9,89
1962,1,Southern Philippines Medical Center (SPMC),15/09/2025,B+,FFP,3,9,90
1963,1,Southern Philippines Medical Center (SPMC),22/09/2025,B+,FFP,3,9,91
1964,1,Southern Philippines Medical Center (SPMC),29/09/2025,B+,FFP,4,9,92
1965,1,Southern Philippines Medical Center (SPMC),06/10/2025,B+,FFP,3,10,93
1966,1,Southern Philippines Medical Center (SPMC),13/10/2025,B+,FFP,3,10,94
1967,1,Southern Philippines Medical Center (SPMC),20/10/2025,B+,FFP,2,10,95
1968,1,Southern Philippines Medical Center (SPMC),27/10/2025,B+,FFP,4,10,96
1969,1,Southern Philippines Medical Center (SPMC),03/11/2025,B+,FFP,3,11,97
1970,1,Southern Philippines Medical Center (SPMC),10/11/2025,B+,FFP,2,11,98
1971,1,Southern Philippines Medical Center (SPMC),17/11/2025,B+,FFP,2,11,99
1972,1,Southern Philippines Medical Center (SPMC),24/11/2025,B+,FFP,2,11,100
1973,1,Southern Philippines Medical Center (SPMC),01/12/2025,B+,FFP,4,12,101
1974,1,Southern Philippines Medical Center (SPMC),08/12/2025,B+,FFP,4,12,102
1975,1,Southern Philippines Medical Center (SPMC),15/12/2025,B+,FFP,3,12,103
1976,1,Southern Philippines Medical Center (SPMC),22/12/2025,B+,FFP,3,12,104
1977,1,Southern Philippines Medical Center (SPMC),01/01/2024,B+,Cryoprecipitate,0,1,1
1978,1,Southern Philippines Medical Center (SPMC),08/01/2024,B+,Cryoprecipitate,1,1,2
1979,1,Southern Philippines Medical Center (SPMC),15/01/2024,B+,Cryoprecipitate,0,1,3
1980,1,Southern Philippines Medical Center (SPMC),22/01/2024,B+,Cryoprecipitate,1,1,4
1981,1,Southern Philippines Medical Center (SPMC),29/01/2024,B+,Cryoprecipitate,1,1,5
1982,1,Southern Philippines Medical Center (SPMC),05/02/2024,B+,Cryoprecipitate,1,2,6
1983,1,Southern Philippines Medical Center (SPMC),12/02/2024,B+,Cryoprecipitate,1,2,7
1984,1,Southern Philippines Medical Center (SPMC),19/02/2024,B+,Cryoprecipitate,0,2,8
1985,1,Southern Philippines Medical Center (SPMC),26/02/2024,B+,Cryoprecipitate,1,2,9
1986,1,Southern Philippines Medical Center (SPMC),04/03/2024,B+,Cryoprecipitate,1,3,10
1987,1,Southern Philippines Medical Center (SPMC),11/03/2024,B+,Cryoprecipitate,1,3,11
1988,1,Southern Philippines Medical Center (SPMC),18/03/2024,B+,Cryoprecipitate,1,3,12
1989,1,Southern Philippines Medical Center (SPMC),25/03/2024,B+,Cryoprecipitate,0,3,13
1990,1,Southern Philippines Medical Center (SPMC),01/04/2024,B+,Cryoprecipitate,1,4,14
1991,1,Southern Philippines Medical Center (SPMC),08/04/2024,B+,Cryoprecipitate,0,4,15
1992,1,Southern Philippines Medical Center (SPMC),15/04/2024,B+,Cryoprecipitate,1,4,16
1993,1,Southern Philippines Medical Center (SPMC),22/04/2024,B+,Cryoprecipitate,0,4,17
1994,1,Southern Philippines Medical Center (SPMC),29/04/2024,B+,Cryoprecipitate,1,4,18
1995,1,Southern Philippines Medical Center (SPMC),06/05/2024,B+,Cryoprecipitate,1,5,19
1996,1,Southern Philippines Medical Center (SPMC),13/05/2024,B+,Cryoprecipitate,1,5,20
1997,1,Southern Philippines Medical Center (SPMC),20/05/2024,B+,Cryoprecipitate,1,5,21
1998,1,Southern Philippines Medical Center (SPMC),27/05/2024,B+,Cryoprecipitate,0,5,22
1999,1,Southern Philippines Medical Center (SPMC),03/06/2024,B+,Cryoprecipitate,1,6,23
2000,1,Southern Philippines Medical Center (SPMC),10/06/2024,B+,Cryoprecipitate,1,6,24
2001,1,Southern Philippines Medical Center (SPMC),17/06/2024,B+,Cryoprecipitate,1,6,25
2002,1,Southern Philippines Medical Center (SPMC),24/06/2024,B+,Cryoprecipitate,1,6,26
2003,1,Southern Philippines Medical Center (SPMC),01/07/2024,B+,Cryoprecipitate,1,7,27
2004,1,Southern Philippines Medical Center (SPMC),08/07/2024,B+,Cryoprecipitate,1,7,28
2005,1,Southern Philippines Medical Center (SPMC),15/07/2024,B+,Cryoprecipitate,1,7,29
2006,1,Southern Philippines Medical Center (SPMC),22/07/2024,B+,Cryoprecipitate,1,7,30
2007,1,Southern Philippines Medical Center (SPMC),29/07/2024,B+,Cryoprecipitate,1,7,31
2008,1,Southern Philippines Medical Center (SPMC),05/08/2024,B+,Cryoprecipitate,0,8,32
2009,1,Southern Philippines Medical Center (SPMC),12/08/2024,B+,Cryoprecipitate,1,8,33
2010,1,Southern Philippines Medical Center (SPMC),19/08/2024,B+,Cryoprecipitate,0,8,34
2011,1,Southern Philippines Medical Center (SPMC),26/08/2024,B+,Cryoprecipitate,1,8,35
2012,1,Southern Philippines Medical Center (SPMC),02/09/2024,B+,Cryoprecipitate,1,9,36
2013,1,Southern Philippines Medical Center (SPMC),09/09/2024,B+,Cryoprecipitate,1,9,37
2014,1,Southern Philippines Medical Center (SPMC),16/09/2024,B+,Cryoprecipitate,0,9,38
2015,1,Southern Philippines Medical Center (SPMC),23/09/2024,B+,Cryoprecipitate,1,9,39
2016,1,Southern Philippines Medical Center (SPMC),30/09/2024,B+,Cryoprecipitate,1,9,40
2017,1,Southern Philippines Medical Center (SPMC),07/10/2024,B+,Cryoprecipitate,0,10,41
2018,1,Southern Philippines Medical Center (SPMC),14/10/2024,B+,Cryoprecipitate,1,10,42
2019,1,Southern Philippines Medical Center (SPMC),21/10/2024,B+,Cryoprecipitate,1,10,43
2020,1,Southern Philippines Medical Center (SPMC),28/10/2024,B+,Cryoprecipitate,1,10,44
2021,1,Southern Philippines Medical Center (SPMC),04/11/2024,B+,Cryoprecipitate,1,11,45
2022,1,Southern Philippines Medical Center (SPMC),11/11/2024,B+,Cryoprecipitate,1,11,46
2023,1,Southern Philippines Medical Center (SPMC),18/11/2024,B+,Cryoprecipitate,0,11,47
2024,1,Southern Philippines Medical Center (SPMC),25/11/2024,B+,Cryoprecipitate,0,11,48
2025,1,Southern Philippines Medical Center (SPMC),02/12/2024,B+,Cryoprecipitate,1,12,49
2026,1,Southern Philippines Medical Center (SPMC),09/12/2024,B+,Cryoprecipitate,1,12,50
2027,1,Southern Philippines Medical Center (SPMC),16/12/2024,B+,Cryoprecipitate,1,12,51
2028,1,Southern Philippines Medical Center (SPMC),23/12/2024,B+,Cryoprecipitate,1,12,52
2029,1,Southern Philippines Medical Center (SPMC),30/12/2024,B+,Cryoprecipitate,1,12,53
2030,1,Southern Philippines Medical Center (SPMC),06/01/2025,B+,Cryoprecipitate,1,1,54
2031,1,Southern Philippines Medical Center (SPMC),13/01/2025,B+,Cryoprecipitate,1,1,55
2032,1,Southern Philippines Medical Center (SPMC),20/01/2025,B+,Cryoprecipitate,1,1,56
2033,1,Southern Philippines Medical Center (SPMC),27/01/2025,B+,Cryoprecipitate,1,1,57
2034,1,Southern Philippines Medical Center (SPMC),03/02/2025,B+,Cryoprecipitate,0,2,58
2035,1,Southern Philippines Medical Center (SPMC),10/02/2025,B+,Cryoprecipitate,1,2,59
2036,1,Southern Philippines Medical Center (SPMC),17/02/2025,B+,Cryoprecipitate,1,2,60
2037,1,Southern Philippines Medical Center (SPMC),24/02/2025,B+,Cryoprecipitate,0,2,61
2038,1,Southern Philippines Medical Center (SPMC),03/03/2025,B+,Cryoprecipitate,1,3,62
2039,1,Southern Philippines Medical Center (SPMC),10/03/2025,B+,Cryoprecipitate,1,3,63
2040,1,Southern Philippines Medical Center (SPMC),17/03/2025,B+,Cryoprecipitate,0,3,64
2041,1,Southern Philippines Medical Center (SPMC),24/03/2025,B+,Cryoprecipitate,1,3,65
2042,1,Southern Philippines Medical Center (SPMC),31/03/2025,B+,Cryoprecipitate,1,3,66
2043,1,Southern Philippines Medical Center (SPMC),07/04/2025,B+,Cryoprecipitate,1,4,67
2044,1,Southern Philippines Medical Center (SPMC),14/04/2025,B+,Cryoprecipitate,1,4,68
2045,1,Southern Philippines Medical Center (SPMC),21/04/2025,B+,Cryoprecipitate,1,4,69
2046,1,Southern Philippines Medical Center (SPMC),28/04/2025,B+,Cryoprecipitate,1,4,70
2047,1,Southern Philippines Medical Center (SPMC),05/05/2025,B+,Cryoprecipitate,1,5,71
2048,1,Southern Philippines Medical Center (SPMC),12/05/2025,B+,Cryoprecipitate,1,5,72
2049,1,Southern Philippines Medical Center (SPMC),19/05/2025,B+,Cryoprecipitate,0,5,73
2050,1,Southern Philippines Medical Center (SPMC),26/05/2025,B+,Cryoprecipitate,1,5,74
2051,1,Southern Philippines Medical Center (SPMC),02/06/2025,B+,Cryoprecipitate,0,6,75
2052,1,Southern Philippines Medical Center (SPMC),09/06/2025,B+,Cryoprecipitate,1,6,76
2053,1,Southern Philippines Medical Center (SPMC),16/06/2025,B+,Cryoprecipitate,1,6,77
2054,1,Southern Philippines Medical Center (SPMC),23/06/2025,B+,Cryoprecipitate,1,6,78
2055,1,Southern Philippines Medical Center (SPMC),30/06/2025,B+,Cryoprecipitate,1,6,79
2056,1,Southern Philippines Medical Center (SPMC),07/07/2025,B+,Cryoprecipitate,1,7,80
2057,1,Southern Philippines Medical Center (SPMC),14/07/2025,B+,Cryoprecipitate,0,7,81
2058,1,Southern Philippines Medical Center (SPMC),21/07/2025,B+,Cryoprecipitate,0,7,82
2059,1,Southern Philippines Medical Center (SPMC),28/07/2025,B+,Cryoprecipitate,1,7,83
2060,1,Southern Philippines Medical Center (SPMC),04/08/2025,B+,Cryoprecipitate,1,8,84
2061,1,Southern Philippines Medical Center (SPMC),11/08/2025,B+,Cryoprecipitate,1,8,85
2062,1,Southern Philippines Medical Center (SPMC),18/08/2025,B+,Cryoprecipitate,1,8,86
2063,1,Southern Philippines Medical Center (SPMC),25/08/2025,B+,Cryoprecipitate,1,8,87
2064,1,Southern Philippines Medical Center (SPMC),01/09/2025,B+,Cryoprecipitate,1,9,88
2065,1,Southern Philippines Medical Center (SPMC),08/09/2025,B+,Cryoprecipitate,1,9,89
2066,1,Southern Philippines Medical Center (SPMC),15/09/2025,B+,Cryoprecipitate,1,9,90
2067,1,Southern Philippines Medical Center (SPMC),22/09/2025,B+,Cryoprecipitate,1,9,91
2068,1,Southern Philippines Medical Center (SPMC),29/09/2025,B+,Cryoprecipitate,1,9,92
2069,1,Southern Philippines Medical Center (SPMC),06/10/2025,B+,Cryoprecipitate,0,10,93
2070,1,Southern Philippines Medical Center (SPMC),13/10/2025,B+,Cryoprecipitate,1,10,94
2071,1,Southern Philippines Medical Center (SPMC),20/10/2025,B+,Cryoprecipitate,1,10,95
2072,1,Southern Philippines Medical Center (SPMC),27/10/2025,B+,Cryoprecipitate,1,10,96
2073,1,Southern Philippines Medical Center (SPMC),03/11/2025,B+,Cryoprecipitate,1,11,97
2074,1,Southern Philippines Medical Center (SPMC),10/11/2025,B+,Cryoprecipitate,1,11,98
2075,1,Southern Philippines Medical Center (SPMC),17/11/2025,B+,Cryoprecipitate,1,11,99
2076,1,Southern Philippines Medical Center (SPMC),24/11/2025,B+,Cryoprecipitate,1,11,100
2077,1,Southern Philippines Medical Center (SPMC),01/12/2025,B+,Cryoprecipitate,1,12,101
2078,1,Southern Philippines Medical Center (SPMC),08/12/2025,B+,Cryoprecipitate,1,12,102
2079,1,Southern Philippines Medical Center (SPMC),15/12/2025,B+,Cryoprecipitate,1,12,103
2080,1,Southern Philippines Medical Center (SPMC),22/12/2025,B+,Cryoprecipitate,1,12,104
2081,1,Southern Philippines Medical Center (SPMC),01/01/2024,B+,Cryosupernate,1,1,1
2082,1,Southern Philippines Medical Center (SPMC),08/01/2024,B+,Cryosupernate,1,1,2
2083,1,Southern Philippines Medical Center (SPMC),15/01/2024,B+,Cryosupernate,1,1,3
2084,1,Southern Philippines Medical Center (SPMC),22/01/2024,B+,Cryosupernate,0,1,4
2085,1,Southern Philippines Medical Center (SPMC),29/01/2024,B+,Cryosupernate,1,1,5
2086,1,Southern Philippines Medical Center (SPMC),05/02/2024,B+,Cryosupernate,0,2,6
2087,1,Southern Philippines Medical Center (SPMC),12/02/2024,B+,Cryosupernate,1,2,7
2088,1,Southern Philippines Medical Center (SPMC),19/02/2024,B+,Cryosupernate,0,2,8
2089,1,Southern Philippines Medical Center (SPMC),26/02/2024,B+,Cryosupernate,0,2,9
2090,1,Southern Philippines Medical Center (SPMC),04/03/2024,B+,Cryosupernate,1,3,10
2091,1,Southern Philippines Medical Center (SPMC),11/03/2024,B+,Cryosupernate,0,3,11
2092,1,Southern Philippines Medical Center (SPMC),18/03/2024,B+,Cryosupernate,1,3,12
2093,1,Southern Philippines Medical Center (SPMC),25/03/2024,B+,Cryosupernate,1,3,13
2094,1,Southern Philippines Medical Center (SPMC),01/04/2024,B+,Cryosupernate,0,4,14
2095,1,Southern Philippines Medical Center (SPMC),08/04/2024,B+,Cryosupernate,0,4,15
2096,1,Southern Philippines Medical Center (SPMC),15/04/2024,B+,Cryosupernate,0,4,16
2097,1,Southern Philippines Medical Center (SPMC),22/04/2024,B+,Cryosupernate,0,4,17
2098,1,Southern Philippines Medical Center (SPMC),29/04/2024,B+,Cryosupernate,0,4,18
2099,1,Southern Philippines Medical Center (SPMC),06/05/2024,B+,Cryosupernate,0,5,19
2100,1,Southern Philippines Medical Center (SPMC),13/05/2024,B+,Cryosupernate,0,5,20
2101,1,Southern Philippines Medical Center (SPMC),20/05/2024,B+,Cryosupernate,0,5,21
2102,1,Southern Philippines Medical Center (SPMC),27/05/2024,B+,Cryosupernate,1,5,22
2103,1,Southern Philippines Medical Center (SPMC),03/06/2024,B+,Cryosupernate,1,6,23
2104,1,Southern Philippines Medical Center (SPMC),10/06/2024,B+,Cryosupernate,0,6,24
2105,1,Southern Philippines Medical Center (SPMC),17/06/2024,B+,Cryosupernate,0,6,25
2106,1,Southern Philippines Medical Center (SPMC),24/06/2024,B+,Cryosupernate,1,6,26
2107,1,Southern Philippines Medical Center (SPMC),01/07/2024,B+,Cryosupernate,1,7,27
2108,1,Southern Philippines Medical Center (SPMC),08/07/2024,B+,Cryosupernate,1,7,28
2109,1,Southern Philippines Medical Center (SPMC),15/07/2024,B+,Cryosupernate,0,7,29
2110,1,Southern Philippines Medical Center (SPMC),22/07/2024,B+,Cryosupernate,1,7,30
2111,1,Southern Philippines Medical Center (SPMC),29/07/2024,B+,Cryosupernate,1,7,31
2112,1,Southern Philippines Medical Center (SPMC),05/08/2024,B+,Cryosupernate,1,8,32
2113,1,Southern Philippines Medical Center (SPMC),12/08/2024,B+,Cryosupernate,1,8,33
2114,1,Southern Philippines Medical Center (SPMC),19/08/2024,B+,Cryosupernate,0,8,34
2115,1,Southern Philippines Medical Center (SPMC),26/08/2024,B+,Cryosupernate,1,8,35
2116,1,Southern Philippines Medical Center (SPMC),02/09/2024,B+,Cryosupernate,1,9,36
2117,1,Southern Philippines Medical Center (SPMC),09/09/2024,B+,Cryosupernate,1,9,37
2118,1,Southern Philippines Medical Center (SPMC),16/09/2024,B+,Cryosupernate,0,9,38
2119,1,Southern Philippines Medical Center (SPMC),23/09/2024,B+,Cryosupernate,0,9,39
2120,1,Southern Philippines Medical Center (SPMC),30/09/2024,B+,Cryosupernate,0,9,40
2121,1,Southern Philippines Medical Center (SPMC),07/10/2024,B+,Cryosupernate,0,10,41
2122,1,Southern Philippines Medical Center (SPMC),14/10/2024,B+,Cryosupernate,0,10,42
2123,1,Southern Philippines Medical Center (SPMC),21/10/2024,B+,Cryosupernate,1,10,43
2124,1,Southern Philippines Medical Center (SPMC),28/10/2024,B+,Cryosupernate,1,10,44
2125,1,Southern Philippines Medical Center (SPMC),04/11/2024,B+,Cryosupernate,0,11,45
2126,1,Southern Philippines Medical Center (SPMC),11/11/2024,B+,Cryosupernate,0,11,46
2127,1,Southern Philippines Medical Center (SPMC),18/11/2024,B+,Cryosupernate,1,11,47
2128,1,Southern Philippines Medical Center (SPMC),25/11/2024,B+,Cryosupernate,0,11,48
2129,1,Southern Philippines Medical Center (SPMC),02/12/2024,B+,Cryosupernate,0,12,49
2130,1,Southern Philippines Medical Center (SPMC),09/12/2024,B+,Cryosupernate,0,12,50
2131,1,Southern Philippines Medical Center (SPMC),16/12/2024,B+,Cryosupernate,1,12,51
2132,1,Southern Philippines Medical Center (SPMC),23/12/2024,B+,Cryosupernate,0,12,52
2133,1,Southern Philippines Medical Center (SPMC),30/12/2024,B+,Cryosupernate,0,12,53
2134,1,Southern Philippines Medical Center (SPMC),06/01/2025,B+,Cryosupernate,1,1,54
2135,1,Southern Philippines Medical Center (SPMC),13/01/2025,B+,Cryosupernate,1,1,55
2136,1,Southern Philippines Medical Center (SPMC),20/01/2025,B+,Cryosupernate,1,1,56
2137,1,Southern Philippines Medical Center (SPMC),27/01/2025,B+,Cryosupernate,1,1,57
2138,1,Southern Philippines Medical Center (SPMC),03/02/2025,B+,Cryosupernate,1,2,58
2139,1,Southern Philippines Medical Center (SPMC),10/02/2025,B+,Cryosupernate,1,2,59
2140,1,Southern Philippines Medical Center (SPMC),17/02/2025,B+,Cryosupernate,0,2,60
2141,1,Southern Philippines Medical Center (SPMC),24/02/2025,B+,Cryosupernate,0,2,61
2142,1,Southern Philippines Medical Center (SPMC),03/03/2025,B+,Cryosupernate,0,3,62
2143,1,Southern Philippines Medical Center (SPMC),10/03/2025,B+,Cryosupernate,0,3,63
2144,1,Southern Philippines Medical Center (SPMC),17/03/2025,B+,Cryosupernate,1,3,64
2145,1,Southern Philippines Medical Center (SPMC),24/03/2025,B+,Cryosupernate,0,3,65
2146,1,Southern Philippines Medical Center (SPMC),31/03/2025,B+,Cryosupernate,0,3,66
2147,1,Southern Philippines Medical Center (SPMC),07/04/2025,B+,Cryosupernate,1,4,67
2148,1,Southern Philippines Medical Center (SPMC),14/04/2025,B+,Cryosupernate,0,4,68
2149,1,Southern Philippines Medical Center (SPMC),21/04/2025,B+,Cryosupernate,0,4,69
2150,1,Southern Philippines Medical Center (SPMC),28/04/2025,B+,Cryosupernate,0,4,70
2151,1,Southern Philippines Medical Center (SPMC),05/05/2025,B+,Cryosupernate,1,5,71
2152,1,Southern Philippines Medical Center (SPMC),12/05/2025,B+,Cryosupernate,1,5,72
2153,1,Southern Philippines Medical Center (SPMC),19/05/2025,B+,Cryosupernate,0,5,73
2154,1,Southern Philippines Medical Center (SPMC),26/05/2025,B+,Cryosupernate,0,5,74
2155,1,Southern Philippines Medical Center (SPMC),02/06/2025,B+,Cryosupernate,1,6,75
2156,1,Southern Philippines Medical Center (SPMC),09/06/2025,B+,Cryosupernate,1,6,76
2157,1,Southern Philippines Medical Center (SPMC),16/06/2025,B+,Cryosupernate,0,6,77
2158,1,Southern Philippines Medical Center (SPMC),23/06/2025,B+,Cryosupernate,0,6,78
2159,1,Southern Philippines Medical Center (SPMC),30/06/2025,B+,Cryosupernate,1,6,79
2160,1,Southern Philippines Medical Center (SPMC),07/07/2025,B+,Cryosupernate,1,7,80
2161,1,Southern Philippines Medical Center (SPMC),14/07/2025,B+,Cryosupernate,1,7,81
2162,1,Southern Philippines Medical Center (SPMC),21/07/2025,B+,Cryosupernate,0,7,82
2163,1,Southern Philippines Medical Center (SPMC),28/07/2025,B+,Cryosupernate,1,7,83
2164,1,Southern Philippines Medical Center (SPMC),04/08/2025,B+,Cryosupernate,0,8,84
2165,1,Southern Philippines Medical Center (SPMC),11/08/2025,B+,Cryosupernate,1,8,85
2166,1,Southern Philippines Medical Center (SPMC),18/08/2025,B+,Cryosupernate,1,8,86
2167,1,Southern Philippines Medical Center (SPMC),25/08/2025,B+,Cryosupernate,1,8,87
2168,1,Southern Philippines Medical Center (SPMC),01/09/2025,B+,Cryosupernate,0,9,88
2169,1,Southern Philippines Medical Center (SPMC),08/09/2025,B+,Cryosupernate,0,9,89
2170,1,Southern Philippines Medical Center (SPMC),15/09/2025,B+,Cryosupernate,1,9,90
2171,1,Southern Philippines Medical Center (SPMC),22/09/2025,B+,Cryosupernate,1,9,91
2172,1,Southern Philippines Medical Center (SPMC),29/09/2025,B+,Cryosupernate,1,9,92
2173,1,Southern Philippines Medical Center (SPMC),06/10/2025,B+,Cryosupernate,1,10,93
2174,1,Southern Philippines Medical Center (SPMC),13/10/2025,B+,Cryosupernate,1,10,94
2175,1,Southern Philippines Medical Center (SPMC),20/10/2025,B+,Cryosupernate,0,10,95
2176,1,Southern Philippines Medical Center (SPMC),27/10/2025,B+,Cryosupernate,1,10,96
2177,1,Southern Philippines Medical Center (SPMC),03/11/2025,B+,Cryosupernate,0,11,97
2178,1,Southern Philippines Medical Center (SPMC),10/11/2025,B+,Cryosupernate,1,11,98
2179,1,Southern Philippines Medical Center (SPMC),17/11/2025,B+,Cryosupernate,1,11,99
2180,1,Southern Philippines Medical Center (SPMC),24/11/2025,B+,Cryosupernate,1,11,100
2181,1,Southern Philippines Medical Center (SPMC),01/12/2025,B+,Cryosupernate,1,12,101
2182,1,Southern Philippines Medical Center (SPMC),08/12/2025,B+,Cryosupernate,1,12,102
2183,1,Southern Philippines Medical Center (SPMC),15/12/2025,B+,Cryosupernate,1,12,103
2184,1,Southern Philippines Medical Center (SPMC),22/12/2025,B+,Cryosupernate,0,12,104
2185,1,Southern Philippines Medical Center (SPMC),01/01/2024,B-,PRBC,2,1,1
2186,1,Southern Philippines Medical Center (SPMC),08/01/2024,B-,PRBC,1,1,2
2187,1,Southern Philippines Medical Center (SPMC),15/01/2024,B-,PRBC,2,1,3
2188,1,Southern Philippines Medical Center (SPMC),22/01/2024,B-,PRBC,1,1,4
2189,1,Southern Philippines Medical Center (SPMC),29/01/2024,B-,PRBC,2,1,5
2190,1,Southern Philippines Medical Center (SPMC),05/02/2024,B-,PRBC,1,2,6
2191,1,Southern Philippines Medical Center (SPMC),12/02/2024,B-,PRBC,2,2,7
2192,1,Southern Philippines Medical Center (SPMC),19/02/2024,B-,PRBC,2,2,8
2193,1,Southern Philippines Medical Center (SPMC),26/02/2024,B-,PRBC,2,2,9
2194,1,Southern Philippines Medical Center (SPMC),04/03/2024,B-,PRBC,2,3,10
2195,1,Southern Philippines Medical Center (SPMC),11/03/2024,B-,PRBC,2,3,11
2196,1,Southern Philippines Medical Center (SPMC),18/03/2024,B-,PRBC,2,3,12
2197,1,Southern Philippines Medical Center (SPMC),25/03/2024,B-,PRBC,2,3,13
2198,1,Southern Philippines Medical Center (SPMC),01/04/2024,B-,PRBC,1,4,14
2199,1,Southern Philippines Medical Center (SPMC),08/04/2024,B-,PRBC,2,4,15
2200,1,Southern Philippines Medical Center (SPMC),15/04/2024,B-,PRBC,1,4,16
2201,1,Southern Philippines Medical Center (SPMC),22/04/2024,B-,PRBC,2,4,17
2202,1,Southern Philippines Medical Center (SPMC),29/04/2024,B-,PRBC,1,4,18
2203,1,Southern Philippines Medical Center (SPMC),06/05/2024,B-,PRBC,2,5,19
2204,1,Southern Philippines Medical Center (SPMC),13/05/2024,B-,PRBC,2,5,20
2205,1,Southern Philippines Medical Center (SPMC),20/05/2024,B-,PRBC,1,5,21
2206,1,Southern Philippines Medical Center (SPMC),27/05/2024,B-,PRBC,2,5,22
2207,1,Southern Philippines Medical Center (SPMC),03/06/2024,B-,PRBC,2,6,23
2208,1,Southern Philippines Medical Center (SPMC),10/06/2024,B-,PRBC,2,6,24
2209,1,Southern Philippines Medical Center (SPMC),17/06/2024,B-,PRBC,2,6,25
2210,1,Southern Philippines Medical Center (SPMC),24/06/2024,B-,PRBC,2,6,26
2211,1,Southern Philippines Medical Center (SPMC),01/07/2024,B-,PRBC,2,7,27
2212,1,Southern Philippines Medical Center (SPMC),08/07/2024,B-,PRBC,1,7,28
2213,1,Southern Philippines Medical Center (SPMC),15/07/2024,B-,PRBC,2,7,29
2214,1,Southern Philippines Medical Center (SPMC),22/07/2024,B-,PRBC,1,7,30
2215,1,Southern Philippines Medical Center (SPMC),29/07/2024,B-,PRBC,1,7,31
2216,1,Southern Philippines Medical Center (SPMC),05/08/2024,B-,PRBC,1,8,32
2217,1,Southern Philippines Medical Center (SPMC),12/08/2024,B-,PRBC,2,8,33
2218,1,Southern Philippines Medical Center (SPMC),19/08/2024,B-,PRBC,2,8,34
2219,1,Southern Philippines Medical Center (SPMC),26/08/2024,B-,PRBC,1,8,35
2220,1,Southern Philippines Medical Center (SPMC),02/09/2024,B-,PRBC,2,9,36
2221,1,Southern Philippines Medical Center (SPMC),09/09/2024,B-,PRBC,2,9,37
2222,1,Southern Philippines Medical Center (SPMC),16/09/2024,B-,PRBC,1,9,38
2223,1,Southern Philippines Medical Center (SPMC),23/09/2024,B-,PRBC,1,9,39
2224,1,Southern Philippines Medical Center (SPMC),30/09/2024,B-,PRBC,2,9,40
2225,1,Southern Philippines Medical Center (SPMC),07/10/2024,B-,PRBC,2,10,41
2226,1,Southern Philippines Medical Center (SPMC),14/10/2024,B-,PRBC,1,10,42
2227,1,Southern Philippines Medical Center (SPMC),21/10/2024,B-,PRBC,1,10,43
2228,1,Southern Philippines Medical Center (SPMC),28/10/2024,B-,PRBC,2,10,44
2229,1,Southern Philippines Medical Center (SPMC),04/11/2024,B-,PRBC,1,11,45
2230,1,Southern Philippines Medical Center (SPMC),11/11/2024,B-,PRBC,1,11,46
2231,1,Southern Philippines Medical Center (SPMC),18/11/2024,B-,PRBC,2,11,47
2232,1,Southern Philippines Medical Center (SPMC),25/11/2024,B-,PRBC,2,11,48
2233,1,Southern Philippines Medical Center (SPMC),02/12/2024,B-,PRBC,2,12,49
2234,1,Southern Philippines Medical Center (SPMC),09/12/2024,B-,PRBC,2,12,50
2235,1,Southern Philippines Medical Center (SPMC),16/12/2024,B-,PRBC,2,12,51
2236,1,Southern Philippines Medical Center (SPMC),23/12/2024,B-,PRBC,2,12,52
2237,1,Southern Philippines Medical Center (SPMC),30/12/2024,B-,PRBC,2,12,53
2238,1,Southern Philippines Medical Center (SPMC),06/01/2025,B-,PRBC,2,1,54
2239,1,Southern Philippines Medical Center (SPMC),13/01/2025,B-,PRBC,2,1,55
2240,1,Southern Philippines Medical Center (SPMC),20/01/2025,B-,PRBC,1,1,56
2241,1,Southern Philippines Medical Center (SPMC),27/01/2025,B-,PRBC,1,1,57
2242,1,Southern Philippines Medical Center (SPMC),03/02/2025,B-,PRBC,2,2,58
2243,1,Southern Philippines Medical Center (SPMC),10/02/2025,B-,PRBC,2,2,59
2244,1,Southern Philippines Medical Center (SPMC),17/02/2025,B-,PRBC,2,2,60
2245,1,Southern Philippines Medical Center (SPMC),24/02/2025,B-,PRBC,1,2,61
2246,1,Southern Philippines Medical Center (SPMC),03/03/2025,B-,PRBC,2,3,62
2247,1,Southern Philippines Medical Center (SPMC),10/03/2025,B-,PRBC,1,3,63
2248,1,Southern Philippines Medical Center (SPMC),17/03/2025,B-,PRBC,2,3,64
2249,1,Southern Philippines Medical Center (SPMC),24/03/2025,B-,PRBC,2,3,65
2250,1,Southern Philippines Medical Center (SPMC),31/03/2025,B-,PRBC,2,3,66
2251,1,Southern Philippines Medical Center (SPMC),07/04/2025,B-,PRBC,1,4,67
2252,1,Southern Philippines Medical Center (SPMC),14/04/2025,B-,PRBC,2,4,68
2253,1,Southern Philippines Medical Center (SPMC),21/04/2025,B-,PRBC,2,4,69
2254,1,Southern Philippines Medical Center (SPMC),28/04/2025,B-,PRBC,2,4,70
2255,1,Southern Philippines Medical Center (SPMC),05/05/2025,B-,PRBC,2,5,71
2256,1,Southern Philippines Medical Center (SPMC),12/05/2025,B-,PRBC,2,5,72
2257,1,Southern Philippines Medical Center (SPMC),19/05/2025,B-,PRBC,2,5,73
2258,1,Southern Philippines Medical Center (SPMC),26/05/2025,B-,PRBC,2,5,74
2259,1,Southern Philippines Medical Center (SPMC),02/06/2025,B-,PRBC,2,6,75
2260,1,Southern Philippines Medical Center (SPMC),09/06/2025,B-,PRBC,2,6,76
2261,1,Southern Philippines Medical Center (SPMC),16/06/2025,B-,PRBC,2,6,77
2262,1,Southern Philippines Medical Center (SPMC),23/06/2025,B-,PRBC,2,6,78
2263,1,Southern Philippines Medical Center (SPMC),30/06/2025,B-,PRBC,2,6,79
2264,1,Southern Philippines Medical Center (SPMC),07/07/2025,B-,PRBC,2,7,80
2265,1,Southern Philippines Medical Center (SPMC),14/07/2025,B-,PRBC,2,7,81
2266,1,Southern Philippines Medical Center (SPMC),21/07/2025,B-,PRBC,1,7,82
2267,1,Southern Philippines Medical Center (SPMC),28/07/2025,B-,PRBC,2,7,83
2268,1,Southern Philippines Medical Center (SPMC),04/08/2025,B-,PRBC,2,8,84
2269,1,Southern Philippines Medical Center (SPMC),11/08/2025,B-,PRBC,2,8,85
2270,1,Southern Philippines Medical Center (SPMC),18/08/2025,B-,PRBC,2,8,86
2271,1,Southern Philippines Medical Center (SPMC),25/08/2025,B-,PRBC,2,8,87
2272,1,Southern Philippines Medical Center (SPMC),01/09/2025,B-,PRBC,2,9,88
2273,1,Southern Philippines Medical Center (SPMC),08/09/2025,B-,PRBC,2,9,89
2274,1,Southern Philippines Medical Center (SPMC),15/09/2025,B-,PRBC,2,9,90
2275,1,Southern Philippines Medical Center (SPMC),22/09/2025,B-,PRBC,2,9,91
2276,1,Southern Philippines Medical Center (SPMC),29/09/2025,B-,PRBC,2,9,92
2277,1,Southern Philippines Medical Center (SPMC),06/10/2025,B-,PRBC,2,10,93
2278,1,Southern Philippines Medical Center (SPMC),13/10/2025,B-,PRBC,2,10,94
2279,1,Southern Philippines Medical Center (SPMC),20/10/2025,B-,PRBC,2,10,95
2280,1,Southern Philippines Medical Center (SPMC),27/10/2025,B-,PRBC,1,10,96
2281,1,Southern Philippines Medical Center (SPMC),03/11/2025,B-,PRBC,2,11,97
2282,1,Southern Philippines Medical Center (SPMC),10/11/2025,B-,PRBC,2,11,98
2283,1,Southern Philippines Medical Center (SPMC),17/11/2025,B-,PRBC,2,11,99
2284,1,Southern Philippines Medical Center (SPMC),24/11/2025,B-,PRBC,2,11,100
2285,1,Southern Philippines Medical Center (SPMC),01/12/2025,B-,PRBC,2,12,101
2286,1,Southern Philippines Medical Center (SPMC),08/12/2025,B-,PRBC,3,12,102
2287,1,Southern Philippines Medical Center (SPMC),15/12/2025,B-,PRBC,2,12,103
2288,1,Southern Philippines Medical Center (SPMC),22/12/2025,B-,PRBC,2,12,104
2289,1,Southern Philippines Medical Center (SPMC),01/01/2024,B-,Platelet Concentrate,0,1,1
2290,1,Southern Philippines Medical Center (SPMC),08/01/2024,B-,Platelet Concentrate,0,1,2
2291,1,Southern Philippines Medical Center (SPMC),15/01/2024,B-,Platelet Concentrate,0,1,3
2292,1,Southern Philippines Medical Center (SPMC),22/01/2024,B-,Platelet Concentrate,0,1,4
2293,1,Southern Philippines Medical Center (SPMC),29/01/2024,B-,Platelet Concentrate,0,1,5
2294,1,Southern Philippines Medical Center (SPMC),05/02/2024,B-,Platelet Concentrate,1,2,6
2295,1,Southern Philippines Medical Center (SPMC),12/02/2024,B-,Platelet Concentrate,0,2,7
2296,1,Southern Philippines Medical Center (SPMC),19/02/2024,B-,Platelet Concentrate,0,2,8
2297,1,Southern Philippines Medical Center (SPMC),26/02/2024,B-,Platelet Concentrate,0,2,9
2298,1,Southern Philippines Medical Center (SPMC),04/03/2024,B-,Platelet Concentrate,0,3,10
2299,1,Southern Philippines Medical Center (SPMC),11/03/2024,B-,Platelet Concentrate,1,3,11
2300,1,Southern Philippines Medical Center (SPMC),18/03/2024,B-,Platelet Concentrate,1,3,12
2301,1,Southern Philippines Medical Center (SPMC),25/03/2024,B-,Platelet Concentrate,0,3,13
2302,1,Southern Philippines Medical Center (SPMC),01/04/2024,B-,Platelet Concentrate,0,4,14
2303,1,Southern Philippines Medical Center (SPMC),08/04/2024,B-,Platelet Concentrate,1,4,15
2304,1,Southern Philippines Medical Center (SPMC),15/04/2024,B-,Platelet Concentrate,0,4,16
2305,1,Southern Philippines Medical Center (SPMC),22/04/2024,B-,Platelet Concentrate,1,4,17
2306,1,Southern Philippines Medical Center (SPMC),29/04/2024,B-,Platelet Concentrate,0,4,18
2307,1,Southern Philippines Medical Center (SPMC),06/05/2024,B-,Platelet Concentrate,1,5,19
2308,1,Southern Philippines Medical Center (SPMC),13/05/2024,B-,Platelet Concentrate,0,5,20
2309,1,Southern Philippines Medical Center (SPMC),20/05/2024,B-,Platelet Concentrate,0,5,21
2310,1,Southern Philippines Medical Center (SPMC),27/05/2024,B-,Platelet Concentrate,0,5,22
2311,1,Southern Philippines Medical Center (SPMC),03/06/2024,B-,Platelet Concentrate,0,6,23
2312,1,Southern Philippines Medical Center (SPMC),10/06/2024,B-,Platelet Concentrate,1,6,24
2313,1,Southern Philippines Medical Center (SPMC),17/06/2024,B-,Platelet Concentrate,0,6,25
2314,1,Southern Philippines Medical Center (SPMC),24/06/2024,B-,Platelet Concentrate,0,6,26
2315,1,Southern Philippines Medical Center (SPMC),01/07/2024,B-,Platelet Concentrate,1,7,27
2316,1,Southern Philippines Medical Center (SPMC),08/07/2024,B-,Platelet Concentrate,1,7,28
2317,1,Southern Philippines Medical Center (SPMC),15/07/2024,B-,Platelet Concentrate,0,7,29
2318,1,Southern Philippines Medical Center (SPMC),22/07/2024,B-,Platelet Concentrate,0,7,30
2319,1,Southern Philippines Medical Center (SPMC),29/07/2024,B-,Platelet Concentrate,0,7,31
2320,1,Southern Philippines Medical Center (SPMC),05/08/2024,B-,Platelet Concentrate,0,8,32
2321,1,Southern Philippines Medical Center (SPMC),12/08/2024,B-,Platelet Concentrate,1,8,33
2322,1,Southern Philippines Medical Center (SPMC),19/08/2024,B-,Platelet Concentrate,1,8,34
2323,1,Southern Philippines Medical Center (SPMC),26/08/2024,B-,Platelet Concentrate,1,8,35
2324,1,Southern Philippines Medical Center (SPMC),02/09/2024,B-,Platelet Concentrate,0,9,36
2325,1,Southern Philippines Medical Center (SPMC),09/09/2024,B-,Platelet Concentrate,1,9,37
2326,1,Southern Philippines Medical Center (SPMC),16/09/2024,B-,Platelet Concentrate,0,9,38
2327,1,Southern Philippines Medical Center (SPMC),23/09/2024,B-,Platelet Concentrate,1,9,39
2328,1,Southern Philippines Medical Center (SPMC),30/09/2024,B-,Platelet Concentrate,0,9,40
2329,1,Southern Philippines Medical Center (SPMC),07/10/2024,B-,Platelet Concentrate,0,10,41
2330,1,Southern Philippines Medical Center (SPMC),14/10/2024,B-,Platelet Concentrate,0,10,42
2331,1,Southern Philippines Medical Center (SPMC),21/10/2024,B-,Platelet Concentrate,0,10,43
2332,1,Southern Philippines Medical Center (SPMC),28/10/2024,B-,Platelet Concentrate,0,10,44
2333,1,Southern Philippines Medical Center (SPMC),04/11/2024,B-,Platelet Concentrate,1,11,45
2334,1,Southern Philippines Medical Center (SPMC),11/11/2024,B-,Platelet Concentrate,0,11,46
2335,1,Southern Philippines Medical Center (SPMC),18/11/2024,B-,Platelet Concentrate,0,11,47
2336,1,Southern Philippines Medical Center (SPMC),25/11/2024,B-,Platelet Concentrate,0,11,48
2337,1,Southern Philippines Medical Center (SPMC),02/12/2024,B-,Platelet Concentrate,0,12,49
2338,1,Southern Philippines Medical Center (SPMC),09/12/2024,B-,Platelet Concentrate,1,12,50
2339,1,Southern Philippines Medical Center (SPMC),16/12/2024,B-,Platelet Concentrate,1,12,51
2340,1,Southern Philippines Medical Center (SPMC),23/12/2024,B-,Platelet Concentrate,1,12,52
2341,1,Southern Philippines Medical Center (SPMC),30/12/2024,B-,Platelet Concentrate,0,12,53
2342,1,Southern Philippines Medical Center (SPMC),06/01/2025,B-,Platelet Concentrate,1,1,54
2343,1,Southern Philippines Medical Center (SPMC),13/01/2025,B-,Platelet Concentrate,0,1,55
2344,1,Southern Philippines Medical Center (SPMC),20/01/2025,B-,Platelet Concentrate,0,1,56
2345,1,Southern Philippines Medical Center (SPMC),27/01/2025,B-,Platelet Concentrate,1,1,57
2346,1,Southern Philippines Medical Center (SPMC),03/02/2025,B-,Platelet Concentrate,1,2,58
2347,1,Southern Philippines Medical Center (SPMC),10/02/2025,B-,Platelet Concentrate,1,2,59
2348,1,Southern Philippines Medical Center (SPMC),17/02/2025,B-,Platelet Concentrate,1,2,60
2349,1,Southern Philippines Medical Center (SPMC),24/02/2025,B-,Platelet Concentrate,1,2,61
2350,1,Southern Philippines Medical Center (SPMC),03/03/2025,B-,Platelet Concentrate,0,3,62
2351,1,Southern Philippines Medical Center (SPMC),10/03/2025,B-,Platelet Concentrate,0,3,63
2352,1,Southern Philippines Medical Center (SPMC),17/03/2025,B-,Platelet Concentrate,0,3,64
2353,1,Southern Philippines Medical Center (SPMC),24/03/2025,B-,Platelet Concentrate,0,3,65
2354,1,Southern Philippines Medical Center (SPMC),31/03/2025,B-,Platelet Concentrate,0,3,66
2355,1,Southern Philippines Medical Center (SPMC),07/04/2025,B-,Platelet Concentrate,0,4,67
2356,1,Southern Philippines Medical Center (SPMC),14/04/2025,B-,Platelet Concentrate,1,4,68
2357,1,Southern Philippines Medical Center (SPMC),21/04/2025,B-,Platelet Concentrate,0,4,69
2358,1,Southern Philippines Medical Center (SPMC),28/04/2025,B-,Platelet Concentrate,1,4,70
2359,1,Southern Philippines Medical Center (SPMC),05/05/2025,B-,Platelet Concentrate,0,5,71
2360,1,Southern Philippines Medical Center (SPMC),12/05/2025,B-,Platelet Concentrate,1,5,72
2361,1,Southern Philippines Medical Center (SPMC),19/05/2025,B-,Platelet Concentrate,1,5,73
2362,1,Southern Philippines Medical Center (SPMC),26/05/2025,B-,Platelet Concentrate,0,5,74
2363,1,Southern Philippines Medical Center (SPMC),02/06/2025,B-,Platelet Concentrate,0,6,75
2364,1,Southern Philippines Medical Center (SPMC),09/06/2025,B-,Platelet Concentrate,0,6,76
2365,1,Southern Philippines Medical Center (SPMC),16/06/2025,B-,Platelet Concentrate,0,6,77
2366,1,Southern Philippines Medical Center (SPMC),23/06/2025,B-,Platelet Concentrate,0,6,78
2367,1,Southern Philippines Medical Center (SPMC),30/06/2025,B-,Platelet Concentrate,0,6,79
2368,1,Southern Philippines Medical Center (SPMC),07/07/2025,B-,Platelet Concentrate,1,7,80
2369,1,Southern Philippines Medical Center (SPMC),14/07/2025,B-,Platelet Concentrate,1,7,81
2370,1,Southern Philippines Medical Center (SPMC),21/07/2025,B-,Platelet Concentrate,1,7,82
2371,1,Southern Philippines Medical Center (SPMC),28/07/2025,B-,Platelet Concentrate,1,7,83
2372,1,Southern Philippines Medical Center (SPMC),04/08/2025,B-,Platelet Concentrate,1,8,84
2373,1,Southern Philippines Medical Center (SPMC),11/08/2025,B-,Platelet Concentrate,1,8,85
2374,1,Southern Philippines Medical Center (SPMC),18/08/2025,B-,Platelet Concentrate,1,8,86
2375,1,Southern Philippines Medical Center (SPMC),25/08/2025,B-,Platelet Concentrate,0,8,87
2376,1,Southern Philippines Medical Center (SPMC),01/09/2025,B-,Platelet Concentrate,1,9,88
2377,1,Southern Philippines Medical Center (SPMC),08/09/2025,B-,Platelet Concentrate,0,9,89
2378,1,Southern Philippines Medical Center (SPMC),15/09/2025,B-,Platelet Concentrate,0,9,90
2379,1,Southern Philippines Medical Center (SPMC),22/09/2025,B-,Platelet Concentrate,0,9,91
2380,1,Southern Philippines Medical Center (SPMC),29/09/2025,B-,Platelet Concentrate,0,9,92
2381,1,Southern Philippines Medical Center (SPMC),06/10/2025,B-,Platelet Concentrate,1,10,93
2382,1,Southern Philippines Medical Center (SPMC),13/10/2025,B-,Platelet Concentrate,1,10,94
2383,1,Southern Philippines Medical Center (SPMC),20/10/2025,B-,Platelet Concentrate,0,10,95
2384,1,Southern Philippines Medical Center (SPMC),27/10/2025,B-,Platelet Concentrate,1,10,96
2385,1,Southern Philippines Medical Center (SPMC),03/11/2025,B-,Platelet Concentrate,1,11,97
2386,1,Southern Philippines Medical Center (SPMC),10/11/2025,B-,Platelet Concentrate,1,11,98
2387,1,Southern Philippines Medical Center (SPMC),17/11/2025,B-,Platelet Concentrate,0,11,99
2388,1,Southern Philippines Medical Center (SPMC),24/11/2025,B-,Platelet Concentrate,0,11,100
2389,1,Southern Philippines Medical Center (SPMC),01/12/2025,B-,Platelet Concentrate,1,12,101
2390,1,Southern Philippines Medical Center (SPMC),08/12/2025,B-,Platelet Concentrate,1,12,102
2391,1,Southern Philippines Medical Center (SPMC),15/12/2025,B-,Platelet Concentrate,0,12,103
2392,1,Southern Philippines Medical Center (SPMC),22/12/2025,B-,Platelet Concentrate,1,12,104
2393,1,Southern Philippines Medical Center (SPMC),01/01/2024,B-,FFP,0,1,1
2394,1,Southern Philippines Medical Center (SPMC),08/01/2024,B-,FFP,1,1,2
2395,1,Southern Philippines Medical Center (SPMC),15/01/2024,B-,FFP,1,1,3
2396,1,Southern Philippines Medical Center (SPMC),22/01/2024,B-,FFP,0,1,4
2397,1,Southern Philippines Medical Center (SPMC),29/01/2024,B-,FFP,0,1,5
2398,1,Southern Philippines Medical Center (SPMC),05/02/2024,B-,FFP,1,2,6
2399,1,Southern Philippines Medical Center (SPMC),12/02/2024,B-,FFP,1,2,7
2400,1,Southern Philippines Medical Center (SPMC),19/02/2024,B-,FFP,0,2,8
2401,1,Southern Philippines Medical Center (SPMC),26/02/2024,B-,FFP,1,2,9
2402,1,Southern Philippines Medical Center (SPMC),04/03/2024,B-,FFP,0,3,10
2403,1,Southern Philippines Medical Center (SPMC),11/03/2024,B-,FFP,1,3,11
2404,1,Southern Philippines Medical Center (SPMC),18/03/2024,B-,FFP,1,3,12
2405,1,Southern Philippines Medical Center (SPMC),25/03/2024,B-,FFP,1,3,13
2406,1,Southern Philippines Medical Center (SPMC),01/04/2024,B-,FFP,0,4,14
2407,1,Southern Philippines Medical Center (SPMC),08/04/2024,B-,FFP,1,4,15
2408,1,Southern Philippines Medical Center (SPMC),15/04/2024,B-,FFP,1,4,16
2409,1,Southern Philippines Medical Center (SPMC),22/04/2024,B-,FFP,1,4,17
2410,1,Southern Philippines Medical Center (SPMC),29/04/2024,B-,FFP,1,4,18
2411,1,Southern Philippines Medical Center (SPMC),06/05/2024,B-,FFP,0,5,19
2412,1,Southern Philippines Medical Center (SPMC),13/05/2024,B-,FFP,1,5,20
2413,1,Southern Philippines Medical Center (SPMC),20/05/2024,B-,FFP,1,5,21
2414,1,Southern Philippines Medical Center (SPMC),27/05/2024,B-,FFP,0,5,22
2415,1,Southern Philippines Medical Center (SPMC),03/06/2024,B-,FFP,1,6,23
2416,1,Southern Philippines Medical Center (SPMC),10/06/2024,B-,FFP,1,6,24
2417,1,Southern Philippines Medical Center (SPMC),17/06/2024,B-,FFP,1,6,25
2418,1,Southern Philippines Medical Center (SPMC),24/06/2024,B-,FFP,1,6,26
2419,1,Southern Philippines Medical Center (SPMC),01/07/2024,B-,FFP,1,7,27
2420,1,Southern Philippines Medical Center (SPMC),08/07/2024,B-,FFP,1,7,28
2421,1,Southern Philippines Medical Center (SPMC),15/07/2024,B-,FFP,1,7,29
2422,1,Southern Philippines Medical Center (SPMC),22/07/2024,B-,FFP,1,7,30
2423,1,Southern Philippines Medical Center (SPMC),29/07/2024,B-,FFP,1,7,31
2424,1,Southern Philippines Medical Center (SPMC),05/08/2024,B-,FFP,1,8,32
2425,1,Southern Philippines Medical Center (SPMC),12/08/2024,B-,FFP,0,8,33
2426,1,Southern Philippines Medical Center (SPMC),19/08/2024,B-,FFP,1,8,34
2427,1,Southern Philippines Medical Center (SPMC),26/08/2024,B-,FFP,1,8,35
2428,1,Southern Philippines Medical Center (SPMC),02/09/2024,B-,FFP,0,9,36
2429,1,Southern Philippines Medical Center (SPMC),09/09/2024,B-,FFP,0,9,37
2430,1,Southern Philippines Medical Center (SPMC),16/09/2024,B-,FFP,0,9,38
2431,1,Southern Philippines Medical Center (SPMC),23/09/2024,B-,FFP,1,9,39
2432,1,Southern Philippines Medical Center (SPMC),30/09/2024,B-,FFP,0,9,40
2433,1,Southern Philippines Medical Center (SPMC),07/10/2024,B-,FFP,0,10,41
2434,1,Southern Philippines Medical Center (SPMC),14/10/2024,B-,FFP,1,10,42
2435,1,Southern Philippines Medical Center (SPMC),21/10/2024,B-,FFP,0,10,43
2436,1,Southern Philippines Medical Center (SPMC),28/10/2024,B-,FFP,1,10,44
2437,1,Southern Philippines Medical Center (SPMC),04/11/2024,B-,FFP,1,11,45
2438,1,Southern Philippines Medical Center (SPMC),11/11/2024,B-,FFP,1,11,46
2439,1,Southern Philippines Medical Center (SPMC),18/11/2024,B-,FFP,1,11,47
2440,1,Southern Philippines Medical Center (SPMC),25/11/2024,B-,FFP,1,11,48
2441,1,Southern Philippines Medical Center (SPMC),02/12/2024,B-,FFP,1,12,49
2442,1,Southern Philippines Medical Center (SPMC),09/12/2024,B-,FFP,1,12,50
2443,1,Southern Philippines Medical Center (SPMC),16/12/2024,B-,FFP,1,12,51
2444,1,Southern Philippines Medical Center (SPMC),23/12/2024,B-,FFP,0,12,52
2445,1,Southern Philippines Medical Center (SPMC),30/12/2024,B-,FFP,1,12,53
2446,1,Southern Philippines Medical Center (SPMC),06/01/2025,B-,FFP,1,1,54
2447,1,Southern Philippines Medical Center (SPMC),13/01/2025,B-,FFP,1,1,55
2448,1,Southern Philippines Medical Center (SPMC),20/01/2025,B-,FFP,1,1,56
2449,1,Southern Philippines Medical Center (SPMC),27/01/2025,B-,FFP,0,1,57
2450,1,Southern Philippines Medical Center (SPMC),03/02/2025,B-,FFP,1,2,58
2451,1,Southern Philippines Medical Center (SPMC),10/02/2025,B-,FFP,1,2,59
2452,1,Southern Philippines Medical Center (SPMC),17/02/2025,B-,FFP,0,2,60
2453,1,Southern Philippines Medical Center (SPMC),24/02/2025,B-,FFP,0,2,61
2454,1,Southern Philippines Medical Center (SPMC),03/03/2025,B-,FFP,0,3,62
2455,1,Southern Philippines Medical Center (SPMC),10/03/2025,B-,FFP,1,3,63
2456,1,Southern Philippines Medical Center (SPMC),17/03/2025,B-,FFP,0,3,64
2457,1,Southern Philippines Medical Center (SPMC),24/03/2025,B-,FFP,1,3,65
2458,1,Southern Philippines Medical Center (SPMC),31/03/2025,B-,FFP,1,3,66
2459,1,Southern Philippines Medical Center (SPMC),07/04/2025,B-,FFP,1,4,67
2460,1,Southern Philippines Medical Center (SPMC),14/04/2025,B-,FFP,1,4,68
2461,1,Southern Philippines Medical Center (SPMC),21/04/2025,B-,FFP,1,4,69
2462,1,Southern Philippines Medical Center (SPMC),28/04/2025,B-,FFP,0,4,70
2463,1,Southern Philippines Medical Center (SPMC),05/05/2025,B-,FFP,1,5,71
2464,1,Southern Philippines Medical Center (SPMC),12/05/2025,B-,FFP,1,5,72
2465,1,Southern Philippines Medical Center (SPMC),19/05/2025,B-,FFP,1,5,73
2466,1,Southern Philippines Medical Center (SPMC),26/05/2025,B-,FFP,1,5,74
2467,1,Southern Philippines Medical Center (SPMC),02/06/2025,B-,FFP,0,6,75
2468,1,Southern Philippines Medical Center (SPMC),09/06/2025,B-,FFP,0,6,76
2469,1,Southern Philippines Medical Center (SPMC),16/06/2025,B-,FFP,1,6,77
2470,1,Southern Philippines Medical Center (SPMC),23/06/2025,B-,FFP,0,6,78
2471,1,Southern Philippines Medical Center (SPMC),30/06/2025,B-,FFP,1,6,79
2472,1,Southern Philippines Medical Center (SPMC),07/07/2025,B-,FFP,1,7,80
2473,1,Southern Philippines Medical Center (SPMC),14/07/2025,B-,FFP,0,7,81
2474,1,Southern Philippines Medical Center (SPMC),21/07/2025,B-,FFP,1,7,82
2475,1,Southern Philippines Medical Center (SPMC),28/07/2025,B-,FFP,1,7,83
2476,1,Southern Philippines Medical Center (SPMC),04/08/2025,B-,FFP,0,8,84
2477,1,Southern Philippines Medical Center (SPMC),11/08/2025,B-,FFP,1,8,85
2478,1,Southern Philippines Medical Center (SPMC),18/08/2025,B-,FFP,1,8,86
2479,1,Southern Philippines Medical Center (SPMC),25/08/2025,B-,FFP,0,8,87
2480,1,Southern Philippines Medical Center (SPMC),01/09/2025,B-,FFP,1,9,88
2481,1,Southern Philippines Medical Center (SPMC),08/09/2025,B-,FFP,1,9,89
2482,1,Southern Philippines Medical Center (SPMC),15/09/2025,B-,FFP,1,9,90
2483,1,Southern Philippines Medical Center (SPMC),22/09/2025,B-,FFP,0,9,91
2484,1,Southern Philippines Medical Center (SPMC),29/09/2025,B-,FFP,0,9,92
2485,1,Southern Philippines Medical Center (SPMC),06/10/2025,B-,FFP,1,10,93
2486,1,Southern Philippines Medical Center (SPMC),13/10/2025,B-,FFP,1,10,94
2487,1,Southern Philippines Medical Center (SPMC),20/10/2025,B-,FFP,1,10,95
2488,1,Southern Philippines Medical Center (SPMC),27/10/2025,B-,FFP,0,10,96
2489,1,Southern Philippines Medical Center (SPMC),03/11/2025,B-,FFP,1,11,97
2490,1,Southern Philippines Medical Center (SPMC),10/11/2025,B-,FFP,1,11,98
2491,1,Southern Philippines Medical Center (SPMC),17/11/2025,B-,FFP,0,11,99
2492,1,Southern Philippines Medical Center (SPMC),24/11/2025,B-,FFP,0,11,100
2493,1,Southern Philippines Medical Center (SPMC),01/12/2025,B-,FFP,0,12,101
2494,1,Southern Philippines Medical Center (SPMC),08/12/2025,B-,FFP,1,12,102
2495,1,Southern Philippines Medical Center (SPMC),15/12/2025,B-,FFP,1,12,103
2496,1,Southern Philippines Medical Center (SPMC),22/12/2025,B-,FFP,0,12,104
2497,1,Southern Philippines Medical Center (SPMC),01/01/2024,AB+,PRBC,2,1,1
2498,1,Southern Philippines Medical Center (SPMC),08/01/2024,AB+,PRBC,2,1,2
2499,1,Southern Philippines Medical Center (SPMC),15/01/2024,AB+,PRBC,2,1,3
2500,1,Southern Philippines Medical Center (SPMC),22/01/2024,AB+,PRBC,2,1,4
2501,1,Southern Philippines Medical Center (SPMC),29/01/2024,AB+,PRBC,2,1,5
2502,1,Southern Philippines Medical Center (SPMC),05/02/2024,AB+,PRBC,2,2,6
2503,1,Southern Philippines Medical Center (SPMC),12/02/2024,AB+,PRBC,2,2,7
2504,1,Southern Philippines Medical Center (SPMC),19/02/2024,AB+,PRBC,2,2,8
2505,1,Southern Philippines Medical Center (SPMC),26/02/2024,AB+,PRBC,2,2,9
2506,1,Southern Philippines Medical Center (SPMC),04/03/2024,AB+,PRBC,2,3,10
2507,1,Southern Philippines Medical Center (SPMC),11/03/2024,AB+,PRBC,2,3,11
2508,1,Southern Philippines Medical Center (SPMC),18/03/2024,AB+,PRBC,2,3,12
2509,1,Southern Philippines Medical Center (SPMC),25/03/2024,AB+,PRBC,2,3,13
2510,1,Southern Philippines Medical Center (SPMC),01/04/2024,AB+,PRBC,2,4,14
2511,1,Southern Philippines Medical Center (SPMC),08/04/2024,AB+,PRBC,2,4,15
2512,1,Southern Philippines Medical Center (SPMC),15/04/2024,AB+,PRBC,2,4,16
2513,1,Southern Philippines Medical Center (SPMC),22/04/2024,AB+,PRBC,2,4,17
2514,1,Southern Philippines Medical Center (SPMC),29/04/2024,AB+,PRBC,2,4,18
2515,1,Southern Philippines Medical Center (SPMC),06/05/2024,AB+,PRBC,2,5,19
2516,1,Southern Philippines Medical Center (SPMC),13/05/2024,AB+,PRBC,2,5,20
2517,1,Southern Philippines Medical Center (SPMC),20/05/2024,AB+,PRBC,2,5,21
2518,1,Southern Philippines Medical Center (SPMC),27/05/2024,AB+,PRBC,2,5,22
2519,1,Southern Philippines Medical Center (SPMC),03/06/2024,AB+,PRBC,2,6,23
2520,1,Southern Philippines Medical Center (SPMC),10/06/2024,AB+,PRBC,2,6,24
2521,1,Southern Philippines Medical Center (SPMC),17/06/2024,AB+,PRBC,2,6,25
2522,1,Southern Philippines Medical Center (SPMC),24/06/2024,AB+,PRBC,2,6,26
2523,1,Southern Philippines Medical Center (SPMC),01/07/2024,AB+,PRBC,2,7,27
2524,1,Southern Philippines Medical Center (SPMC),08/07/2024,AB+,PRBC,3,7,28
2525,1,Southern Philippines Medical Center (SPMC),15/07/2024,AB+,PRBC,2,7,29
2526,1,Southern Philippines Medical Center (SPMC),22/07/2024,AB+,PRBC,2,7,30
2527,1,Southern Philippines Medical Center (SPMC),29/07/2024,AB+,PRBC,2,7,31
2528,1,Southern Philippines Medical Center (SPMC),05/08/2024,AB+,PRBC,2,8,32
2529,1,Southern Philippines Medical Center (SPMC),12/08/2024,AB+,PRBC,2,8,33
2530,1,Southern Philippines Medical Center (SPMC),19/08/2024,AB+,PRBC,2,8,34
2531,1,Southern Philippines Medical Center (SPMC),26/08/2024,AB+,PRBC,2,8,35
2532,1,Southern Philippines Medical Center (SPMC),02/09/2024,AB+,PRBC,2,9,36
2533,1,Southern Philippines Medical Center (SPMC),09/09/2024,AB+,PRBC,2,9,37
2534,1,Southern Philippines Medical Center (SPMC),16/09/2024,AB+,PRBC,2,9,38
2535,1,Southern Philippines Medical Center (SPMC),23/09/2024,AB+,PRBC,2,9,39
2536,1,Southern Philippines Medical Center (SPMC),30/09/2024,AB+,PRBC,2,9,40
2537,1,Southern Philippines Medical Center (SPMC),07/10/2024,AB+,PRBC,2,10,41
2538,1,Southern Philippines Medical Center (SPMC),14/10/2024,AB+,PRBC,2,10,42
2539,1,Southern Philippines Medical Center (SPMC),21/10/2024,AB+,PRBC,2,10,43
2540,1,Southern Philippines Medical Center (SPMC),28/10/2024,AB+,PRBC,2,10,44
2541,1,Southern Philippines Medical Center (SPMC),04/11/2024,AB+,PRBC,3,11,45
2542,1,Southern Philippines Medical Center (SPMC),11/11/2024,AB+,PRBC,2,11,46
2543,1,Southern Philippines Medical Center (SPMC),18/11/2024,AB+,PRBC,2,11,47
2544,1,Southern Philippines Medical Center (SPMC),25/11/2024,AB+,PRBC,2,11,48
2545,1,Southern Philippines Medical Center (SPMC),02/12/2024,AB+,PRBC,2,12,49
2546,1,Southern Philippines Medical Center (SPMC),09/12/2024,AB+,PRBC,1,12,50
2547,1,Southern Philippines Medical Center (SPMC),16/12/2024,AB+,PRBC,3,12,51
2548,1,Southern Philippines Medical Center (SPMC),23/12/2024,AB+,PRBC,2,12,52
2549,1,Southern Philippines Medical Center (SPMC),30/12/2024,AB+,PRBC,2,12,53
2550,1,Southern Philippines Medical Center (SPMC),06/01/2025,AB+,PRBC,2,1,54
2551,1,Southern Philippines Medical Center (SPMC),13/01/2025,AB+,PRBC,2,1,55
2552,1,Southern Philippines Medical Center (SPMC),20/01/2025,AB+,PRBC,2,1,56
2553,1,Southern Philippines Medical Center (SPMC),27/01/2025,AB+,PRBC,2,1,57
2554,1,Southern Philippines Medical Center (SPMC),03/02/2025,AB+,PRBC,2,2,58
2555,1,Southern Philippines Medical Center (SPMC),10/02/2025,AB+,PRBC,2,2,59
2556,1,Southern Philippines Medical Center (SPMC),17/02/2025,AB+,PRBC,2,2,60
2557,1,Southern Philippines Medical Center (SPMC),24/02/2025,AB+,PRBC,2,2,61
2558,1,Southern Philippines Medical Center (SPMC),03/03/2025,AB+,PRBC,2,3,62
2559,1,Southern Philippines Medical Center (SPMC),10/03/2025,AB+,PRBC,3,3,63
2560,1,Southern Philippines Medical Center (SPMC),17/03/2025,AB+,PRBC,2,3,64
2561,1,Southern Philippines Medical Center (SPMC),24/03/2025,AB+,PRBC,2,3,65
2562,1,Southern Philippines Medical Center (SPMC),31/03/2025,AB+,PRBC,2,3,66
2563,1,Southern Philippines Medical Center (SPMC),07/04/2025,AB+,PRBC,3,4,67
2564,1,Southern Philippines Medical Center (SPMC),14/04/2025,AB+,PRBC,2,4,68
2565,1,Southern Philippines Medical Center (SPMC),21/04/2025,AB+,PRBC,2,4,69
2566,1,Southern Philippines Medical Center (SPMC),28/04/2025,AB+,PRBC,2,4,70
2567,1,Southern Philippines Medical Center (SPMC),05/05/2025,AB+,PRBC,2,5,71
2568,1,Southern Philippines Medical Center (SPMC),12/05/2025,AB+,PRBC,2,5,72
2569,1,Southern Philippines Medical Center (SPMC),19/05/2025,AB+,PRBC,2,5,73
2570,1,Southern Philippines Medical Center (SPMC),26/05/2025,AB+,PRBC,2,5,74
2571,1,Southern Philippines Medical Center (SPMC),02/06/2025,AB+,PRBC,2,6,75
2572,1,Southern Philippines Medical Center (SPMC),09/06/2025,AB+,PRBC,2,6,76
2573,1,Southern Philippines Medical Center (SPMC),16/06/2025,AB+,PRBC,2,6,77
2574,1,Southern Philippines Medical Center (SPMC),23/06/2025,AB+,PRBC,2,6,78
2575,1,Southern Philippines Medical Center (SPMC),30/06/2025,AB+,PRBC,3,6,79
2576,1,Southern Philippines Medical Center (SPMC),07/07/2025,AB+,PRBC,2,7,80
2577,1,Southern Philippines Medical Center (SPMC),14/07/2025,AB+,PRBC,2,7,81
2578,1,Southern Philippines Medical Center (SPMC),21/07/2025,AB+,PRBC,2,7,82
2579,1,Southern Philippines Medical Center (SPMC),28/07/2025,AB+,PRBC,2,7,83
2580,1,Southern Philippines Medical Center (SPMC),04/08/2025,AB+,PRBC,2,8,84
2581,1,Southern Philippines Medical Center (SPMC),11/08/2025,AB+,PRBC,2,8,85
2582,1,Southern Philippines Medical Center (SPMC),18/08/2025,AB+,PRBC,2,8,86
2583,1,Southern Philippines Medical Center (SPMC),25/08/2025,AB+,PRBC,3,8,87
2584,1,Southern Philippines Medical Center (SPMC),01/09/2025,AB+,PRBC,2,9,88
2585,1,Southern Philippines Medical Center (SPMC),08/09/2025,AB+,PRBC,2,9,89
2586,1,Southern Philippines Medical Center (SPMC),15/09/2025,AB+,PRBC,2,9,90
2587,1,Southern Philippines Medical Center (SPMC),22/09/2025,AB+,PRBC,2,9,91
2588,1,Southern Philippines Medical Center (SPMC),29/09/2025,AB+,PRBC,2,9,92
2589,1,Southern Philippines Medical Center (SPMC),06/10/2025,AB+,PRBC,2,10,93
2590,1,Southern Philippines Medical Center (SPMC),13/10/2025,AB+,PRBC,2,10,94
2591,1,Southern Philippines Medical Center (SPMC),20/10/2025,AB+,PRBC,2,10,95
2592,1,Southern Philippines Medical Center (SPMC),27/10/2025,AB+,PRBC,3,10,96
2593,1,Southern Philippines Medical Center (SPMC),03/11/2025,AB+,PRBC,2,11,97
2594,1,Southern Philippines Medical Center (SPMC),10/11/2025,AB+,PRBC,2,11,98
2595,1,Southern Philippines Medical Center (SPMC),17/11/2025,AB+,PRBC,3,11,99
2596,1,Southern Philippines Medical Center (SPMC),24/11/2025,AB+,PRBC,2,11,100
2597,1,Southern Philippines Medical Center (SPMC),01/12/2025,AB+,PRBC,3,12,101
2598,1,Southern Philippines Medical Center (SPMC),08/12/2025,AB+,PRBC,3,12,102
2599,1,Southern Philippines Medical Center (SPMC),15/12/2025,AB+,PRBC,3,12,103
2600,1,Southern Philippines Medical Center (SPMC),22/12/2025,AB+,PRBC,3,12,104
2601,1,Southern Philippines Medical Center (SPMC),01/01/2024,AB+,Platelet Concentrate,0,1,1
2602,1,Southern Philippines Medical Center (SPMC),08/01/2024,AB+,Platelet Concentrate,0,1,2
2603,1,Southern Philippines Medical Center (SPMC),15/01/2024,AB+,Platelet Concentrate,0,1,3
2604,1,Southern Philippines Medical Center (SPMC),22/01/2024,AB+,Platelet Concentrate,0,1,4
2605,1,Southern Philippines Medical Center (SPMC),29/01/2024,AB+,Platelet Concentrate,1,1,5
2606,1,Southern Philippines Medical Center (SPMC),05/02/2024,AB+,Platelet Concentrate,1,2,6
2607,1,Southern Philippines Medical Center (SPMC),12/02/2024,AB+,Platelet Concentrate,1,2,7
2608,1,Southern Philippines Medical Center (SPMC),19/02/2024,AB+,Platelet Concentrate,1,2,8
2609,1,Southern Philippines Medical Center (SPMC),26/02/2024,AB+,Platelet Concentrate,1,2,9
2610,1,Southern Philippines Medical Center (SPMC),04/03/2024,AB+,Platelet Concentrate,0,3,10
2611,1,Southern Philippines Medical Center (SPMC),11/03/2024,AB+,Platelet Concentrate,0,3,11
2612,1,Southern Philippines Medical Center (SPMC),18/03/2024,AB+,Platelet Concentrate,0,3,12
2613,1,Southern Philippines Medical Center (SPMC),25/03/2024,AB+,Platelet Concentrate,0,3,13
2614,1,Southern Philippines Medical Center (SPMC),01/04/2024,AB+,Platelet Concentrate,0,4,14
2615,1,Southern Philippines Medical Center (SPMC),08/04/2024,AB+,Platelet Concentrate,1,4,15
2616,1,Southern Philippines Medical Center (SPMC),15/04/2024,AB+,Platelet Concentrate,0,4,16
2617,1,Southern Philippines Medical Center (SPMC),22/04/2024,AB+,Platelet Concentrate,0,4,17
2618,1,Southern Philippines Medical Center (SPMC),29/04/2024,AB+,Platelet Concentrate,0,4,18
2619,1,Southern Philippines Medical Center (SPMC),06/05/2024,AB+,Platelet Concentrate,1,5,19
2620,1,Southern Philippines Medical Center (SPMC),13/05/2024,AB+,Platelet Concentrate,1,5,20
2621,1,Southern Philippines Medical Center (SPMC),20/05/2024,AB+,Platelet Concentrate,1,5,21
2622,1,Southern Philippines Medical Center (SPMC),27/05/2024,AB+,Platelet Concentrate,1,5,22
2623,1,Southern Philippines Medical Center (SPMC),03/06/2024,AB+,Platelet Concentrate,1,6,23
2624,1,Southern Philippines Medical Center (SPMC),10/06/2024,AB+,Platelet Concentrate,1,6,24
2625,1,Southern Philippines Medical Center (SPMC),17/06/2024,AB+,Platelet Concentrate,0,6,25
2626,1,Southern Philippines Medical Center (SPMC),24/06/2024,AB+,Platelet Concentrate,0,6,26
2627,1,Southern Philippines Medical Center (SPMC),01/07/2024,AB+,Platelet Concentrate,0,7,27
2628,1,Southern Philippines Medical Center (SPMC),08/07/2024,AB+,Platelet Concentrate,1,7,28
2629,1,Southern Philippines Medical Center (SPMC),15/07/2024,AB+,Platelet Concentrate,1,7,29
2630,1,Southern Philippines Medical Center (SPMC),22/07/2024,AB+,Platelet Concentrate,1,7,30
2631,1,Southern Philippines Medical Center (SPMC),29/07/2024,AB+,Platelet Concentrate,1,7,31
2632,1,Southern Philippines Medical Center (SPMC),05/08/2024,AB+,Platelet Concentrate,0,8,32
2633,1,Southern Philippines Medical Center (SPMC),12/08/2024,AB+,Platelet Concentrate,1,8,33
2634,1,Southern Philippines Medical Center (SPMC),19/08/2024,AB+,Platelet Concentrate,1,8,34
2635,1,Southern Philippines Medical Center (SPMC),26/08/2024,AB+,Platelet Concentrate,1,8,35
2636,1,Southern Philippines Medical Center (SPMC),02/09/2024,AB+,Platelet Concentrate,1,9,36
2637,1,Southern Philippines Medical Center (SPMC),09/09/2024,AB+,Platelet Concentrate,1,9,37
2638,1,Southern Philippines Medical Center (SPMC),16/09/2024,AB+,Platelet Concentrate,0,9,38
2639,1,Southern Philippines Medical Center (SPMC),23/09/2024,AB+,Platelet Concentrate,0,9,39
2640,1,Southern Philippines Medical Center (SPMC),30/09/2024,AB+,Platelet Concentrate,1,9,40
2641,1,Southern Philippines Medical Center (SPMC),07/10/2024,AB+,Platelet Concentrate,0,10,41
2642,1,Southern Philippines Medical Center (SPMC),14/10/2024,AB+,Platelet Concentrate,0,10,42
2643,1,Southern Philippines Medical Center (SPMC),21/10/2024,AB+,Platelet Concentrate,1,10,43
2644,1,Southern Philippines Medical Center (SPMC),28/10/2024,AB+,Platelet Concentrate,1,10,44
2645,1,Southern Philippines Medical Center (SPMC),04/11/2024,AB+,Platelet Concentrate,0,11,45
2646,1,Southern Philippines Medical Center (SPMC),11/11/2024,AB+,Platelet Concentrate,1,11,46
2647,1,Southern Philippines Medical Center (SPMC),18/11/2024,AB+,Platelet Concentrate,1,11,47
2648,1,Southern Philippines Medical Center (SPMC),25/11/2024,AB+,Platelet Concentrate,0,11,48
2649,1,Southern Philippines Medical Center (SPMC),02/12/2024,AB+,Platelet Concentrate,0,12,49
2650,1,Southern Philippines Medical Center (SPMC),09/12/2024,AB+,Platelet Concentrate,1,12,50
2651,1,Southern Philippines Medical Center (SPMC),16/12/2024,AB+,Platelet Concentrate,1,12,51
2652,1,Southern Philippines Medical Center (SPMC),23/12/2024,AB+,Platelet Concentrate,1,12,52
2653,1,Southern Philippines Medical Center (SPMC),30/12/2024,AB+,Platelet Concentrate,0,12,53
2654,1,Southern Philippines Medical Center (SPMC),06/01/2025,AB+,Platelet Concentrate,1,1,54
2655,1,Southern Philippines Medical Center (SPMC),13/01/2025,AB+,Platelet Concentrate,0,1,55
2656,1,Southern Philippines Medical Center (SPMC),20/01/2025,AB+,Platelet Concentrate,0,1,56
2657,1,Southern Philippines Medical Center (SPMC),27/01/2025,AB+,Platelet Concentrate,1,1,57
2658,1,Southern Philippines Medical Center (SPMC),03/02/2025,AB+,Platelet Concentrate,1,2,58
2659,1,Southern Philippines Medical Center (SPMC),10/02/2025,AB+,Platelet Concentrate,1,2,59
2660,1,Southern Philippines Medical Center (SPMC),17/02/2025,AB+,Platelet Concentrate,1,2,60
2661,1,Southern Philippines Medical Center (SPMC),24/02/2025,AB+,Platelet Concentrate,1,2,61
2662,1,Southern Philippines Medical Center (SPMC),03/03/2025,AB+,Platelet Concentrate,1,3,62
2663,1,Southern Philippines Medical Center (SPMC),10/03/2025,AB+,Platelet Concentrate,1,3,63
2664,1,Southern Philippines Medical Center (SPMC),17/03/2025,AB+,Platelet Concentrate,0,3,64
2665,1,Southern Philippines Medical Center (SPMC),24/03/2025,AB+,Platelet Concentrate,1,3,65
2666,1,Southern Philippines Medical Center (SPMC),31/03/2025,AB+,Platelet Concentrate,1,3,66
2667,1,Southern Philippines Medical Center (SPMC),07/04/2025,AB+,Platelet Concentrate,1,4,67
2668,1,Southern Philippines Medical Center (SPMC),14/04/2025,AB+,Platelet Concentrate,0,4,68
2669,1,Southern Philippines Medical Center (SPMC),21/04/2025,AB+,Platelet Concentrate,1,4,69
2670,1,Southern Philippines Medical Center (SPMC),28/04/2025,AB+,Platelet Concentrate,1,4,70
2671,1,Southern Philippines Medical Center (SPMC),05/05/2025,AB+,Platelet Concentrate,0,5,71
2672,1,Southern Philippines Medical Center (SPMC),12/05/2025,AB+,Platelet Concentrate,0,5,72
2673,1,Southern Philippines Medical Center (SPMC),19/05/2025,AB+,Platelet Concentrate,1,5,73
2674,1,Southern Philippines Medical Center (SPMC),26/05/2025,AB+,Platelet Concentrate,0,5,74
2675,1,Southern Philippines Medical Center (SPMC),02/06/2025,AB+,Platelet Concentrate,1,6,75
2676,1,Southern Philippines Medical Center (SPMC),09/06/2025,AB+,Platelet Concentrate,0,6,76
2677,1,Southern Philippines Medical Center (SPMC),16/06/2025,AB+,Platelet Concentrate,0,6,77
2678,1,Southern Philippines Medical Center (SPMC),23/06/2025,AB+,Platelet Concentrate,1,6,78
2679,1,Southern Philippines Medical Center (SPMC),30/06/2025,AB+,Platelet Concentrate,0,6,79
2680,1,Southern Philippines Medical Center (SPMC),07/07/2025,AB+,Platelet Concentrate,1,7,80
2681,1,Southern Philippines Medical Center (SPMC),14/07/2025,AB+,Platelet Concentrate,0,7,81
2682,1,Southern Philippines Medical Center (SPMC),21/07/2025,AB+,Platelet Concentrate,1,7,82
2683,1,Southern Philippines Medical Center (SPMC),28/07/2025,AB+,Platelet Concentrate,0,7,83
2684,1,Southern Philippines Medical Center (SPMC),04/08/2025,AB+,Platelet Concentrate,0,8,84
2685,1,Southern Philippines Medical Center (SPMC),11/08/2025,AB+,Platelet Concentrate,1,8,85
2686,1,Southern Philippines Medical Center (SPMC),18/08/2025,AB+,Platelet Concentrate,0,8,86
2687,1,Southern Philippines Medical Center (SPMC),25/08/2025,AB+,Platelet Concentrate,1,8,87
2688,1,Southern Philippines Medical Center (SPMC),01/09/2025,AB+,Platelet Concentrate,1,9,88
2689,1,Southern Philippines Medical Center (SPMC),08/09/2025,AB+,Platelet Concentrate,0,9,89
2690,1,Southern Philippines Medical Center (SPMC),15/09/2025,AB+,Platelet Concentrate,1,9,90
2691,1,Southern Philippines Medical Center (SPMC),22/09/2025,AB+,Platelet Concentrate,1,9,91
2692,1,Southern Philippines Medical Center (SPMC),29/09/2025,AB+,Platelet Concentrate,1,9,92
2693,1,Southern Philippines Medical Center (SPMC),06/10/2025,AB+,Platelet Concentrate,0,10,93
2694,1,Southern Philippines Medical Center (SPMC),13/10/2025,AB+,Platelet Concentrate,1,10,94
2695,1,Southern Philippines Medical Center (SPMC),20/10/2025,AB+,Platelet Concentrate,0,10,95
2696,1,Southern Philippines Medical Center (SPMC),27/10/2025,AB+,Platelet Concentrate,0,10,96
2697,1,Southern Philippines Medical Center (SPMC),03/11/2025,AB+,Platelet Concentrate,1,11,97
2698,1,Southern Philippines Medical Center (SPMC),10/11/2025,AB+,Platelet Concentrate,1,11,98
2699,1,Southern Philippines Medical Center (SPMC),17/11/2025,AB+,Platelet Concentrate,1,11,99
2700,1,Southern Philippines Medical Center (SPMC),24/11/2025,AB+,Platelet Concentrate,0,11,100
2701,1,Southern Philippines Medical Center (SPMC),01/12/2025,AB+,Platelet Concentrate,1,12,101
2702,1,Southern Philippines Medical Center (SPMC),08/12/2025,AB+,Platelet Concentrate,2,12,102
2703,1,Southern Philippines Medical Center (SPMC),15/12/2025,AB+,Platelet Concentrate,1,12,103
2704,1,Southern Philippines Medical Center (SPMC),22/12/2025,AB+,Platelet Concentrate,1,12,104
2705,1,Southern Philippines Medical Center (SPMC),01/01/2024,AB+,FFP,1,1,1
2706,1,Southern Philippines Medical Center (SPMC),08/01/2024,AB+,FFP,1,1,2
2707,1,Southern Philippines Medical Center (SPMC),15/01/2024,AB+,FFP,1,1,3
2708,1,Southern Philippines Medical Center (SPMC),22/01/2024,AB+,FFP,1,1,4
2709,1,Southern Philippines Medical Center (SPMC),29/01/2024,AB+,FFP,1,1,5
2710,1,Southern Philippines Medical Center (SPMC),05/02/2024,AB+,FFP,1,2,6
2711,1,Southern Philippines Medical Center (SPMC),12/02/2024,AB+,FFP,1,2,7
2712,1,Southern Philippines Medical Center (SPMC),19/02/2024,AB+,FFP,1,2,8
2713,1,Southern Philippines Medical Center (SPMC),26/02/2024,AB+,FFP,1,2,9
2714,1,Southern Philippines Medical Center (SPMC),04/03/2024,AB+,FFP,1,3,10
2715,1,Southern Philippines Medical Center (SPMC),11/03/2024,AB+,FFP,1,3,11
2716,1,Southern Philippines Medical Center (SPMC),18/03/2024,AB+,FFP,1,3,12
2717,1,Southern Philippines Medical Center (SPMC),25/03/2024,AB+,FFP,1,3,13
2718,1,Southern Philippines Medical Center (SPMC),01/04/2024,AB+,FFP,1,4,14
2719,1,Southern Philippines Medical Center (SPMC),08/04/2024,AB+,FFP,1,4,15
2720,1,Southern Philippines Medical Center (SPMC),15/04/2024,AB+,FFP,1,4,16
2721,1,Southern Philippines Medical Center (SPMC),22/04/2024,AB+,FFP,1,4,17
2722,1,Southern Philippines Medical Center (SPMC),29/04/2024,AB+,FFP,1,4,18
2723,1,Southern Philippines Medical Center (SPMC),06/05/2024,AB+,FFP,1,5,19
2724,1,Southern Philippines Medical Center (SPMC),13/05/2024,AB+,FFP,0,5,20
2725,1,Southern Philippines Medical Center (SPMC),20/05/2024,AB+,FFP,1,5,21
2726,1,Southern Philippines Medical Center (SPMC),27/05/2024,AB+,FFP,1,5,22
2727,1,Southern Philippines Medical Center (SPMC),03/06/2024,AB+,FFP,1,6,23
2728,1,Southern Philippines Medical Center (SPMC),10/06/2024,AB+,FFP,0,6,24
2729,1,Southern Philippines Medical Center (SPMC),17/06/2024,AB+,FFP,1,6,25
2730,1,Southern Philippines Medical Center (SPMC),24/06/2024,AB+,FFP,1,6,26
2731,1,Southern Philippines Medical Center (SPMC),01/07/2024,AB+,FFP,1,7,27
2732,1,Southern Philippines Medical Center (SPMC),08/07/2024,AB+,FFP,1,7,28
2733,1,Southern Philippines Medical Center (SPMC),15/07/2024,AB+,FFP,1,7,29
2734,1,Southern Philippines Medical Center (SPMC),22/07/2024,AB+,FFP,1,7,30
2735,1,Southern Philippines Medical Center (SPMC),29/07/2024,AB+,FFP,1,7,31
2736,1,Southern Philippines Medical Center (SPMC),05/08/2024,AB+,FFP,1,8,32
2737,1,Southern Philippines Medical Center (SPMC),12/08/2024,AB+,FFP,1,8,33
2738,1,Southern Philippines Medical Center (SPMC),19/08/2024,AB+,FFP,0,8,34
2739,1,Southern Philippines Medical Center (SPMC),26/08/2024,AB+,FFP,0,8,35
2740,1,Southern Philippines Medical Center (SPMC),02/09/2024,AB+,FFP,1,9,36
2741,1,Southern Philippines Medical Center (SPMC),09/09/2024,AB+,FFP,1,9,37
2742,1,Southern Philippines Medical Center (SPMC),16/09/2024,AB+,FFP,1,9,38
2743,1,Southern Philippines Medical Center (SPMC),23/09/2024,AB+,FFP,1,9,39
2744,1,Southern Philippines Medical Center (SPMC),30/09/2024,AB+,FFP,1,9,40
2745,1,Southern Philippines Medical Center (SPMC),07/10/2024,AB+,FFP,1,10,41
2746,1,Southern Philippines Medical Center (SPMC),14/10/2024,AB+,FFP,1,10,42
2747,1,Southern Philippines Medical Center (SPMC),21/10/2024,AB+,FFP,0,10,43
2748,1,Southern Philippines Medical Center (SPMC),28/10/2024,AB+,FFP,1,10,44
2749,1,Southern Philippines Medical Center (SPMC),04/11/2024,AB+,FFP,0,11,45
2750,1,Southern Philippines Medical Center (SPMC),11/11/2024,AB+,FFP,1,11,46
2751,1,Southern Philippines Medical Center (SPMC),18/11/2024,AB+,FFP,1,11,47
2752,1,Southern Philippines Medical Center (SPMC),25/11/2024,AB+,FFP,0,11,48
2753,1,Southern Philippines Medical Center (SPMC),02/12/2024,AB+,FFP,1,12,49
2754,1,Southern Philippines Medical Center (SPMC),09/12/2024,AB+,FFP,1,12,50
2755,1,Southern Philippines Medical Center (SPMC),16/12/2024,AB+,FFP,1,12,51
2756,1,Southern Philippines Medical Center (SPMC),23/12/2024,AB+,FFP,1,12,52
2757,1,Southern Philippines Medical Center (SPMC),30/12/2024,AB+,FFP,1,12,53
2758,1,Southern Philippines Medical Center (SPMC),06/01/2025,AB+,FFP,1,1,54
2759,1,Southern Philippines Medical Center (SPMC),13/01/2025,AB+,FFP,1,1,55
2760,1,Southern Philippines Medical Center (SPMC),20/01/2025,AB+,FFP,1,1,56
2761,1,Southern Philippines Medical Center (SPMC),27/01/2025,AB+,FFP,0,1,57
2762,1,Southern Philippines Medical Center (SPMC),03/02/2025,AB+,FFP,1,2,58
2763,1,Southern Philippines Medical Center (SPMC),10/02/2025,AB+,FFP,1,2,59
2764,1,Southern Philippines Medical Center (SPMC),17/02/2025,AB+,FFP,1,2,60
2765,1,Southern Philippines Medical Center (SPMC),24/02/2025,AB+,FFP,1,2,61
2766,1,Southern Philippines Medical Center (SPMC),03/03/2025,AB+,FFP,0,3,62
2767,1,Southern Philippines Medical Center (SPMC),10/03/2025,AB+,FFP,0,3,63
2768,1,Southern Philippines Medical Center (SPMC),17/03/2025,AB+,FFP,1,3,64
2769,1,Southern Philippines Medical Center (SPMC),24/03/2025,AB+,FFP,0,3,65
2770,1,Southern Philippines Medical Center (SPMC),31/03/2025,AB+,FFP,0,3,66
2771,1,Southern Philippines Medical Center (SPMC),07/04/2025,AB+,FFP,1,4,67
2772,1,Southern Philippines Medical Center (SPMC),14/04/2025,AB+,FFP,0,4,68
2773,1,Southern Philippines Medical Center (SPMC),21/04/2025,AB+,FFP,1,4,69
2774,1,Southern Philippines Medical Center (SPMC),28/04/2025,AB+,FFP,1,4,70
2775,1,Southern Philippines Medical Center (SPMC),05/05/2025,AB+,FFP,1,5,71
2776,1,Southern Philippines Medical Center (SPMC),12/05/2025,AB+,FFP,1,5,72
2777,1,Southern Philippines Medical Center (SPMC),19/05/2025,AB+,FFP,1,5,73
2778,1,Southern Philippines Medical Center (SPMC),26/05/2025,AB+,FFP,1,5,74
2779,1,Southern Philippines Medical Center (SPMC),02/06/2025,AB+,FFP,0,6,75
2780,1,Southern Philippines Medical Center (SPMC),09/06/2025,AB+,FFP,1,6,76
2781,1,Southern Philippines Medical Center (SPMC),16/06/2025,AB+,FFP,1,6,77
2782,1,Southern Philippines Medical Center (SPMC),23/06/2025,AB+,FFP,1,6,78
2783,1,Southern Philippines Medical Center (SPMC),30/06/2025,AB+,FFP,1,6,79
2784,1,Southern Philippines Medical Center (SPMC),07/07/2025,AB+,FFP,0,7,80
2785,1,Southern Philippines Medical Center (SPMC),14/07/2025,AB+,FFP,1,7,81
2786,1,Southern Philippines Medical Center (SPMC),21/07/2025,AB+,FFP,0,7,82
2787,1,Southern Philippines Medical Center (SPMC),28/07/2025,AB+,FFP,1,7,83
2788,1,Southern Philippines Medical Center (SPMC),04/08/2025,AB+,FFP,1,8,84
2789,1,Southern Philippines Medical Center (SPMC),11/08/2025,AB+,FFP,0,8,85
2790,1,Southern Philippines Medical Center (SPMC),18/08/2025,AB+,FFP,1,8,86
2791,1,Southern Philippines Medical Center (SPMC),25/08/2025,AB+,FFP,1,8,87
2792,1,Southern Philippines Medical Center (SPMC),01/09/2025,AB+,FFP,1,9,88
2793,1,Southern Philippines Medical Center (SPMC),08/09/2025,AB+,FFP,1,9,89
2794,1,Southern Philippines Medical Center (SPMC),15/09/2025,AB+,FFP,1,9,90
2795,1,Southern Philippines Medical Center (SPMC),22/09/2025,AB+,FFP,1,9,91
2796,1,Southern Philippines Medical Center (SPMC),29/09/2025,AB+,FFP,1,9,92
2797,1,Southern Philippines Medical Center (SPMC),06/10/2025,AB+,FFP,1,10,93
2798,1,Southern Philippines Medical Center (SPMC),13/10/2025,AB+,FFP,1,10,94
2799,1,Southern Philippines Medical Center (SPMC),20/10/2025,AB+,FFP,1,10,95
2800,1,Southern Philippines Medical Center (SPMC),27/10/2025,AB+,FFP,1,10,96
2801,1,Southern Philippines Medical Center (SPMC),03/11/2025,AB+,FFP,0,11,97
2802,1,Southern Philippines Medical Center (SPMC),10/11/2025,AB+,FFP,1,11,98
2803,1,Southern Philippines Medical Center (SPMC),17/11/2025,AB+,FFP,1,11,99
2804,1,Southern Philippines Medical Center (SPMC),24/11/2025,AB+,FFP,0,11,100
2805,1,Southern Philippines Medical Center (SPMC),01/12/2025,AB+,FFP,1,12,101
2806,1,Southern Philippines Medical Center (SPMC),08/12/2025,AB+,FFP,1,12,102
2807,1,Southern Philippines Medical Center (SPMC),15/12/2025,AB+,FFP,2,12,103
2808,1,Southern Philippines Medical Center (SPMC),22/12/2025,AB+,FFP,0,12,104
2809,1,Southern Philippines Medical Center (SPMC),01/01/2024,AB-,PRBC,0,1,1
2810,1,Southern Philippines Medical Center (SPMC),08/01/2024,AB-,PRBC,1,1,2
2811,1,Southern Philippines Medical Center (SPMC),15/01/2024,AB-,PRBC,1,1,3
2812,1,Southern Philippines Medical Center (SPMC),22/01/2024,AB-,PRBC,1,1,4
2813,1,Southern Philippines Medical Center (SPMC),29/01/2024,AB-,PRBC,1,1,5
2814,1,Southern Philippines Medical Center (SPMC),05/02/2024,AB-,PRBC,1,2,6
2815,1,Southern Philippines Medical Center (SPMC),12/02/2024,AB-,PRBC,0,2,7
2816,1,Southern Philippines Medical Center (SPMC),19/02/2024,AB-,PRBC,1,2,8
2817,1,Southern Philippines Medical Center (SPMC),26/02/2024,AB-,PRBC,0,2,9
2818,1,Southern Philippines Medical Center (SPMC),04/03/2024,AB-,PRBC,1,3,10
2819,1,Southern Philippines Medical Center (SPMC),11/03/2024,AB-,PRBC,1,3,11
2820,1,Southern Philippines Medical Center (SPMC),18/03/2024,AB-,PRBC,1,3,12
2821,1,Southern Philippines Medical Center (SPMC),25/03/2024,AB-,PRBC,1,3,13
2822,1,Southern Philippines Medical Center (SPMC),01/04/2024,AB-,PRBC,1,4,14
2823,1,Southern Philippines Medical Center (SPMC),08/04/2024,AB-,PRBC,1,4,15
2824,1,Southern Philippines Medical Center (SPMC),15/04/2024,AB-,PRBC,0,4,16
2825,1,Southern Philippines Medical Center (SPMC),22/04/2024,AB-,PRBC,1,4,17
2826,1,Southern Philippines Medical Center (SPMC),29/04/2024,AB-,PRBC,1,4,18
2827,1,Southern Philippines Medical Center (SPMC),06/05/2024,AB-,PRBC,1,5,19
2828,1,Southern Philippines Medical Center (SPMC),13/05/2024,AB-,PRBC,1,5,20
2829,1,Southern Philippines Medical Center (SPMC),20/05/2024,AB-,PRBC,0,5,21
2830,1,Southern Philippines Medical Center (SPMC),27/05/2024,AB-,PRBC,0,5,22
2831,1,Southern Philippines Medical Center (SPMC),03/06/2024,AB-,PRBC,1,6,23
2832,1,Southern Philippines Medical Center (SPMC),10/06/2024,AB-,PRBC,1,6,24
2833,1,Southern Philippines Medical Center (SPMC),17/06/2024,AB-,PRBC,0,6,25
2834,1,Southern Philippines Medical Center (SPMC),24/06/2024,AB-,PRBC,0,6,26
2835,1,Southern Philippines Medical Center (SPMC),01/07/2024,AB-,PRBC,1,7,27
2836,1,Southern Philippines Medical Center (SPMC),08/07/2024,AB-,PRBC,1,7,28
2837,1,Southern Philippines Medical Center (SPMC),15/07/2024,AB-,PRBC,2,7,29
2838,1,Southern Philippines Medical Center (SPMC),22/07/2024,AB-,PRBC,1,7,30
2839,1,Southern Philippines Medical Center (SPMC),29/07/2024,AB-,PRBC,1,7,31
2840,1,Southern Philippines Medical Center (SPMC),05/08/2024,AB-,PRBC,1,8,32
2841,1,Southern Philippines Medical Center (SPMC),12/08/2024,AB-,PRBC,1,8,33
2842,1,Southern Philippines Medical Center (SPMC),19/08/2024,AB-,PRBC,1,8,34
2843,1,Southern Philippines Medical Center (SPMC),26/08/2024,AB-,PRBC,1,8,35
2844,1,Southern Philippines Medical Center (SPMC),02/09/2024,AB-,PRBC,1,9,36
2845,1,Southern Philippines Medical Center (SPMC),09/09/2024,AB-,PRBC,1,9,37
2846,1,Southern Philippines Medical Center (SPMC),16/09/2024,AB-,PRBC,1,9,38
2847,1,Southern Philippines Medical Center (SPMC),23/09/2024,AB-,PRBC,1,9,39
2848,1,Southern Philippines Medical Center (SPMC),30/09/2024,AB-,PRBC,1,9,40
2849,1,Southern Philippines Medical Center (SPMC),07/10/2024,AB-,PRBC,1,10,41
2850,1,Southern Philippines Medical Center (SPMC),14/10/2024,AB-,PRBC,1,10,42
2851,1,Southern Philippines Medical Center (SPMC),21/10/2024,AB-,PRBC,1,10,43
2852,1,Southern Philippines Medical Center (SPMC),28/10/2024,AB-,PRBC,1,10,44
2853,1,Southern Philippines Medical Center (SPMC),04/11/2024,AB-,PRBC,1,11,45
2854,1,Southern Philippines Medical Center (SPMC),11/11/2024,AB-,PRBC,1,11,46
2855,1,Southern Philippines Medical Center (SPMC),18/11/2024,AB-,PRBC,1,11,47
2856,1,Southern Philippines Medical Center (SPMC),25/11/2024,AB-,PRBC,1,11,48
2857,1,Southern Philippines Medical Center (SPMC),02/12/2024,AB-,PRBC,1,12,49
2858,1,Southern Philippines Medical Center (SPMC),09/12/2024,AB-,PRBC,1,12,50
2859,1,Southern Philippines Medical Center (SPMC),16/12/2024,AB-,PRBC,1,12,51
2860,1,Southern Philippines Medical Center (SPMC),23/12/2024,AB-,PRBC,1,12,52
2861,1,Southern Philippines Medical Center (SPMC),30/12/2024,AB-,PRBC,1,12,53
2862,1,Southern Philippines Medical Center (SPMC),06/01/2025,AB-,PRBC,1,1,54
2863,1,Southern Philippines Medical Center (SPMC),13/01/2025,AB-,PRBC,1,1,55
2864,1,Southern Philippines Medical Center (SPMC),20/01/2025,AB-,PRBC,1,1,56
2865,1,Southern Philippines Medical Center (SPMC),27/01/2025,AB-,PRBC,1,1,57
2866,1,Southern Philippines Medical Center (SPMC),03/02/2025,AB-,PRBC,1,2,58
2867,1,Southern Philippines Medical Center (SPMC),10/02/2025,AB-,PRBC,2,2,59
2868,1,Southern Philippines Medical Center (SPMC),17/02/2025,AB-,PRBC,1,2,60
2869,1,Southern Philippines Medical Center (SPMC),24/02/2025,AB-,PRBC,1,2,61
2870,1,Southern Philippines Medical Center (SPMC),03/03/2025,AB-,PRBC,0,3,62
2871,1,Southern Philippines Medical Center (SPMC),10/03/2025,AB-,PRBC,0,3,63
2872,1,Southern Philippines Medical Center (SPMC),17/03/2025,AB-,PRBC,1,3,64
2873,1,Southern Philippines Medical Center (SPMC),24/03/2025,AB-,PRBC,1,3,65
2874,1,Southern Philippines Medical Center (SPMC),31/03/2025,AB-,PRBC,0,3,66
2875,1,Southern Philippines Medical Center (SPMC),07/04/2025,AB-,PRBC,2,4,67
2876,1,Southern Philippines Medical Center (SPMC),14/04/2025,AB-,PRBC,1,4,68
2877,1,Southern Philippines Medical Center (SPMC),21/04/2025,AB-,PRBC,1,4,69
2878,1,Southern Philippines Medical Center (SPMC),28/04/2025,AB-,PRBC,2,4,70
2879,1,Southern Philippines Medical Center (SPMC),05/05/2025,AB-,PRBC,1,5,71
2880,1,Southern Philippines Medical Center (SPMC),12/05/2025,AB-,PRBC,1,5,72
2881,1,Southern Philippines Medical Center (SPMC),19/05/2025,AB-,PRBC,1,5,73
2882,1,Southern Philippines Medical Center (SPMC),26/05/2025,AB-,PRBC,1,5,74
2883,1,Southern Philippines Medical Center (SPMC),02/06/2025,AB-,PRBC,1,6,75
2884,1,Southern Philippines Medical Center (SPMC),09/06/2025,AB-,PRBC,1,6,76
2885,1,Southern Philippines Medical Center (SPMC),16/06/2025,AB-,PRBC,1,6,77
2886,1,Southern Philippines Medical Center (SPMC),23/06/2025,AB-,PRBC,1,6,78
2887,1,Southern Philippines Medical Center (SPMC),30/06/2025,AB-,PRBC,1,6,79
2888,1,Southern Philippines Medical Center (SPMC),07/07/2025,AB-,PRBC,1,7,80
2889,1,Southern Philippines Medical Center (SPMC),14/07/2025,AB-,PRBC,1,7,81
2890,1,Southern Philippines Medical Center (SPMC),21/07/2025,AB-,PRBC,1,7,82
2891,1,Southern Philippines Medical Center (SPMC),28/07/2025,AB-,PRBC,0,7,83
2892,1,Southern Philippines Medical Center (SPMC),04/08/2025,AB-,PRBC,1,8,84
2893,1,Southern Philippines Medical Center (SPMC),11/08/2025,AB-,PRBC,0,8,85
2894,1,Southern Philippines Medical Center (SPMC),18/08/2025,AB-,PRBC,1,8,86
2895,1,Southern Philippines Medical Center (SPMC),25/08/2025,AB-,PRBC,1,8,87
2896,1,Southern Philippines Medical Center (SPMC),01/09/2025,AB-,PRBC,1,9,88
2897,1,Southern Philippines Medical Center (SPMC),08/09/2025,AB-,PRBC,1,9,89
2898,1,Southern Philippines Medical Center (SPMC),15/09/2025,AB-,PRBC,1,9,90
2899,1,Southern Philippines Medical Center (SPMC),22/09/2025,AB-,PRBC,1,9,91
2900,1,Southern Philippines Medical Center (SPMC),29/09/2025,AB-,PRBC,1,9,92
2901,1,Southern Philippines Medical Center (SPMC),06/10/2025,AB-,PRBC,1,10,93
2902,1,Southern Philippines Medical Center (SPMC),13/10/2025,AB-,PRBC,1,10,94
2903,1,Southern Philippines Medical Center (SPMC),20/10/2025,AB-,PRBC,1,10,95
2904,1,Southern Philippines Medical Center (SPMC),27/10/2025,AB-,PRBC,1,10,96
2905,1,Southern Philippines Medical Center (SPMC),03/11/2025,AB-,PRBC,1,11,97
2906,1,Southern Philippines Medical Center (SPMC),10/11/2025,AB-,PRBC,1,11,98
2907,1,Southern Philippines Medical Center (SPMC),17/11/2025,AB-,PRBC,0,11,99
2908,1,Southern Philippines Medical Center (SPMC),24/11/2025,AB-,PRBC,1,11,100
2909,1,Southern Philippines Medical Center (SPMC),01/12/2025,AB-,PRBC,0,12,101
2910,1,Southern Philippines Medical Center (SPMC),08/12/2025,AB-,PRBC,1,12,102
2911,1,Southern Philippines Medical Center (SPMC),15/12/2025,AB-,PRBC,1,12,103
2912,1,Southern Philippines Medical Center (SPMC),22/12/2025,AB-,PRBC,1,12,104
2913,2,Davao Doctors Hospital,01/01/2024,O+,PRBC,9,1,1
2914,2,Davao Doctors Hospital,08/01/2024,O+,PRBC,12,1,2
2915,2,Davao Doctors Hospital,15/01/2024,O+,PRBC,9,1,3
2916,2,Davao Doctors Hospital,22/01/2024,O+,PRBC,9,1,4
2917,2,Davao Doctors Hospital,29/01/2024,O+,PRBC,9,1,5
2918,2,Davao Doctors Hospital,05/02/2024,O+,PRBC,8,2,6
2919,2,Davao Doctors Hospital,12/02/2024,O+,PRBC,10,2,7
2920,2,Davao Doctors Hospital,19/02/2024,O+,PRBC,8,2,8
2921,2,Davao Doctors Hospital,26/02/2024,O+,PRBC,8,2,9
2922,2,Davao Doctors Hospital,04/03/2024,O+,PRBC,10,3,10
2923,2,Davao Doctors Hospital,11/03/2024,O+,PRBC,8,3,11
2924,2,Davao Doctors Hospital,18/03/2024,O+,PRBC,9,3,12
2925,2,Davao Doctors Hospital,25/03/2024,O+,PRBC,8,3,13
2926,2,Davao Doctors Hospital,01/04/2024,O+,PRBC,9,4,14
2927,2,Davao Doctors Hospital,08/04/2024,O+,PRBC,8,4,15
2928,2,Davao Doctors Hospital,15/04/2024,O+,PRBC,8,4,16
2929,2,Davao Doctors Hospital,22/04/2024,O+,PRBC,8,4,17
2930,2,Davao Doctors Hospital,29/04/2024,O+,PRBC,10,4,18
2931,2,Davao Doctors Hospital,06/05/2024,O+,PRBC,9,5,19
2932,2,Davao Doctors Hospital,13/05/2024,O+,PRBC,10,5,20
2933,2,Davao Doctors Hospital,20/05/2024,O+,PRBC,10,5,21
2934,2,Davao Doctors Hospital,27/05/2024,O+,PRBC,8,5,22
2935,2,Davao Doctors Hospital,03/06/2024,O+,PRBC,10,6,23
2936,2,Davao Doctors Hospital,10/06/2024,O+,PRBC,9,6,24
2937,2,Davao Doctors Hospital,17/06/2024,O+,PRBC,9,6,25
2938,2,Davao Doctors Hospital,24/06/2024,O+,PRBC,10,6,26
2939,2,Davao Doctors Hospital,01/07/2024,O+,PRBC,10,7,27
2940,2,Davao Doctors Hospital,08/07/2024,O+,PRBC,8,7,28
2941,2,Davao Doctors Hospital,15/07/2024,O+,PRBC,10,7,29
2942,2,Davao Doctors Hospital,22/07/2024,O+,PRBC,7,7,30
2943,2,Davao Doctors Hospital,29/07/2024,O+,PRBC,9,7,31
2944,2,Davao Doctors Hospital,05/08/2024,O+,PRBC,7,8,32
2945,2,Davao Doctors Hospital,12/08/2024,O+,PRBC,8,8,33
2946,2,Davao Doctors Hospital,19/08/2024,O+,PRBC,10,8,34
2947,2,Davao Doctors Hospital,26/08/2024,O+,PRBC,5,8,35
2948,2,Davao Doctors Hospital,02/09/2024,O+,PRBC,11,9,36
2949,2,Davao Doctors Hospital,09/09/2024,O+,PRBC,10,9,37
2950,2,Davao Doctors Hospital,16/09/2024,O+,PRBC,7,9,38
2951,2,Davao Doctors Hospital,23/09/2024,O+,PRBC,12,9,39
2952,2,Davao Doctors Hospital,30/09/2024,O+,PRBC,12,9,40
2953,2,Davao Doctors Hospital,07/10/2024,O+,PRBC,9,10,41
2954,2,Davao Doctors Hospital,14/10/2024,O+,PRBC,8,10,42
2955,2,Davao Doctors Hospital,21/10/2024,O+,PRBC,11,10,43
2956,2,Davao Doctors Hospital,28/10/2024,O+,PRBC,9,10,44
2957,2,Davao Doctors Hospital,04/11/2024,O+,PRBC,9,11,45
2958,2,Davao Doctors Hospital,11/11/2024,O+,PRBC,11,11,46
2959,2,Davao Doctors Hospital,18/11/2024,O+,PRBC,9,11,47
2960,2,Davao Doctors Hospital,25/11/2024,O+,PRBC,9,11,48
2961,2,Davao Doctors Hospital,02/12/2024,O+,PRBC,8,12,49
2962,2,Davao Doctors Hospital,09/12/2024,O+,PRBC,9,12,50
2963,2,Davao Doctors Hospital,16/12/2024,O+,PRBC,10,12,51
2964,2,Davao Doctors Hospital,23/12/2024,O+,PRBC,9,12,52
2965,2,Davao Doctors Hospital,30/12/2024,O+,PRBC,9,12,53
2966,2,Davao Doctors Hospital,06/01/2025,O+,PRBC,10,1,54
2967,2,Davao Doctors Hospital,13/01/2025,O+,PRBC,7,1,55
2968,2,Davao Doctors Hospital,20/01/2025,O+,PRBC,8,1,56
2969,2,Davao Doctors Hospital,27/01/2025,O+,PRBC,12,1,57
2970,2,Davao Doctors Hospital,03/02/2025,O+,PRBC,9,2,58
2971,2,Davao Doctors Hospital,10/02/2025,O+,PRBC,9,2,59
2972,2,Davao Doctors Hospital,17/02/2025,O+,PRBC,9,2,60
2973,2,Davao Doctors Hospital,24/02/2025,O+,PRBC,9,2,61
2974,2,Davao Doctors Hospital,03/03/2025,O+,PRBC,10,3,62
2975,2,Davao Doctors Hospital,10/03/2025,O+,PRBC,10,3,63
2976,2,Davao Doctors Hospital,17/03/2025,O+,PRBC,9,3,64
2977,2,Davao Doctors Hospital,24/03/2025,O+,PRBC,9,3,65
2978,2,Davao Doctors Hospital,31/03/2025,O+,PRBC,11,3,66
2979,2,Davao Doctors Hospital,07/04/2025,O+,PRBC,7,4,67
2980,2,Davao Doctors Hospital,14/04/2025,O+,PRBC,9,4,68
2981,2,Davao Doctors Hospital,21/04/2025,O+,PRBC,9,4,69
2982,2,Davao Doctors Hospital,28/04/2025,O+,PRBC,8,4,70
2983,2,Davao Doctors Hospital,05/05/2025,O+,PRBC,9,5,71
2984,2,Davao Doctors Hospital,12/05/2025,O+,PRBC,8,5,72
2985,2,Davao Doctors Hospital,19/05/2025,O+,PRBC,10,5,73
2986,2,Davao Doctors Hospital,26/05/2025,O+,PRBC,8,5,74
2987,2,Davao Doctors Hospital,02/06/2025,O+,PRBC,11,6,75
2988,2,Davao Doctors Hospital,09/06/2025,O+,PRBC,9,6,76
2989,2,Davao Doctors Hospital,16/06/2025,O+,PRBC,9,6,77
2990,2,Davao Doctors Hospital,23/06/2025,O+,PRBC,8,6,78
2991,2,Davao Doctors Hospital,30/06/2025,O+,PRBC,11,6,79
2992,2,Davao Doctors Hospital,07/07/2025,O+,PRBC,8,7,80
2993,2,Davao Doctors Hospital,14/07/2025,O+,PRBC,8,7,81
2994,2,Davao Doctors Hospital,21/07/2025,O+,PRBC,11,7,82
2995,2,Davao Doctors Hospital,28/07/2025,O+,PRBC,8,7,83
2996,2,Davao Doctors Hospital,04/08/2025,O+,PRBC,9,8,84
2997,2,Davao Doctors Hospital,11/08/2025,O+,PRBC,10,8,85
2998,2,Davao Doctors Hospital,18/08/2025,O+,PRBC,10,8,86
2999,2,Davao Doctors Hospital,25/08/2025,O+,PRBC,12,8,87
3000,2,Davao Doctors Hospital,01/09/2025,O+,PRBC,8,9,88
3001,2,Davao Doctors Hospital,08/09/2025,O+,PRBC,9,9,89
3002,2,Davao Doctors Hospital,15/09/2025,O+,PRBC,9,9,90
3003,2,Davao Doctors Hospital,22/09/2025,O+,PRBC,10,9,91
3004,2,Davao Doctors Hospital,29/09/2025,O+,PRBC,11,9,92
3005,2,Davao Doctors Hospital,06/10/2025,O+,PRBC,10,10,93
3006,2,Davao Doctors Hospital,13/10/2025,O+,PRBC,9,10,94
3007,2,Davao Doctors Hospital,20/10/2025,O+,PRBC,8,10,95
3008,2,Davao Doctors Hospital,27/10/2025,O+,PRBC,10,10,96
3009,2,Davao Doctors Hospital,03/11/2025,O+,PRBC,9,11,97
3010,2,Davao Doctors Hospital,10/11/2025,O+,PRBC,10,11,98
3011,2,Davao Doctors Hospital,17/11/2025,O+,PRBC,9,11,99
3012,2,Davao Doctors Hospital,24/11/2025,O+,PRBC,9,11,100
3013,2,Davao Doctors Hospital,01/12/2025,O+,PRBC,9,12,101
3014,2,Davao Doctors Hospital,08/12/2025,O+,PRBC,8,12,102
3015,2,Davao Doctors Hospital,15/12/2025,O+,PRBC,13,12,103
3016,2,Davao Doctors Hospital,22/12/2025,O+,PRBC,11,12,104
3017,2,Davao Doctors Hospital,01/01/2024,O+,Platelet Concentrate,3,1,1
3018,2,Davao Doctors Hospital,08/01/2024,O+,Platelet Concentrate,2,1,2
3019,2,Davao Doctors Hospital,15/01/2024,O+,Platelet Concentrate,3,1,3
3020,2,Davao Doctors Hospital,22/01/2024,O+,Platelet Concentrate,3,1,4
3021,2,Davao Doctors Hospital,29/01/2024,O+,Platelet Concentrate,2,1,5
3022,2,Davao Doctors Hospital,05/02/2024,O+,Platelet Concentrate,2,2,6
3023,2,Davao Doctors Hospital,12/02/2024,O+,Platelet Concentrate,2,2,7
3024,2,Davao Doctors Hospital,19/02/2024,O+,Platelet Concentrate,2,2,8
3025,2,Davao Doctors Hospital,26/02/2024,O+,Platelet Concentrate,2,2,9
3026,2,Davao Doctors Hospital,04/03/2024,O+,Platelet Concentrate,2,3,10
3027,2,Davao Doctors Hospital,11/03/2024,O+,Platelet Concentrate,3,3,11
3028,2,Davao Doctors Hospital,18/03/2024,O+,Platelet Concentrate,2,3,12
3029,2,Davao Doctors Hospital,25/03/2024,O+,Platelet Concentrate,2,3,13
3030,2,Davao Doctors Hospital,01/04/2024,O+,Platelet Concentrate,2,4,14
3031,2,Davao Doctors Hospital,08/04/2024,O+,Platelet Concentrate,2,4,15
3032,2,Davao Doctors Hospital,15/04/2024,O+,Platelet Concentrate,3,4,16
3033,2,Davao Doctors Hospital,22/04/2024,O+,Platelet Concentrate,2,4,17
3034,2,Davao Doctors Hospital,29/04/2024,O+,Platelet Concentrate,2,4,18
3035,2,Davao Doctors Hospital,06/05/2024,O+,Platelet Concentrate,2,5,19
3036,2,Davao Doctors Hospital,13/05/2024,O+,Platelet Concentrate,3,5,20
3037,2,Davao Doctors Hospital,20/05/2024,O+,Platelet Concentrate,3,5,21
3038,2,Davao Doctors Hospital,27/05/2024,O+,Platelet Concentrate,2,5,22
3039,2,Davao Doctors Hospital,03/06/2024,O+,Platelet Concentrate,3,6,23
3040,2,Davao Doctors Hospital,10/06/2024,O+,Platelet Concentrate,3,6,24
3041,2,Davao Doctors Hospital,17/06/2024,O+,Platelet Concentrate,3,6,25
3042,2,Davao Doctors Hospital,24/06/2024,O+,Platelet Concentrate,2,6,26
3043,2,Davao Doctors Hospital,01/07/2024,O+,Platelet Concentrate,3,7,27
3044,2,Davao Doctors Hospital,08/07/2024,O+,Platelet Concentrate,2,7,28
3045,2,Davao Doctors Hospital,15/07/2024,O+,Platelet Concentrate,2,7,29
3046,2,Davao Doctors Hospital,22/07/2024,O+,Platelet Concentrate,2,7,30
3047,2,Davao Doctors Hospital,29/07/2024,O+,Platelet Concentrate,2,7,31
3048,2,Davao Doctors Hospital,05/08/2024,O+,Platelet Concentrate,2,8,32
3049,2,Davao Doctors Hospital,12/08/2024,O+,Platelet Concentrate,2,8,33
3050,2,Davao Doctors Hospital,19/08/2024,O+,Platelet Concentrate,2,8,34
3051,2,Davao Doctors Hospital,26/08/2024,O+,Platelet Concentrate,3,8,35
3052,2,Davao Doctors Hospital,02/09/2024,O+,Platelet Concentrate,3,9,36
3053,2,Davao Doctors Hospital,09/09/2024,O+,Platelet Concentrate,3,9,37
3054,2,Davao Doctors Hospital,16/09/2024,O+,Platelet Concentrate,3,9,38
3055,2,Davao Doctors Hospital,23/09/2024,O+,Platelet Concentrate,3,9,39
3056,2,Davao Doctors Hospital,30/09/2024,O+,Platelet Concentrate,3,9,40
3057,2,Davao Doctors Hospital,07/10/2024,O+,Platelet Concentrate,2,10,41
3058,2,Davao Doctors Hospital,14/10/2024,O+,Platelet Concentrate,3,10,42
3059,2,Davao Doctors Hospital,21/10/2024,O+,Platelet Concentrate,2,10,43
3060,2,Davao Doctors Hospital,28/10/2024,O+,Platelet Concentrate,3,10,44
3061,2,Davao Doctors Hospital,04/11/2024,O+,Platelet Concentrate,3,11,45
3062,2,Davao Doctors Hospital,11/11/2024,O+,Platelet Concentrate,3,11,46
3063,2,Davao Doctors Hospital,18/11/2024,O+,Platelet Concentrate,2,11,47
3064,2,Davao Doctors Hospital,25/11/2024,O+,Platelet Concentrate,2,11,48
3065,2,Davao Doctors Hospital,02/12/2024,O+,Platelet Concentrate,2,12,49
3066,2,Davao Doctors Hospital,09/12/2024,O+,Platelet Concentrate,2,12,50
3067,2,Davao Doctors Hospital,16/12/2024,O+,Platelet Concentrate,3,12,51
3068,2,Davao Doctors Hospital,23/12/2024,O+,Platelet Concentrate,3,12,52
3069,2,Davao Doctors Hospital,30/12/2024,O+,Platelet Concentrate,3,12,53
3070,2,Davao Doctors Hospital,06/01/2025,O+,Platelet Concentrate,3,1,54
3071,2,Davao Doctors Hospital,13/01/2025,O+,Platelet Concentrate,3,1,55
3072,2,Davao Doctors Hospital,20/01/2025,O+,Platelet Concentrate,2,1,56
3073,2,Davao Doctors Hospital,27/01/2025,O+,Platelet Concentrate,3,1,57
3074,2,Davao Doctors Hospital,03/02/2025,O+,Platelet Concentrate,2,2,58
3075,2,Davao Doctors Hospital,10/02/2025,O+,Platelet Concentrate,3,2,59
3076,2,Davao Doctors Hospital,17/02/2025,O+,Platelet Concentrate,3,2,60
3077,2,Davao Doctors Hospital,24/02/2025,O+,Platelet Concentrate,2,2,61
3078,2,Davao Doctors Hospital,03/03/2025,O+,Platelet Concentrate,2,3,62
3079,2,Davao Doctors Hospital,10/03/2025,O+,Platelet Concentrate,3,3,63
3080,2,Davao Doctors Hospital,17/03/2025,O+,Platelet Concentrate,2,3,64
3081,2,Davao Doctors Hospital,24/03/2025,O+,Platelet Concentrate,3,3,65
3082,2,Davao Doctors Hospital,31/03/2025,O+,Platelet Concentrate,3,3,66
3083,2,Davao Doctors Hospital,07/04/2025,O+,Platelet Concentrate,2,4,67
3084,2,Davao Doctors Hospital,14/04/2025,O+,Platelet Concentrate,3,4,68
3085,2,Davao Doctors Hospital,21/04/2025,O+,Platelet Concentrate,2,4,69
3086,2,Davao Doctors Hospital,28/04/2025,O+,Platelet Concentrate,2,4,70
3087,2,Davao Doctors Hospital,05/05/2025,O+,Platelet Concentrate,2,5,71
3088,2,Davao Doctors Hospital,12/05/2025,O+,Platelet Concentrate,3,5,72
3089,2,Davao Doctors Hospital,19/05/2025,O+,Platelet Concentrate,3,5,73
3090,2,Davao Doctors Hospital,26/05/2025,O+,Platelet Concentrate,3,5,74
3091,2,Davao Doctors Hospital,02/06/2025,O+,Platelet Concentrate,3,6,75
3092,2,Davao Doctors Hospital,09/06/2025,O+,Platelet Concentrate,3,6,76
3093,2,Davao Doctors Hospital,16/06/2025,O+,Platelet Concentrate,2,6,77
3094,2,Davao Doctors Hospital,23/06/2025,O+,Platelet Concentrate,2,6,78
3095,2,Davao Doctors Hospital,30/06/2025,O+,Platelet Concentrate,3,6,79
3096,2,Davao Doctors Hospital,07/07/2025,O+,Platelet Concentrate,3,7,80
3097,2,Davao Doctors Hospital,14/07/2025,O+,Platelet Concentrate,2,7,81
3098,2,Davao Doctors Hospital,21/07/2025,O+,Platelet Concentrate,2,7,82
3099,2,Davao Doctors Hospital,28/07/2025,O+,Platelet Concentrate,3,7,83
3100,2,Davao Doctors Hospital,04/08/2025,O+,Platelet Concentrate,2,8,84
3101,2,Davao Doctors Hospital,11/08/2025,O+,Platelet Concentrate,2,8,85
3102,2,Davao Doctors Hospital,18/08/2025,O+,Platelet Concentrate,3,8,86
3103,2,Davao Doctors Hospital,25/08/2025,O+,Platelet Concentrate,2,8,87
3104,2,Davao Doctors Hospital,01/09/2025,O+,Platelet Concentrate,3,9,88
3105,2,Davao Doctors Hospital,08/09/2025,O+,Platelet Concentrate,3,9,89
3106,2,Davao Doctors Hospital,15/09/2025,O+,Platelet Concentrate,3,9,90
3107,2,Davao Doctors Hospital,22/09/2025,O+,Platelet Concentrate,2,9,91
3108,2,Davao Doctors Hospital,29/09/2025,O+,Platelet Concentrate,2,9,92
3109,2,Davao Doctors Hospital,06/10/2025,O+,Platelet Concentrate,3,10,93
3110,2,Davao Doctors Hospital,13/10/2025,O+,Platelet Concentrate,2,10,94
3111,2,Davao Doctors Hospital,20/10/2025,O+,Platelet Concentrate,2,10,95
3112,2,Davao Doctors Hospital,27/10/2025,O+,Platelet Concentrate,3,10,96
3113,2,Davao Doctors Hospital,03/11/2025,O+,Platelet Concentrate,2,11,97
3114,2,Davao Doctors Hospital,10/11/2025,O+,Platelet Concentrate,3,11,98
3115,2,Davao Doctors Hospital,17/11/2025,O+,Platelet Concentrate,2,11,99
3116,2,Davao Doctors Hospital,24/11/2025,O+,Platelet Concentrate,2,11,100
3117,2,Davao Doctors Hospital,01/12/2025,O+,Platelet Concentrate,3,12,101
3118,2,Davao Doctors Hospital,08/12/2025,O+,Platelet Concentrate,3,12,102
3119,2,Davao Doctors Hospital,15/12/2025,O+,Platelet Concentrate,3,12,103
3120,2,Davao Doctors Hospital,22/12/2025,O+,Platelet Concentrate,3,12,104
3121,2,Davao Doctors Hospital,01/01/2024,O+,FFP,3,1,1
3122,2,Davao Doctors Hospital,08/01/2024,O+,FFP,3,1,2
3123,2,Davao Doctors Hospital,15/01/2024,O+,FFP,3,1,3
3124,2,Davao Doctors Hospital,22/01/2024,O+,FFP,3,1,4
3125,2,Davao Doctors Hospital,29/01/2024,O+,FFP,3,1,5
3126,2,Davao Doctors Hospital,05/02/2024,O+,FFP,4,2,6
3127,2,Davao Doctors Hospital,12/02/2024,O+,FFP,3,2,7
3128,2,Davao Doctors Hospital,19/02/2024,O+,FFP,4,2,8
3129,2,Davao Doctors Hospital,26/02/2024,O+,FFP,3,2,9
3130,2,Davao Doctors Hospital,04/03/2024,O+,FFP,3,3,10
3131,2,Davao Doctors Hospital,11/03/2024,O+,FFP,3,3,11
3132,2,Davao Doctors Hospital,18/03/2024,O+,FFP,4,3,12
3133,2,Davao Doctors Hospital,25/03/2024,O+,FFP,3,3,13
3134,2,Davao Doctors Hospital,01/04/2024,O+,FFP,3,4,14
3135,2,Davao Doctors Hospital,08/04/2024,O+,FFP,3,4,15
3136,2,Davao Doctors Hospital,15/04/2024,O+,FFP,3,4,16
3137,2,Davao Doctors Hospital,22/04/2024,O+,FFP,3,4,17
3138,2,Davao Doctors Hospital,29/04/2024,O+,FFP,3,4,18
3139,2,Davao Doctors Hospital,06/05/2024,O+,FFP,3,5,19
3140,2,Davao Doctors Hospital,13/05/2024,O+,FFP,4,5,20
3141,2,Davao Doctors Hospital,20/05/2024,O+,FFP,3,5,21
3142,2,Davao Doctors Hospital,27/05/2024,O+,FFP,3,5,22
3143,2,Davao Doctors Hospital,03/06/2024,O+,FFP,3,6,23
3144,2,Davao Doctors Hospital,10/06/2024,O+,FFP,3,6,24
3145,2,Davao Doctors Hospital,17/06/2024,O+,FFP,2,6,25
3146,2,Davao Doctors Hospital,24/06/2024,O+,FFP,4,6,26
3147,2,Davao Doctors Hospital,01/07/2024,O+,FFP,3,7,27
3148,2,Davao Doctors Hospital,08/07/2024,O+,FFP,3,7,28
3149,2,Davao Doctors Hospital,15/07/2024,O+,FFP,3,7,29
3150,2,Davao Doctors Hospital,22/07/2024,O+,FFP,5,7,30
3151,2,Davao Doctors Hospital,29/07/2024,O+,FFP,4,7,31
3152,2,Davao Doctors Hospital,05/08/2024,O+,FFP,3,8,32
3153,2,Davao Doctors Hospital,12/08/2024,O+,FFP,2,8,33
3154,2,Davao Doctors Hospital,19/08/2024,O+,FFP,4,8,34
3155,2,Davao Doctors Hospital,26/08/2024,O+,FFP,4,8,35
3156,2,Davao Doctors Hospital,02/09/2024,O+,FFP,4,9,36
3157,2,Davao Doctors Hospital,09/09/2024,O+,FFP,3,9,37
3158,2,Davao Doctors Hospital,16/09/2024,O+,FFP,3,9,38
3159,2,Davao Doctors Hospital,23/09/2024,O+,FFP,3,9,39
3160,2,Davao Doctors Hospital,30/09/2024,O+,FFP,4,9,40
3161,2,Davao Doctors Hospital,07/10/2024,O+,FFP,4,10,41
3162,2,Davao Doctors Hospital,14/10/2024,O+,FFP,3,10,42
3163,2,Davao Doctors Hospital,21/10/2024,O+,FFP,4,10,43
3164,2,Davao Doctors Hospital,28/10/2024,O+,FFP,3,10,44
3165,2,Davao Doctors Hospital,04/11/2024,O+,FFP,4,11,45
3166,2,Davao Doctors Hospital,11/11/2024,O+,FFP,3,11,46
3167,2,Davao Doctors Hospital,18/11/2024,O+,FFP,3,11,47
3168,2,Davao Doctors Hospital,25/11/2024,O+,FFP,3,11,48
3169,2,Davao Doctors Hospital,02/12/2024,O+,FFP,4,12,49
3170,2,Davao Doctors Hospital,09/12/2024,O+,FFP,4,12,50
3171,2,Davao Doctors Hospital,16/12/2024,O+,FFP,4,12,51
3172,2,Davao Doctors Hospital,23/12/2024,O+,FFP,3,12,52
3173,2,Davao Doctors Hospital,30/12/2024,O+,FFP,4,12,53
3174,2,Davao Doctors Hospital,06/01/2025,O+,FFP,4,1,54
3175,2,Davao Doctors Hospital,13/01/2025,O+,FFP,4,1,55
3176,2,Davao Doctors Hospital,20/01/2025,O+,FFP,4,1,56
3177,2,Davao Doctors Hospital,27/01/2025,O+,FFP,3,1,57
3178,2,Davao Doctors Hospital,03/02/2025,O+,FFP,4,2,58
3179,2,Davao Doctors Hospital,10/02/2025,O+,FFP,3,2,59
3180,2,Davao Doctors Hospital,17/02/2025,O+,FFP,3,2,60
3181,2,Davao Doctors Hospital,24/02/2025,O+,FFP,3,2,61
3182,2,Davao Doctors Hospital,03/03/2025,O+,FFP,3,3,62
3183,2,Davao Doctors Hospital,10/03/2025,O+,FFP,3,3,63
3184,2,Davao Doctors Hospital,17/03/2025,O+,FFP,3,3,64
3185,2,Davao Doctors Hospital,24/03/2025,O+,FFP,3,3,65
3186,2,Davao Doctors Hospital,31/03/2025,O+,FFP,3,3,66
3187,2,Davao Doctors Hospital,07/04/2025,O+,FFP,3,4,67
3188,2,Davao Doctors Hospital,14/04/2025,O+,FFP,3,4,68
3189,2,Davao Doctors Hospital,21/04/2025,O+,FFP,4,4,69
3190,2,Davao Doctors Hospital,28/04/2025,O+,FFP,4,4,70
3191,2,Davao Doctors Hospital,05/05/2025,O+,FFP,3,5,71
3192,2,Davao Doctors Hospital,12/05/2025,O+,FFP,3,5,72
3193,2,Davao Doctors Hospital,19/05/2025,O+,FFP,3,5,73
3194,2,Davao Doctors Hospital,26/05/2025,O+,FFP,3,5,74
3195,2,Davao Doctors Hospital,02/06/2025,O+,FFP,4,6,75
3196,2,Davao Doctors Hospital,09/06/2025,O+,FFP,3,6,76
3197,2,Davao Doctors Hospital,16/06/2025,O+,FFP,3,6,77
3198,2,Davao Doctors Hospital,23/06/2025,O+,FFP,3,6,78
3199,2,Davao Doctors Hospital,30/06/2025,O+,FFP,3,6,79
3200,2,Davao Doctors Hospital,07/07/2025,O+,FFP,3,7,80
3201,2,Davao Doctors Hospital,14/07/2025,O+,FFP,3,7,81
3202,2,Davao Doctors Hospital,21/07/2025,O+,FFP,3,7,82
3203,2,Davao Doctors Hospital,28/07/2025,O+,FFP,5,7,83
3204,2,Davao Doctors Hospital,04/08/2025,O+,FFP,4,8,84
3205,2,Davao Doctors Hospital,11/08/2025,O+,FFP,3,8,85
3206,2,Davao Doctors Hospital,18/08/2025,O+,FFP,4,8,86
3207,2,Davao Doctors Hospital,25/08/2025,O+,FFP,3,8,87
3208,2,Davao Doctors Hospital,01/09/2025,O+,FFP,4,9,88
3209,2,Davao Doctors Hospital,08/09/2025,O+,FFP,3,9,89
3210,2,Davao Doctors Hospital,15/09/2025,O+,FFP,3,9,90
3211,2,Davao Doctors Hospital,22/09/2025,O+,FFP,4,9,91
3212,2,Davao Doctors Hospital,29/09/2025,O+,FFP,3,9,92
3213,2,Davao Doctors Hospital,06/10/2025,O+,FFP,4,10,93
3214,2,Davao Doctors Hospital,13/10/2025,O+,FFP,4,10,94
3215,2,Davao Doctors Hospital,20/10/2025,O+,FFP,4,10,95
3216,2,Davao Doctors Hospital,27/10/2025,O+,FFP,4,10,96
3217,2,Davao Doctors Hospital,03/11/2025,O+,FFP,5,11,97
3218,2,Davao Doctors Hospital,10/11/2025,O+,FFP,4,11,98
3219,2,Davao Doctors Hospital,17/11/2025,O+,FFP,4,11,99
3220,2,Davao Doctors Hospital,24/11/2025,O+,FFP,3,11,100
3221,2,Davao Doctors Hospital,01/12/2025,O+,FFP,4,12,101
3222,2,Davao Doctors Hospital,08/12/2025,O+,FFP,3,12,102
3223,2,Davao Doctors Hospital,15/12/2025,O+,FFP,4,12,103
3224,2,Davao Doctors Hospital,22/12/2025,O+,FFP,3,12,104
3225,2,Davao Doctors Hospital,01/01/2024,O+,Cryoprecipitate,1,1,1
3226,2,Davao Doctors Hospital,08/01/2024,O+,Cryoprecipitate,1,1,2
3227,2,Davao Doctors Hospital,15/01/2024,O+,Cryoprecipitate,1,1,3
3228,2,Davao Doctors Hospital,22/01/2024,O+,Cryoprecipitate,1,1,4
3229,2,Davao Doctors Hospital,29/01/2024,O+,Cryoprecipitate,1,1,5
3230,2,Davao Doctors Hospital,05/02/2024,O+,Cryoprecipitate,1,2,6
3231,2,Davao Doctors Hospital,12/02/2024,O+,Cryoprecipitate,1,2,7
3232,2,Davao Doctors Hospital,19/02/2024,O+,Cryoprecipitate,1,2,8
3233,2,Davao Doctors Hospital,26/02/2024,O+,Cryoprecipitate,0,2,9
3234,2,Davao Doctors Hospital,04/03/2024,O+,Cryoprecipitate,1,3,10
3235,2,Davao Doctors Hospital,11/03/2024,O+,Cryoprecipitate,1,3,11
3236,2,Davao Doctors Hospital,18/03/2024,O+,Cryoprecipitate,1,3,12
3237,2,Davao Doctors Hospital,25/03/2024,O+,Cryoprecipitate,1,3,13
3238,2,Davao Doctors Hospital,01/04/2024,O+,Cryoprecipitate,1,4,14
3239,2,Davao Doctors Hospital,08/04/2024,O+,Cryoprecipitate,0,4,15
3240,2,Davao Doctors Hospital,15/04/2024,O+,Cryoprecipitate,1,4,16
3241,2,Davao Doctors Hospital,22/04/2024,O+,Cryoprecipitate,1,4,17
3242,2,Davao Doctors Hospital,29/04/2024,O+,Cryoprecipitate,1,4,18
3243,2,Davao Doctors Hospital,06/05/2024,O+,Cryoprecipitate,1,5,19
3244,2,Davao Doctors Hospital,13/05/2024,O+,Cryoprecipitate,1,5,20
3245,2,Davao Doctors Hospital,20/05/2024,O+,Cryoprecipitate,1,5,21
3246,2,Davao Doctors Hospital,27/05/2024,O+,Cryoprecipitate,1,5,22
3247,2,Davao Doctors Hospital,03/06/2024,O+,Cryoprecipitate,1,6,23
3248,2,Davao Doctors Hospital,10/06/2024,O+,Cryoprecipitate,1,6,24
3249,2,Davao Doctors Hospital,17/06/2024,O+,Cryoprecipitate,1,6,25
3250,2,Davao Doctors Hospital,24/06/2024,O+,Cryoprecipitate,1,6,26
3251,2,Davao Doctors Hospital,01/07/2024,O+,Cryoprecipitate,1,7,27
3252,2,Davao Doctors Hospital,08/07/2024,O+,Cryoprecipitate,1,7,28
3253,2,Davao Doctors Hospital,15/07/2024,O+,Cryoprecipitate,1,7,29
3254,2,Davao Doctors Hospital,22/07/2024,O+,Cryoprecipitate,0,7,30
3255,2,Davao Doctors Hospital,29/07/2024,O+,Cryoprecipitate,1,7,31
3256,2,Davao Doctors Hospital,05/08/2024,O+,Cryoprecipitate,1,8,32
3257,2,Davao Doctors Hospital,12/08/2024,O+,Cryoprecipitate,1,8,33
3258,2,Davao Doctors Hospital,19/08/2024,O+,Cryoprecipitate,1,8,34
3259,2,Davao Doctors Hospital,26/08/2024,O+,Cryoprecipitate,1,8,35
3260,2,Davao Doctors Hospital,02/09/2024,O+,Cryoprecipitate,1,9,36
3261,2,Davao Doctors Hospital,09/09/2024,O+,Cryoprecipitate,1,9,37
3262,2,Davao Doctors Hospital,16/09/2024,O+,Cryoprecipitate,1,9,38
3263,2,Davao Doctors Hospital,23/09/2024,O+,Cryoprecipitate,1,9,39
3264,2,Davao Doctors Hospital,30/09/2024,O+,Cryoprecipitate,1,9,40
3265,2,Davao Doctors Hospital,07/10/2024,O+,Cryoprecipitate,1,10,41
3266,2,Davao Doctors Hospital,14/10/2024,O+,Cryoprecipitate,2,10,42
3267,2,Davao Doctors Hospital,21/10/2024,O+,Cryoprecipitate,1,10,43
3268,2,Davao Doctors Hospital,28/10/2024,O+,Cryoprecipitate,1,10,44
3269,2,Davao Doctors Hospital,04/11/2024,O+,Cryoprecipitate,1,11,45
3270,2,Davao Doctors Hospital,11/11/2024,O+,Cryoprecipitate,1,11,46
3271,2,Davao Doctors Hospital,18/11/2024,O+,Cryoprecipitate,1,11,47
3272,2,Davao Doctors Hospital,25/11/2024,O+,Cryoprecipitate,1,11,48
3273,2,Davao Doctors Hospital,02/12/2024,O+,Cryoprecipitate,1,12,49
3274,2,Davao Doctors Hospital,09/12/2024,O+,Cryoprecipitate,1,12,50
3275,2,Davao Doctors Hospital,16/12/2024,O+,Cryoprecipitate,2,12,51
3276,2,Davao Doctors Hospital,23/12/2024,O+,Cryoprecipitate,1,12,52
3277,2,Davao Doctors Hospital,30/12/2024,O+,Cryoprecipitate,1,12,53
3278,2,Davao Doctors Hospital,06/01/2025,O+,Cryoprecipitate,1,1,54
3279,2,Davao Doctors Hospital,13/01/2025,O+,Cryoprecipitate,1,1,55
3280,2,Davao Doctors Hospital,20/01/2025,O+,Cryoprecipitate,1,1,56
3281,2,Davao Doctors Hospital,27/01/2025,O+,Cryoprecipitate,1,1,57
3282,2,Davao Doctors Hospital,03/02/2025,O+,Cryoprecipitate,1,2,58
3283,2,Davao Doctors Hospital,10/02/2025,O+,Cryoprecipitate,1,2,59
3284,2,Davao Doctors Hospital,17/02/2025,O+,Cryoprecipitate,1,2,60
3285,2,Davao Doctors Hospital,24/02/2025,O+,Cryoprecipitate,1,2,61
3286,2,Davao Doctors Hospital,03/03/2025,O+,Cryoprecipitate,1,3,62
3287,2,Davao Doctors Hospital,10/03/2025,O+,Cryoprecipitate,1,3,63
3288,2,Davao Doctors Hospital,17/03/2025,O+,Cryoprecipitate,1,3,64
3289,2,Davao Doctors Hospital,24/03/2025,O+,Cryoprecipitate,1,3,65
3290,2,Davao Doctors Hospital,31/03/2025,O+,Cryoprecipitate,1,3,66
3291,2,Davao Doctors Hospital,07/04/2025,O+,Cryoprecipitate,1,4,67
3292,2,Davao Doctors Hospital,14/04/2025,O+,Cryoprecipitate,1,4,68
3293,2,Davao Doctors Hospital,21/04/2025,O+,Cryoprecipitate,1,4,69
3294,2,Davao Doctors Hospital,28/04/2025,O+,Cryoprecipitate,1,4,70
3295,2,Davao Doctors Hospital,05/05/2025,O+,Cryoprecipitate,1,5,71
3296,2,Davao Doctors Hospital,12/05/2025,O+,Cryoprecipitate,1,5,72
3297,2,Davao Doctors Hospital,19/05/2025,O+,Cryoprecipitate,1,5,73
3298,2,Davao Doctors Hospital,26/05/2025,O+,Cryoprecipitate,2,5,74
3299,2,Davao Doctors Hospital,02/06/2025,O+,Cryoprecipitate,1,6,75
3300,2,Davao Doctors Hospital,09/06/2025,O+,Cryoprecipitate,1,6,76
3301,2,Davao Doctors Hospital,16/06/2025,O+,Cryoprecipitate,1,6,77
3302,2,Davao Doctors Hospital,23/06/2025,O+,Cryoprecipitate,2,6,78
3303,2,Davao Doctors Hospital,30/06/2025,O+,Cryoprecipitate,1,6,79
3304,2,Davao Doctors Hospital,07/07/2025,O+,Cryoprecipitate,1,7,80
3305,2,Davao Doctors Hospital,14/07/2025,O+,Cryoprecipitate,1,7,81
3306,2,Davao Doctors Hospital,21/07/2025,O+,Cryoprecipitate,1,7,82
3307,2,Davao Doctors Hospital,28/07/2025,O+,Cryoprecipitate,1,7,83
3308,2,Davao Doctors Hospital,04/08/2025,O+,Cryoprecipitate,1,8,84
3309,2,Davao Doctors Hospital,11/08/2025,O+,Cryoprecipitate,1,8,85
3310,2,Davao Doctors Hospital,18/08/2025,O+,Cryoprecipitate,1,8,86
3311,2,Davao Doctors Hospital,25/08/2025,O+,Cryoprecipitate,0,8,87
3312,2,Davao Doctors Hospital,01/09/2025,O+,Cryoprecipitate,1,9,88
3313,2,Davao Doctors Hospital,08/09/2025,O+,Cryoprecipitate,1,9,89
3314,2,Davao Doctors Hospital,15/09/2025,O+,Cryoprecipitate,1,9,90
3315,2,Davao Doctors Hospital,22/09/2025,O+,Cryoprecipitate,1,9,91
3316,2,Davao Doctors Hospital,29/09/2025,O+,Cryoprecipitate,1,9,92
3317,2,Davao Doctors Hospital,06/10/2025,O+,Cryoprecipitate,1,10,93
3318,2,Davao Doctors Hospital,13/10/2025,O+,Cryoprecipitate,1,10,94
3319,2,Davao Doctors Hospital,20/10/2025,O+,Cryoprecipitate,1,10,95
3320,2,Davao Doctors Hospital,27/10/2025,O+,Cryoprecipitate,2,10,96
3321,2,Davao Doctors Hospital,03/11/2025,O+,Cryoprecipitate,1,11,97
3322,2,Davao Doctors Hospital,10/11/2025,O+,Cryoprecipitate,1,11,98
3323,2,Davao Doctors Hospital,17/11/2025,O+,Cryoprecipitate,1,11,99
3324,2,Davao Doctors Hospital,24/11/2025,O+,Cryoprecipitate,1,11,100
3325,2,Davao Doctors Hospital,01/12/2025,O+,Cryoprecipitate,1,12,101
3326,2,Davao Doctors Hospital,08/12/2025,O+,Cryoprecipitate,1,12,102
3327,2,Davao Doctors Hospital,15/12/2025,O+,Cryoprecipitate,1,12,103
3328,2,Davao Doctors Hospital,22/12/2025,O+,Cryoprecipitate,1,12,104
3329,2,Davao Doctors Hospital,01/01/2024,O+,Cryosupernate,0,1,1
3330,2,Davao Doctors Hospital,08/01/2024,O+,Cryosupernate,1,1,2
3331,2,Davao Doctors Hospital,15/01/2024,O+,Cryosupernate,1,1,3
3332,2,Davao Doctors Hospital,22/01/2024,O+,Cryosupernate,1,1,4
3333,2,Davao Doctors Hospital,29/01/2024,O+,Cryosupernate,0,1,5
3334,2,Davao Doctors Hospital,05/02/2024,O+,Cryosupernate,1,2,6
3335,2,Davao Doctors Hospital,12/02/2024,O+,Cryosupernate,0,2,7
3336,2,Davao Doctors Hospital,19/02/2024,O+,Cryosupernate,1,2,8
3337,2,Davao Doctors Hospital,26/02/2024,O+,Cryosupernate,1,2,9
3338,2,Davao Doctors Hospital,04/03/2024,O+,Cryosupernate,1,3,10
3339,2,Davao Doctors Hospital,11/03/2024,O+,Cryosupernate,1,3,11
3340,2,Davao Doctors Hospital,18/03/2024,O+,Cryosupernate,1,3,12
3341,2,Davao Doctors Hospital,25/03/2024,O+,Cryosupernate,1,3,13
3342,2,Davao Doctors Hospital,01/04/2024,O+,Cryosupernate,0,4,14
3343,2,Davao Doctors Hospital,08/04/2024,O+,Cryosupernate,1,4,15
3344,2,Davao Doctors Hospital,15/04/2024,O+,Cryosupernate,1,4,16
3345,2,Davao Doctors Hospital,22/04/2024,O+,Cryosupernate,0,4,17
3346,2,Davao Doctors Hospital,29/04/2024,O+,Cryosupernate,0,4,18
3347,2,Davao Doctors Hospital,06/05/2024,O+,Cryosupernate,1,5,19
3348,2,Davao Doctors Hospital,13/05/2024,O+,Cryosupernate,1,5,20
3349,2,Davao Doctors Hospital,20/05/2024,O+,Cryosupernate,1,5,21
3350,2,Davao Doctors Hospital,27/05/2024,O+,Cryosupernate,0,5,22
3351,2,Davao Doctors Hospital,03/06/2024,O+,Cryosupernate,1,6,23
3352,2,Davao Doctors Hospital,10/06/2024,O+,Cryosupernate,1,6,24
3353,2,Davao Doctors Hospital,17/06/2024,O+,Cryosupernate,0,6,25
3354,2,Davao Doctors Hospital,24/06/2024,O+,Cryosupernate,1,6,26
3355,2,Davao Doctors Hospital,01/07/2024,O+,Cryosupernate,0,7,27
3356,2,Davao Doctors Hospital,08/07/2024,O+,Cryosupernate,0,7,28
3357,2,Davao Doctors Hospital,15/07/2024,O+,Cryosupernate,1,7,29
3358,2,Davao Doctors Hospital,22/07/2024,O+,Cryosupernate,0,7,30
3359,2,Davao Doctors Hospital,29/07/2024,O+,Cryosupernate,0,7,31
3360,2,Davao Doctors Hospital,05/08/2024,O+,Cryosupernate,0,8,32
3361,2,Davao Doctors Hospital,12/08/2024,O+,Cryosupernate,1,8,33
3362,2,Davao Doctors Hospital,19/08/2024,O+,Cryosupernate,1,8,34
3363,2,Davao Doctors Hospital,26/08/2024,O+,Cryosupernate,0,8,35
3364,2,Davao Doctors Hospital,02/09/2024,O+,Cryosupernate,1,9,36
3365,2,Davao Doctors Hospital,09/09/2024,O+,Cryosupernate,1,9,37
3366,2,Davao Doctors Hospital,16/09/2024,O+,Cryosupernate,0,9,38
3367,2,Davao Doctors Hospital,23/09/2024,O+,Cryosupernate,1,9,39
3368,2,Davao Doctors Hospital,30/09/2024,O+,Cryosupernate,1,9,40
3369,2,Davao Doctors Hospital,07/10/2024,O+,Cryosupernate,0,10,41
3370,2,Davao Doctors Hospital,14/10/2024,O+,Cryosupernate,1,10,42
3371,2,Davao Doctors Hospital,21/10/2024,O+,Cryosupernate,1,10,43
3372,2,Davao Doctors Hospital,28/10/2024,O+,Cryosupernate,1,10,44
3373,2,Davao Doctors Hospital,04/11/2024,O+,Cryosupernate,1,11,45
3374,2,Davao Doctors Hospital,11/11/2024,O+,Cryosupernate,1,11,46
3375,2,Davao Doctors Hospital,18/11/2024,O+,Cryosupernate,1,11,47
3376,2,Davao Doctors Hospital,25/11/2024,O+,Cryosupernate,0,11,48
3377,2,Davao Doctors Hospital,02/12/2024,O+,Cryosupernate,1,12,49
3378,2,Davao Doctors Hospital,09/12/2024,O+,Cryosupernate,0,12,50
3379,2,Davao Doctors Hospital,16/12/2024,O+,Cryosupernate,1,12,51
3380,2,Davao Doctors Hospital,23/12/2024,O+,Cryosupernate,1,12,52
3381,2,Davao Doctors Hospital,30/12/2024,O+,Cryosupernate,1,12,53
3382,2,Davao Doctors Hospital,06/01/2025,O+,Cryosupernate,1,1,54
3383,2,Davao Doctors Hospital,13/01/2025,O+,Cryosupernate,1,1,55
3384,2,Davao Doctors Hospital,20/01/2025,O+,Cryosupernate,1,1,56
3385,2,Davao Doctors Hospital,27/01/2025,O+,Cryosupernate,1,1,57
3386,2,Davao Doctors Hospital,03/02/2025,O+,Cryosupernate,1,2,58
3387,2,Davao Doctors Hospital,10/02/2025,O+,Cryosupernate,1,2,59
3388,2,Davao Doctors Hospital,17/02/2025,O+,Cryosupernate,1,2,60
3389,2,Davao Doctors Hospital,24/02/2025,O+,Cryosupernate,1,2,61
3390,2,Davao Doctors Hospital,03/03/2025,O+,Cryosupernate,1,3,62
3391,2,Davao Doctors Hospital,10/03/2025,O+,Cryosupernate,1,3,63
3392,2,Davao Doctors Hospital,17/03/2025,O+,Cryosupernate,0,3,64
3393,2,Davao Doctors Hospital,24/03/2025,O+,Cryosupernate,0,3,65
3394,2,Davao Doctors Hospital,31/03/2025,O+,Cryosupernate,1,3,66
3395,2,Davao Doctors Hospital,07/04/2025,O+,Cryosupernate,1,4,67
3396,2,Davao Doctors Hospital,14/04/2025,O+,Cryosupernate,0,4,68
3397,2,Davao Doctors Hospital,21/04/2025,O+,Cryosupernate,1,4,69
3398,2,Davao Doctors Hospital,28/04/2025,O+,Cryosupernate,1,4,70
3399,2,Davao Doctors Hospital,05/05/2025,O+,Cryosupernate,0,5,71
3400,2,Davao Doctors Hospital,12/05/2025,O+,Cryosupernate,1,5,72
3401,2,Davao Doctors Hospital,19/05/2025,O+,Cryosupernate,1,5,73
3402,2,Davao Doctors Hospital,26/05/2025,O+,Cryosupernate,1,5,74
3403,2,Davao Doctors Hospital,02/06/2025,O+,Cryosupernate,1,6,75
3404,2,Davao Doctors Hospital,09/06/2025,O+,Cryosupernate,1,6,76
3405,2,Davao Doctors Hospital,16/06/2025,O+,Cryosupernate,0,6,77
3406,2,Davao Doctors Hospital,23/06/2025,O+,Cryosupernate,1,6,78
3407,2,Davao Doctors Hospital,30/06/2025,O+,Cryosupernate,1,6,79
3408,2,Davao Doctors Hospital,07/07/2025,O+,Cryosupernate,2,7,80
3409,2,Davao Doctors Hospital,14/07/2025,O+,Cryosupernate,1,7,81
3410,2,Davao Doctors Hospital,21/07/2025,O+,Cryosupernate,1,7,82
3411,2,Davao Doctors Hospital,28/07/2025,O+,Cryosupernate,1,7,83
3412,2,Davao Doctors Hospital,04/08/2025,O+,Cryosupernate,1,8,84
3413,2,Davao Doctors Hospital,11/08/2025,O+,Cryosupernate,0,8,85
3414,2,Davao Doctors Hospital,18/08/2025,O+,Cryosupernate,1,8,86
3415,2,Davao Doctors Hospital,25/08/2025,O+,Cryosupernate,0,8,87
3416,2,Davao Doctors Hospital,01/09/2025,O+,Cryosupernate,1,9,88
3417,2,Davao Doctors Hospital,08/09/2025,O+,Cryosupernate,0,9,89
3418,2,Davao Doctors Hospital,15/09/2025,O+,Cryosupernate,1,9,90
3419,2,Davao Doctors Hospital,22/09/2025,O+,Cryosupernate,1,9,91
3420,2,Davao Doctors Hospital,29/09/2025,O+,Cryosupernate,1,9,92
3421,2,Davao Doctors Hospital,06/10/2025,O+,Cryosupernate,0,10,93
3422,2,Davao Doctors Hospital,13/10/2025,O+,Cryosupernate,1,10,94
3423,2,Davao Doctors Hospital,20/10/2025,O+,Cryosupernate,1,10,95
3424,2,Davao Doctors Hospital,27/10/2025,O+,Cryosupernate,0,10,96
3425,2,Davao Doctors Hospital,03/11/2025,O+,Cryosupernate,1,11,97
3426,2,Davao Doctors Hospital,10/11/2025,O+,Cryosupernate,0,11,98
3427,2,Davao Doctors Hospital,17/11/2025,O+,Cryosupernate,1,11,99
3428,2,Davao Doctors Hospital,24/11/2025,O+,Cryosupernate,0,11,100
3429,2,Davao Doctors Hospital,01/12/2025,O+,Cryosupernate,1,12,101
3430,2,Davao Doctors Hospital,08/12/2025,O+,Cryosupernate,1,12,102
3431,2,Davao Doctors Hospital,15/12/2025,O+,Cryosupernate,1,12,103
3432,2,Davao Doctors Hospital,22/12/2025,O+,Cryosupernate,1,12,104
3433,2,Davao Doctors Hospital,01/01/2024,O-,PRBC,1,1,1
3434,2,Davao Doctors Hospital,08/01/2024,O-,PRBC,1,1,2
3435,2,Davao Doctors Hospital,15/01/2024,O-,PRBC,2,1,3
3436,2,Davao Doctors Hospital,22/01/2024,O-,PRBC,1,1,4
3437,2,Davao Doctors Hospital,29/01/2024,O-,PRBC,2,1,5
3438,2,Davao Doctors Hospital,05/02/2024,O-,PRBC,2,2,6
3439,2,Davao Doctors Hospital,12/02/2024,O-,PRBC,2,2,7
3440,2,Davao Doctors Hospital,19/02/2024,O-,PRBC,1,2,8
3441,2,Davao Doctors Hospital,26/02/2024,O-,PRBC,2,2,9
3442,2,Davao Doctors Hospital,04/03/2024,O-,PRBC,2,3,10
3443,2,Davao Doctors Hospital,11/03/2024,O-,PRBC,2,3,11
3444,2,Davao Doctors Hospital,18/03/2024,O-,PRBC,2,3,12
3445,2,Davao Doctors Hospital,25/03/2024,O-,PRBC,2,3,13
3446,2,Davao Doctors Hospital,01/04/2024,O-,PRBC,1,4,14
3447,2,Davao Doctors Hospital,08/04/2024,O-,PRBC,2,4,15
3448,2,Davao Doctors Hospital,15/04/2024,O-,PRBC,1,4,16
3449,2,Davao Doctors Hospital,22/04/2024,O-,PRBC,1,4,17
3450,2,Davao Doctors Hospital,29/04/2024,O-,PRBC,1,4,18
3451,2,Davao Doctors Hospital,06/05/2024,O-,PRBC,1,5,19
3452,2,Davao Doctors Hospital,13/05/2024,O-,PRBC,1,5,20
3453,2,Davao Doctors Hospital,20/05/2024,O-,PRBC,2,5,21
3454,2,Davao Doctors Hospital,27/05/2024,O-,PRBC,2,5,22
3455,2,Davao Doctors Hospital,03/06/2024,O-,PRBC,2,6,23
3456,2,Davao Doctors Hospital,10/06/2024,O-,PRBC,1,6,24
3457,2,Davao Doctors Hospital,17/06/2024,O-,PRBC,2,6,25
3458,2,Davao Doctors Hospital,24/06/2024,O-,PRBC,2,6,26
3459,2,Davao Doctors Hospital,01/07/2024,O-,PRBC,1,7,27
3460,2,Davao Doctors Hospital,08/07/2024,O-,PRBC,2,7,28
3461,2,Davao Doctors Hospital,15/07/2024,O-,PRBC,2,7,29
3462,2,Davao Doctors Hospital,22/07/2024,O-,PRBC,2,7,30
3463,2,Davao Doctors Hospital,29/07/2024,O-,PRBC,2,7,31
3464,2,Davao Doctors Hospital,05/08/2024,O-,PRBC,2,8,32
3465,2,Davao Doctors Hospital,12/08/2024,O-,PRBC,2,8,33
3466,2,Davao Doctors Hospital,19/08/2024,O-,PRBC,2,8,34
3467,2,Davao Doctors Hospital,26/08/2024,O-,PRBC,2,8,35
3468,2,Davao Doctors Hospital,02/09/2024,O-,PRBC,1,9,36
3469,2,Davao Doctors Hospital,09/09/2024,O-,PRBC,2,9,37
3470,2,Davao Doctors Hospital,16/09/2024,O-,PRBC,2,9,38
3471,2,Davao Doctors Hospital,23/09/2024,O-,PRBC,2,9,39
3472,2,Davao Doctors Hospital,30/09/2024,O-,PRBC,2,9,40
3473,2,Davao Doctors Hospital,07/10/2024,O-,PRBC,1,10,41
3474,2,Davao Doctors Hospital,14/10/2024,O-,PRBC,2,10,42
3475,2,Davao Doctors Hospital,21/10/2024,O-,PRBC,2,10,43
3476,2,Davao Doctors Hospital,28/10/2024,O-,PRBC,2,10,44
3477,2,Davao Doctors Hospital,04/11/2024,O-,PRBC,1,11,45
3478,2,Davao Doctors Hospital,11/11/2024,O-,PRBC,2,11,46
3479,2,Davao Doctors Hospital,18/11/2024,O-,PRBC,2,11,47
3480,2,Davao Doctors Hospital,25/11/2024,O-,PRBC,1,11,48
3481,2,Davao Doctors Hospital,02/12/2024,O-,PRBC,2,12,49
3482,2,Davao Doctors Hospital,09/12/2024,O-,PRBC,2,12,50
3483,2,Davao Doctors Hospital,16/12/2024,O-,PRBC,2,12,51
3484,2,Davao Doctors Hospital,23/12/2024,O-,PRBC,2,12,52
3485,2,Davao Doctors Hospital,30/12/2024,O-,PRBC,2,12,53
3486,2,Davao Doctors Hospital,06/01/2025,O-,PRBC,2,1,54
3487,2,Davao Doctors Hospital,13/01/2025,O-,PRBC,2,1,55
3488,2,Davao Doctors Hospital,20/01/2025,O-,PRBC,2,1,56
3489,2,Davao Doctors Hospital,27/01/2025,O-,PRBC,2,1,57
3490,2,Davao Doctors Hospital,03/02/2025,O-,PRBC,2,2,58
3491,2,Davao Doctors Hospital,10/02/2025,O-,PRBC,2,2,59
3492,2,Davao Doctors Hospital,17/02/2025,O-,PRBC,1,2,60
3493,2,Davao Doctors Hospital,24/02/2025,O-,PRBC,2,2,61
3494,2,Davao Doctors Hospital,03/03/2025,O-,PRBC,1,3,62
3495,2,Davao Doctors Hospital,10/03/2025,O-,PRBC,1,3,63
3496,2,Davao Doctors Hospital,17/03/2025,O-,PRBC,1,3,64
3497,2,Davao Doctors Hospital,24/03/2025,O-,PRBC,1,3,65
3498,2,Davao Doctors Hospital,31/03/2025,O-,PRBC,2,3,66
3499,2,Davao Doctors Hospital,07/04/2025,O-,PRBC,2,4,67
3500,2,Davao Doctors Hospital,14/04/2025,O-,PRBC,1,4,68
3501,2,Davao Doctors Hospital,21/04/2025,O-,PRBC,2,4,69
3502,2,Davao Doctors Hospital,28/04/2025,O-,PRBC,2,4,70
3503,2,Davao Doctors Hospital,05/05/2025,O-,PRBC,1,5,71
3504,2,Davao Doctors Hospital,12/05/2025,O-,PRBC,2,5,72
3505,2,Davao Doctors Hospital,19/05/2025,O-,PRBC,2,5,73
3506,2,Davao Doctors Hospital,26/05/2025,O-,PRBC,1,5,74
3507,2,Davao Doctors Hospital,02/06/2025,O-,PRBC,2,6,75
3508,2,Davao Doctors Hospital,09/06/2025,O-,PRBC,1,6,76
3509,2,Davao Doctors Hospital,16/06/2025,O-,PRBC,2,6,77
3510,2,Davao Doctors Hospital,23/06/2025,O-,PRBC,1,6,78
3511,2,Davao Doctors Hospital,30/06/2025,O-,PRBC,1,6,79
3512,2,Davao Doctors Hospital,07/07/2025,O-,PRBC,2,7,80
3513,2,Davao Doctors Hospital,14/07/2025,O-,PRBC,1,7,81
3514,2,Davao Doctors Hospital,21/07/2025,O-,PRBC,2,7,82
3515,2,Davao Doctors Hospital,28/07/2025,O-,PRBC,1,7,83
3516,2,Davao Doctors Hospital,04/08/2025,O-,PRBC,2,8,84
3517,2,Davao Doctors Hospital,11/08/2025,O-,PRBC,2,8,85
3518,2,Davao Doctors Hospital,18/08/2025,O-,PRBC,2,8,86
3519,2,Davao Doctors Hospital,25/08/2025,O-,PRBC,2,8,87
3520,2,Davao Doctors Hospital,01/09/2025,O-,PRBC,2,9,88
3521,2,Davao Doctors Hospital,08/09/2025,O-,PRBC,2,9,89
3522,2,Davao Doctors Hospital,15/09/2025,O-,PRBC,2,9,90
3523,2,Davao Doctors Hospital,22/09/2025,O-,PRBC,1,9,91
3524,2,Davao Doctors Hospital,29/09/2025,O-,PRBC,2,9,92
3525,2,Davao Doctors Hospital,06/10/2025,O-,PRBC,1,10,93
3526,2,Davao Doctors Hospital,13/10/2025,O-,PRBC,2,10,94
3527,2,Davao Doctors Hospital,20/10/2025,O-,PRBC,1,10,95
3528,2,Davao Doctors Hospital,27/10/2025,O-,PRBC,2,10,96
3529,2,Davao Doctors Hospital,03/11/2025,O-,PRBC,2,11,97
3530,2,Davao Doctors Hospital,10/11/2025,O-,PRBC,1,11,98
3531,2,Davao Doctors Hospital,17/11/2025,O-,PRBC,2,11,99
3532,2,Davao Doctors Hospital,24/11/2025,O-,PRBC,1,11,100
3533,2,Davao Doctors Hospital,01/12/2025,O-,PRBC,2,12,101
3534,2,Davao Doctors Hospital,08/12/2025,O-,PRBC,2,12,102
3535,2,Davao Doctors Hospital,15/12/2025,O-,PRBC,2,12,103
3536,2,Davao Doctors Hospital,22/12/2025,O-,PRBC,2,12,104
3537,2,Davao Doctors Hospital,01/01/2024,O-,Platelet Concentrate,1,1,1
3538,2,Davao Doctors Hospital,08/01/2024,O-,Platelet Concentrate,1,1,2
3539,2,Davao Doctors Hospital,15/01/2024,O-,Platelet Concentrate,0,1,3
3540,2,Davao Doctors Hospital,22/01/2024,O-,Platelet Concentrate,1,1,4
3541,2,Davao Doctors Hospital,29/01/2024,O-,Platelet Concentrate,1,1,5
3542,2,Davao Doctors Hospital,05/02/2024,O-,Platelet Concentrate,1,2,6
3543,2,Davao Doctors Hospital,12/02/2024,O-,Platelet Concentrate,0,2,7
3544,2,Davao Doctors Hospital,19/02/2024,O-,Platelet Concentrate,0,2,8
3545,2,Davao Doctors Hospital,26/02/2024,O-,Platelet Concentrate,0,2,9
3546,2,Davao Doctors Hospital,04/03/2024,O-,Platelet Concentrate,0,3,10
3547,2,Davao Doctors Hospital,11/03/2024,O-,Platelet Concentrate,0,3,11
3548,2,Davao Doctors Hospital,18/03/2024,O-,Platelet Concentrate,1,3,12
3549,2,Davao Doctors Hospital,25/03/2024,O-,Platelet Concentrate,1,3,13
3550,2,Davao Doctors Hospital,01/04/2024,O-,Platelet Concentrate,1,4,14
3551,2,Davao Doctors Hospital,08/04/2024,O-,Platelet Concentrate,1,4,15
3552,2,Davao Doctors Hospital,15/04/2024,O-,Platelet Concentrate,1,4,16
3553,2,Davao Doctors Hospital,22/04/2024,O-,Platelet Concentrate,1,4,17
3554,2,Davao Doctors Hospital,29/04/2024,O-,Platelet Concentrate,1,4,18
3555,2,Davao Doctors Hospital,06/05/2024,O-,Platelet Concentrate,0,5,19
3556,2,Davao Doctors Hospital,13/05/2024,O-,Platelet Concentrate,1,5,20
3557,2,Davao Doctors Hospital,20/05/2024,O-,Platelet Concentrate,1,5,21
3558,2,Davao Doctors Hospital,27/05/2024,O-,Platelet Concentrate,0,5,22
3559,2,Davao Doctors Hospital,03/06/2024,O-,Platelet Concentrate,0,6,23
3560,2,Davao Doctors Hospital,10/06/2024,O-,Platelet Concentrate,0,6,24
3561,2,Davao Doctors Hospital,17/06/2024,O-,Platelet Concentrate,1,6,25
3562,2,Davao Doctors Hospital,24/06/2024,O-,Platelet Concentrate,0,6,26
3563,2,Davao Doctors Hospital,01/07/2024,O-,Platelet Concentrate,0,7,27
3564,2,Davao Doctors Hospital,08/07/2024,O-,Platelet Concentrate,0,7,28
3565,2,Davao Doctors Hospital,15/07/2024,O-,Platelet Concentrate,0,7,29
3566,2,Davao Doctors Hospital,22/07/2024,O-,Platelet Concentrate,0,7,30
3567,2,Davao Doctors Hospital,29/07/2024,O-,Platelet Concentrate,0,7,31
3568,2,Davao Doctors Hospital,05/08/2024,O-,Platelet Concentrate,0,8,32
3569,2,Davao Doctors Hospital,12/08/2024,O-,Platelet Concentrate,1,8,33
3570,2,Davao Doctors Hospital,19/08/2024,O-,Platelet Concentrate,0,8,34
3571,2,Davao Doctors Hospital,26/08/2024,O-,Platelet Concentrate,0,8,35
3572,2,Davao Doctors Hospital,02/09/2024,O-,Platelet Concentrate,0,9,36
3573,2,Davao Doctors Hospital,09/09/2024,O-,Platelet Concentrate,1,9,37
3574,2,Davao Doctors Hospital,16/09/2024,O-,Platelet Concentrate,0,9,38
3575,2,Davao Doctors Hospital,23/09/2024,O-,Platelet Concentrate,0,9,39
3576,2,Davao Doctors Hospital,30/09/2024,O-,Platelet Concentrate,0,9,40
3577,2,Davao Doctors Hospital,07/10/2024,O-,Platelet Concentrate,0,10,41
3578,2,Davao Doctors Hospital,14/10/2024,O-,Platelet Concentrate,1,10,42
3579,2,Davao Doctors Hospital,21/10/2024,O-,Platelet Concentrate,0,10,43
3580,2,Davao Doctors Hospital,28/10/2024,O-,Platelet Concentrate,1,10,44
3581,2,Davao Doctors Hospital,04/11/2024,O-,Platelet Concentrate,1,11,45
3582,2,Davao Doctors Hospital,11/11/2024,O-,Platelet Concentrate,0,11,46
3583,2,Davao Doctors Hospital,18/11/2024,O-,Platelet Concentrate,1,11,47
3584,2,Davao Doctors Hospital,25/11/2024,O-,Platelet Concentrate,0,11,48
3585,2,Davao Doctors Hospital,02/12/2024,O-,Platelet Concentrate,1,12,49
3586,2,Davao Doctors Hospital,09/12/2024,O-,Platelet Concentrate,1,12,50
3587,2,Davao Doctors Hospital,16/12/2024,O-,Platelet Concentrate,0,12,51
3588,2,Davao Doctors Hospital,23/12/2024,O-,Platelet Concentrate,1,12,52
3589,2,Davao Doctors Hospital,30/12/2024,O-,Platelet Concentrate,1,12,53
3590,2,Davao Doctors Hospital,06/01/2025,O-,Platelet Concentrate,1,1,54
3591,2,Davao Doctors Hospital,13/01/2025,O-,Platelet Concentrate,0,1,55
3592,2,Davao Doctors Hospital,20/01/2025,O-,Platelet Concentrate,1,1,56
3593,2,Davao Doctors Hospital,27/01/2025,O-,Platelet Concentrate,0,1,57
3594,2,Davao Doctors Hospital,03/02/2025,O-,Platelet Concentrate,0,2,58
3595,2,Davao Doctors Hospital,10/02/2025,O-,Platelet Concentrate,1,2,59
3596,2,Davao Doctors Hospital,17/02/2025,O-,Platelet Concentrate,1,2,60
3597,2,Davao Doctors Hospital,24/02/2025,O-,Platelet Concentrate,0,2,61
3598,2,Davao Doctors Hospital,03/03/2025,O-,Platelet Concentrate,0,3,62
3599,2,Davao Doctors Hospital,10/03/2025,O-,Platelet Concentrate,1,3,63
3600,2,Davao Doctors Hospital,17/03/2025,O-,Platelet Concentrate,0,3,64
3601,2,Davao Doctors Hospital,24/03/2025,O-,Platelet Concentrate,0,3,65
3602,2,Davao Doctors Hospital,31/03/2025,O-,Platelet Concentrate,0,3,66
3603,2,Davao Doctors Hospital,07/04/2025,O-,Platelet Concentrate,0,4,67
3604,2,Davao Doctors Hospital,14/04/2025,O-,Platelet Concentrate,0,4,68
3605,2,Davao Doctors Hospital,21/04/2025,O-,Platelet Concentrate,0,4,69
3606,2,Davao Doctors Hospital,28/04/2025,O-,Platelet Concentrate,0,4,70
3607,2,Davao Doctors Hospital,05/05/2025,O-,Platelet Concentrate,1,5,71
3608,2,Davao Doctors Hospital,12/05/2025,O-,Platelet Concentrate,1,5,72
3609,2,Davao Doctors Hospital,19/05/2025,O-,Platelet Concentrate,0,5,73
3610,2,Davao Doctors Hospital,26/05/2025,O-,Platelet Concentrate,1,5,74
3611,2,Davao Doctors Hospital,02/06/2025,O-,Platelet Concentrate,1,6,75
3612,2,Davao Doctors Hospital,09/06/2025,O-,Platelet Concentrate,0,6,76
3613,2,Davao Doctors Hospital,16/06/2025,O-,Platelet Concentrate,0,6,77
3614,2,Davao Doctors Hospital,23/06/2025,O-,Platelet Concentrate,1,6,78
3615,2,Davao Doctors Hospital,30/06/2025,O-,Platelet Concentrate,1,6,79
3616,2,Davao Doctors Hospital,07/07/2025,O-,Platelet Concentrate,1,7,80
3617,2,Davao Doctors Hospital,14/07/2025,O-,Platelet Concentrate,0,7,81
3618,2,Davao Doctors Hospital,21/07/2025,O-,Platelet Concentrate,0,7,82
3619,2,Davao Doctors Hospital,28/07/2025,O-,Platelet Concentrate,0,7,83
3620,2,Davao Doctors Hospital,04/08/2025,O-,Platelet Concentrate,0,8,84
3621,2,Davao Doctors Hospital,11/08/2025,O-,Platelet Concentrate,1,8,85
3622,2,Davao Doctors Hospital,18/08/2025,O-,Platelet Concentrate,0,8,86
3623,2,Davao Doctors Hospital,25/08/2025,O-,Platelet Concentrate,1,8,87
3624,2,Davao Doctors Hospital,01/09/2025,O-,Platelet Concentrate,1,9,88
3625,2,Davao Doctors Hospital,08/09/2025,O-,Platelet Concentrate,1,9,89
3626,2,Davao Doctors Hospital,15/09/2025,O-,Platelet Concentrate,0,9,90
3627,2,Davao Doctors Hospital,22/09/2025,O-,Platelet Concentrate,1,9,91
3628,2,Davao Doctors Hospital,29/09/2025,O-,Platelet Concentrate,0,9,92
3629,2,Davao Doctors Hospital,06/10/2025,O-,Platelet Concentrate,1,10,93
3630,2,Davao Doctors Hospital,13/10/2025,O-,Platelet Concentrate,0,10,94
3631,2,Davao Doctors Hospital,20/10/2025,O-,Platelet Concentrate,1,10,95
3632,2,Davao Doctors Hospital,27/10/2025,O-,Platelet Concentrate,0,10,96
3633,2,Davao Doctors Hospital,03/11/2025,O-,Platelet Concentrate,0,11,97
3634,2,Davao Doctors Hospital,10/11/2025,O-,Platelet Concentrate,1,11,98
3635,2,Davao Doctors Hospital,17/11/2025,O-,Platelet Concentrate,1,11,99
3636,2,Davao Doctors Hospital,24/11/2025,O-,Platelet Concentrate,0,11,100
3637,2,Davao Doctors Hospital,01/12/2025,O-,Platelet Concentrate,0,12,101
3638,2,Davao Doctors Hospital,08/12/2025,O-,Platelet Concentrate,0,12,102
3639,2,Davao Doctors Hospital,15/12/2025,O-,Platelet Concentrate,0,12,103
3640,2,Davao Doctors Hospital,22/12/2025,O-,Platelet Concentrate,1,12,104
3641,2,Davao Doctors Hospital,01/01/2024,O-,FFP,1,1,1
3642,2,Davao Doctors Hospital,08/01/2024,O-,FFP,1,1,2
3643,2,Davao Doctors Hospital,15/01/2024,O-,FFP,1,1,3
3644,2,Davao Doctors Hospital,22/01/2024,O-,FFP,1,1,4
3645,2,Davao Doctors Hospital,29/01/2024,O-,FFP,0,1,5
3646,2,Davao Doctors Hospital,05/02/2024,O-,FFP,0,2,6
3647,2,Davao Doctors Hospital,12/02/2024,O-,FFP,0,2,7
3648,2,Davao Doctors Hospital,19/02/2024,O-,FFP,1,2,8
3649,2,Davao Doctors Hospital,26/02/2024,O-,FFP,0,2,9
3650,2,Davao Doctors Hospital,04/03/2024,O-,FFP,0,3,10
3651,2,Davao Doctors Hospital,11/03/2024,O-,FFP,1,3,11
3652,2,Davao Doctors Hospital,18/03/2024,O-,FFP,0,3,12
3653,2,Davao Doctors Hospital,25/03/2024,O-,FFP,0,3,13
3654,2,Davao Doctors Hospital,01/04/2024,O-,FFP,1,4,14
3655,2,Davao Doctors Hospital,08/04/2024,O-,FFP,1,4,15
3656,2,Davao Doctors Hospital,15/04/2024,O-,FFP,0,4,16
3657,2,Davao Doctors Hospital,22/04/2024,O-,FFP,1,4,17
3658,2,Davao Doctors Hospital,29/04/2024,O-,FFP,1,4,18
3659,2,Davao Doctors Hospital,06/05/2024,O-,FFP,1,5,19
3660,2,Davao Doctors Hospital,13/05/2024,O-,FFP,1,5,20
3661,2,Davao Doctors Hospital,20/05/2024,O-,FFP,1,5,21
3662,2,Davao Doctors Hospital,27/05/2024,O-,FFP,0,5,22
3663,2,Davao Doctors Hospital,03/06/2024,O-,FFP,0,6,23
3664,2,Davao Doctors Hospital,10/06/2024,O-,FFP,0,6,24
3665,2,Davao Doctors Hospital,17/06/2024,O-,FFP,0,6,25
3666,2,Davao Doctors Hospital,24/06/2024,O-,FFP,1,6,26
3667,2,Davao Doctors Hospital,01/07/2024,O-,FFP,1,7,27
3668,2,Davao Doctors Hospital,08/07/2024,O-,FFP,0,7,28
3669,2,Davao Doctors Hospital,15/07/2024,O-,FFP,1,7,29
3670,2,Davao Doctors Hospital,22/07/2024,O-,FFP,0,7,30
3671,2,Davao Doctors Hospital,29/07/2024,O-,FFP,1,7,31
3672,2,Davao Doctors Hospital,05/08/2024,O-,FFP,1,8,32
3673,2,Davao Doctors Hospital,12/08/2024,O-,FFP,0,8,33
3674,2,Davao Doctors Hospital,19/08/2024,O-,FFP,1,8,34
3675,2,Davao Doctors Hospital,26/08/2024,O-,FFP,0,8,35
3676,2,Davao Doctors Hospital,02/09/2024,O-,FFP,0,9,36
3677,2,Davao Doctors Hospital,09/09/2024,O-,FFP,1,9,37
3678,2,Davao Doctors Hospital,16/09/2024,O-,FFP,1,9,38
3679,2,Davao Doctors Hospital,23/09/2024,O-,FFP,1,9,39
3680,2,Davao Doctors Hospital,30/09/2024,O-,FFP,1,9,40
3681,2,Davao Doctors Hospital,07/10/2024,O-,FFP,0,10,41
3682,2,Davao Doctors Hospital,14/10/2024,O-,FFP,0,10,42
3683,2,Davao Doctors Hospital,21/10/2024,O-,FFP,0,10,43
3684,2,Davao Doctors Hospital,28/10/2024,O-,FFP,1,10,44
3685,2,Davao Doctors Hospital,04/11/2024,O-,FFP,1,11,45
3686,2,Davao Doctors Hospital,11/11/2024,O-,FFP,1,11,46
3687,2,Davao Doctors Hospital,18/11/2024,O-,FFP,1,11,47
3688,2,Davao Doctors Hospital,25/11/2024,O-,FFP,0,11,48
3689,2,Davao Doctors Hospital,02/12/2024,O-,FFP,0,12,49
3690,2,Davao Doctors Hospital,09/12/2024,O-,FFP,1,12,50
3691,2,Davao Doctors Hospital,16/12/2024,O-,FFP,1,12,51
3692,2,Davao Doctors Hospital,23/12/2024,O-,FFP,0,12,52
3693,2,Davao Doctors Hospital,30/12/2024,O-,FFP,1,12,53
3694,2,Davao Doctors Hospital,06/01/2025,O-,FFP,0,1,54
3695,2,Davao Doctors Hospital,13/01/2025,O-,FFP,0,1,55
3696,2,Davao Doctors Hospital,20/01/2025,O-,FFP,1,1,56
3697,2,Davao Doctors Hospital,27/01/2025,O-,FFP,0,1,57
3698,2,Davao Doctors Hospital,03/02/2025,O-,FFP,1,2,58
3699,2,Davao Doctors Hospital,10/02/2025,O-,FFP,0,2,59
3700,2,Davao Doctors Hospital,17/02/2025,O-,FFP,1,2,60
3701,2,Davao Doctors Hospital,24/02/2025,O-,FFP,1,2,61
3702,2,Davao Doctors Hospital,03/03/2025,O-,FFP,1,3,62
3703,2,Davao Doctors Hospital,10/03/2025,O-,FFP,0,3,63
3704,2,Davao Doctors Hospital,17/03/2025,O-,FFP,0,3,64
3705,2,Davao Doctors Hospital,24/03/2025,O-,FFP,0,3,65
3706,2,Davao Doctors Hospital,31/03/2025,O-,FFP,0,3,66
3707,2,Davao Doctors Hospital,07/04/2025,O-,FFP,1,4,67
3708,2,Davao Doctors Hospital,14/04/2025,O-,FFP,1,4,68
3709,2,Davao Doctors Hospital,21/04/2025,O-,FFP,1,4,69
3710,2,Davao Doctors Hospital,28/04/2025,O-,FFP,1,4,70
3711,2,Davao Doctors Hospital,05/05/2025,O-,FFP,1,5,71
3712,2,Davao Doctors Hospital,12/05/2025,O-,FFP,0,5,72
3713,2,Davao Doctors Hospital,19/05/2025,O-,FFP,1,5,73
3714,2,Davao Doctors Hospital,26/05/2025,O-,FFP,0,5,74
3715,2,Davao Doctors Hospital,02/06/2025,O-,FFP,0,6,75
3716,2,Davao Doctors Hospital,09/06/2025,O-,FFP,1,6,76
3717,2,Davao Doctors Hospital,16/06/2025,O-,FFP,1,6,77
3718,2,Davao Doctors Hospital,23/06/2025,O-,FFP,1,6,78
3719,2,Davao Doctors Hospital,30/06/2025,O-,FFP,0,6,79
3720,2,Davao Doctors Hospital,07/07/2025,O-,FFP,1,7,80
3721,2,Davao Doctors Hospital,14/07/2025,O-,FFP,1,7,81
3722,2,Davao Doctors Hospital,21/07/2025,O-,FFP,1,7,82
3723,2,Davao Doctors Hospital,28/07/2025,O-,FFP,1,7,83
3724,2,Davao Doctors Hospital,04/08/2025,O-,FFP,1,8,84
3725,2,Davao Doctors Hospital,11/08/2025,O-,FFP,1,8,85
3726,2,Davao Doctors Hospital,18/08/2025,O-,FFP,1,8,86
3727,2,Davao Doctors Hospital,25/08/2025,O-,FFP,1,8,87
3728,2,Davao Doctors Hospital,01/09/2025,O-,FFP,1,9,88
3729,2,Davao Doctors Hospital,08/09/2025,O-,FFP,1,9,89
3730,2,Davao Doctors Hospital,15/09/2025,O-,FFP,0,9,90
3731,2,Davao Doctors Hospital,22/09/2025,O-,FFP,0,9,91
3732,2,Davao Doctors Hospital,29/09/2025,O-,FFP,1,9,92
3733,2,Davao Doctors Hospital,06/10/2025,O-,FFP,1,10,93
3734,2,Davao Doctors Hospital,13/10/2025,O-,FFP,0,10,94
3735,2,Davao Doctors Hospital,20/10/2025,O-,FFP,1,10,95
3736,2,Davao Doctors Hospital,27/10/2025,O-,FFP,0,10,96
3737,2,Davao Doctors Hospital,03/11/2025,O-,FFP,0,11,97
3738,2,Davao Doctors Hospital,10/11/2025,O-,FFP,1,11,98
3739,2,Davao Doctors Hospital,17/11/2025,O-,FFP,0,11,99
3740,2,Davao Doctors Hospital,24/11/2025,O-,FFP,0,11,100
3741,2,Davao Doctors Hospital,01/12/2025,O-,FFP,1,12,101
3742,2,Davao Doctors Hospital,08/12/2025,O-,FFP,1,12,102
3743,2,Davao Doctors Hospital,15/12/2025,O-,FFP,1,12,103
3744,2,Davao Doctors Hospital,22/12/2025,O-,FFP,0,12,104
3745,2,Davao Doctors Hospital,01/01/2024,A+,PRBC,5,1,1
3746,2,Davao Doctors Hospital,08/01/2024,A+,PRBC,6,1,2
3747,2,Davao Doctors Hospital,15/01/2024,A+,PRBC,6,1,3
3748,2,Davao Doctors Hospital,22/01/2024,A+,PRBC,5,1,4
3749,2,Davao Doctors Hospital,29/01/2024,A+,PRBC,7,1,5
3750,2,Davao Doctors Hospital,05/02/2024,A+,PRBC,7,2,6
3751,2,Davao Doctors Hospital,12/02/2024,A+,PRBC,5,2,7
3752,2,Davao Doctors Hospital,19/02/2024,A+,PRBC,5,2,8
3753,2,Davao Doctors Hospital,26/02/2024,A+,PRBC,6,2,9
3754,2,Davao Doctors Hospital,04/03/2024,A+,PRBC,5,3,10
3755,2,Davao Doctors Hospital,11/03/2024,A+,PRBC,4,3,11
3756,2,Davao Doctors Hospital,18/03/2024,A+,PRBC,6,3,12
3757,2,Davao Doctors Hospital,25/03/2024,A+,PRBC,6,3,13
3758,2,Davao Doctors Hospital,01/04/2024,A+,PRBC,6,4,14
3759,2,Davao Doctors Hospital,08/04/2024,A+,PRBC,5,4,15
3760,2,Davao Doctors Hospital,15/04/2024,A+,PRBC,7,4,16
3761,2,Davao Doctors Hospital,22/04/2024,A+,PRBC,9,4,17
3762,2,Davao Doctors Hospital,29/04/2024,A+,PRBC,6,4,18
3763,2,Davao Doctors Hospital,06/05/2024,A+,PRBC,8,5,19
3764,2,Davao Doctors Hospital,13/05/2024,A+,PRBC,7,5,20
3765,2,Davao Doctors Hospital,20/05/2024,A+,PRBC,6,5,21
3766,2,Davao Doctors Hospital,27/05/2024,A+,PRBC,6,5,22
3767,2,Davao Doctors Hospital,03/06/2024,A+,PRBC,6,6,23
3768,2,Davao Doctors Hospital,10/06/2024,A+,PRBC,7,6,24
3769,2,Davao Doctors Hospital,17/06/2024,A+,PRBC,5,6,25
3770,2,Davao Doctors Hospital,24/06/2024,A+,PRBC,6,6,26
3771,2,Davao Doctors Hospital,01/07/2024,A+,PRBC,8,7,27
3772,2,Davao Doctors Hospital,08/07/2024,A+,PRBC,7,7,28
3773,2,Davao Doctors Hospital,15/07/2024,A+,PRBC,5,7,29
3774,2,Davao Doctors Hospital,22/07/2024,A+,PRBC,6,7,30
3775,2,Davao Doctors Hospital,29/07/2024,A+,PRBC,7,7,31
3776,2,Davao Doctors Hospital,05/08/2024,A+,PRBC,7,8,32
3777,2,Davao Doctors Hospital,12/08/2024,A+,PRBC,7,8,33
3778,2,Davao Doctors Hospital,19/08/2024,A+,PRBC,7,8,34
3779,2,Davao Doctors Hospital,26/08/2024,A+,PRBC,7,8,35
3780,2,Davao Doctors Hospital,02/09/2024,A+,PRBC,7,9,36
3781,2,Davao Doctors Hospital,09/09/2024,A+,PRBC,8,9,37
3782,2,Davao Doctors Hospital,16/09/2024,A+,PRBC,6,9,38
3783,2,Davao Doctors Hospital,23/09/2024,A+,PRBC,6,9,39
3784,2,Davao Doctors Hospital,30/09/2024,A+,PRBC,5,9,40
3785,2,Davao Doctors Hospital,07/10/2024,A+,PRBC,5,10,41
3786,2,Davao Doctors Hospital,14/10/2024,A+,PRBC,7,10,42
3787,2,Davao Doctors Hospital,21/10/2024,A+,PRBC,6,10,43
3788,2,Davao Doctors Hospital,28/10/2024,A+,PRBC,6,10,44
3789,2,Davao Doctors Hospital,04/11/2024,A+,PRBC,8,11,45
3790,2,Davao Doctors Hospital,11/11/2024,A+,PRBC,8,11,46
3791,2,Davao Doctors Hospital,18/11/2024,A+,PRBC,9,11,47
3792,2,Davao Doctors Hospital,25/11/2024,A+,PRBC,8,11,48
3793,2,Davao Doctors Hospital,02/12/2024,A+,PRBC,9,12,49
3794,2,Davao Doctors Hospital,09/12/2024,A+,PRBC,8,12,50
3795,2,Davao Doctors Hospital,16/12/2024,A+,PRBC,6,12,51
3796,2,Davao Doctors Hospital,23/12/2024,A+,PRBC,6,12,52
3797,2,Davao Doctors Hospital,30/12/2024,A+,PRBC,9,12,53
3798,2,Davao Doctors Hospital,06/01/2025,A+,PRBC,7,1,54
3799,2,Davao Doctors Hospital,13/01/2025,A+,PRBC,7,1,55
3800,2,Davao Doctors Hospital,20/01/2025,A+,PRBC,6,1,56
3801,2,Davao Doctors Hospital,27/01/2025,A+,PRBC,6,1,57
3802,2,Davao Doctors Hospital,03/02/2025,A+,PRBC,7,2,58
3803,2,Davao Doctors Hospital,10/02/2025,A+,PRBC,6,2,59
3804,2,Davao Doctors Hospital,17/02/2025,A+,PRBC,7,2,60
3805,2,Davao Doctors Hospital,24/02/2025,A+,PRBC,8,2,61
3806,2,Davao Doctors Hospital,03/03/2025,A+,PRBC,5,3,62
3807,2,Davao Doctors Hospital,10/03/2025,A+,PRBC,5,3,63
3808,2,Davao Doctors Hospital,17/03/2025,A+,PRBC,7,3,64
3809,2,Davao Doctors Hospital,24/03/2025,A+,PRBC,8,3,65
3810,2,Davao Doctors Hospital,31/03/2025,A+,PRBC,6,3,66
3811,2,Davao Doctors Hospital,07/04/2025,A+,PRBC,5,4,67
3812,2,Davao Doctors Hospital,14/04/2025,A+,PRBC,8,4,68
3813,2,Davao Doctors Hospital,21/04/2025,A+,PRBC,6,4,69
3814,2,Davao Doctors Hospital,28/04/2025,A+,PRBC,6,4,70
3815,2,Davao Doctors Hospital,05/05/2025,A+,PRBC,7,5,71
3816,2,Davao Doctors Hospital,12/05/2025,A+,PRBC,6,5,72
3817,2,Davao Doctors Hospital,19/05/2025,A+,PRBC,6,5,73
3818,2,Davao Doctors Hospital,26/05/2025,A+,PRBC,6,5,74
3819,2,Davao Doctors Hospital,02/06/2025,A+,PRBC,8,6,75
3820,2,Davao Doctors Hospital,09/06/2025,A+,PRBC,8,6,76
3821,2,Davao Doctors Hospital,16/06/2025,A+,PRBC,7,6,77
3822,2,Davao Doctors Hospital,23/06/2025,A+,PRBC,5,6,78
3823,2,Davao Doctors Hospital,30/06/2025,A+,PRBC,7,6,79
3824,2,Davao Doctors Hospital,07/07/2025,A+,PRBC,7,7,80
3825,2,Davao Doctors Hospital,14/07/2025,A+,PRBC,5,7,81
3826,2,Davao Doctors Hospital,21/07/2025,A+,PRBC,7,7,82
3827,2,Davao Doctors Hospital,28/07/2025,A+,PRBC,8,7,83
3828,2,Davao Doctors Hospital,04/08/2025,A+,PRBC,7,8,84
3829,2,Davao Doctors Hospital,11/08/2025,A+,PRBC,6,8,85
3830,2,Davao Doctors Hospital,18/08/2025,A+,PRBC,7,8,86
3831,2,Davao Doctors Hospital,25/08/2025,A+,PRBC,7,8,87
3832,2,Davao Doctors Hospital,01/09/2025,A+,PRBC,7,9,88
3833,2,Davao Doctors Hospital,08/09/2025,A+,PRBC,8,9,89
3834,2,Davao Doctors Hospital,15/09/2025,A+,PRBC,7,9,90
3835,2,Davao Doctors Hospital,22/09/2025,A+,PRBC,7,9,91
3836,2,Davao Doctors Hospital,29/09/2025,A+,PRBC,7,9,92
3837,2,Davao Doctors Hospital,06/10/2025,A+,PRBC,6,10,93
3838,2,Davao Doctors Hospital,13/10/2025,A+,PRBC,7,10,94
3839,2,Davao Doctors Hospital,20/10/2025,A+,PRBC,6,10,95
3840,2,Davao Doctors Hospital,27/10/2025,A+,PRBC,8,10,96
3841,2,Davao Doctors Hospital,03/11/2025,A+,PRBC,7,11,97
3842,2,Davao Doctors Hospital,10/11/2025,A+,PRBC,7,11,98
3843,2,Davao Doctors Hospital,17/11/2025,A+,PRBC,6,11,99
3844,2,Davao Doctors Hospital,24/11/2025,A+,PRBC,5,11,100
3845,2,Davao Doctors Hospital,01/12/2025,A+,PRBC,8,12,101
3846,2,Davao Doctors Hospital,08/12/2025,A+,PRBC,7,12,102
3847,2,Davao Doctors Hospital,15/12/2025,A+,PRBC,8,12,103
3848,2,Davao Doctors Hospital,22/12/2025,A+,PRBC,6,12,104
3849,2,Davao Doctors Hospital,01/01/2024,A+,Platelet Concentrate,2,1,1
3850,2,Davao Doctors Hospital,08/01/2024,A+,Platelet Concentrate,2,1,2
3851,2,Davao Doctors Hospital,15/01/2024,A+,Platelet Concentrate,2,1,3
3852,2,Davao Doctors Hospital,22/01/2024,A+,Platelet Concentrate,2,1,4
3853,2,Davao Doctors Hospital,29/01/2024,A+,Platelet Concentrate,2,1,5
3854,2,Davao Doctors Hospital,05/02/2024,A+,Platelet Concentrate,2,2,6
3855,2,Davao Doctors Hospital,12/02/2024,A+,Platelet Concentrate,2,2,7
3856,2,Davao Doctors Hospital,19/02/2024,A+,Platelet Concentrate,1,2,8
3857,2,Davao Doctors Hospital,26/02/2024,A+,Platelet Concentrate,2,2,9
3858,2,Davao Doctors Hospital,04/03/2024,A+,Platelet Concentrate,2,3,10
3859,2,Davao Doctors Hospital,11/03/2024,A+,Platelet Concentrate,1,3,11
3860,2,Davao Doctors Hospital,18/03/2024,A+,Platelet Concentrate,1,3,12
3861,2,Davao Doctors Hospital,25/03/2024,A+,Platelet Concentrate,2,3,13
3862,2,Davao Doctors Hospital,01/04/2024,A+,Platelet Concentrate,2,4,14
3863,2,Davao Doctors Hospital,08/04/2024,A+,Platelet Concentrate,2,4,15
3864,2,Davao Doctors Hospital,15/04/2024,A+,Platelet Concentrate,1,4,16
3865,2,Davao Doctors Hospital,22/04/2024,A+,Platelet Concentrate,1,4,17
3866,2,Davao Doctors Hospital,29/04/2024,A+,Platelet Concentrate,2,4,18
3867,2,Davao Doctors Hospital,06/05/2024,A+,Platelet Concentrate,2,5,19
3868,2,Davao Doctors Hospital,13/05/2024,A+,Platelet Concentrate,2,5,20
3869,2,Davao Doctors Hospital,20/05/2024,A+,Platelet Concentrate,2,5,21
3870,2,Davao Doctors Hospital,27/05/2024,A+,Platelet Concentrate,2,5,22
3871,2,Davao Doctors Hospital,03/06/2024,A+,Platelet Concentrate,2,6,23
3872,2,Davao Doctors Hospital,10/06/2024,A+,Platelet Concentrate,1,6,24
3873,2,Davao Doctors Hospital,17/06/2024,A+,Platelet Concentrate,1,6,25
3874,2,Davao Doctors Hospital,24/06/2024,A+,Platelet Concentrate,1,6,26
3875,2,Davao Doctors Hospital,01/07/2024,A+,Platelet Concentrate,2,7,27
3876,2,Davao Doctors Hospital,08/07/2024,A+,Platelet Concentrate,2,7,28
3877,2,Davao Doctors Hospital,15/07/2024,A+,Platelet Concentrate,2,7,29
3878,2,Davao Doctors Hospital,22/07/2024,A+,Platelet Concentrate,2,7,30
3879,2,Davao Doctors Hospital,29/07/2024,A+,Platelet Concentrate,1,7,31
3880,2,Davao Doctors Hospital,05/08/2024,A+,Platelet Concentrate,1,8,32
3881,2,Davao Doctors Hospital,12/08/2024,A+,Platelet Concentrate,2,8,33
3882,2,Davao Doctors Hospital,19/08/2024,A+,Platelet Concentrate,1,8,34
3883,2,Davao Doctors Hospital,26/08/2024,A+,Platelet Concentrate,2,8,35
3884,2,Davao Doctors Hospital,02/09/2024,A+,Platelet Concentrate,1,9,36
3885,2,Davao Doctors Hospital,09/09/2024,A+,Platelet Concentrate,2,9,37
3886,2,Davao Doctors Hospital,16/09/2024,A+,Platelet Concentrate,2,9,38
3887,2,Davao Doctors Hospital,23/09/2024,A+,Platelet Concentrate,2,9,39
3888,2,Davao Doctors Hospital,30/09/2024,A+,Platelet Concentrate,2,9,40
3889,2,Davao Doctors Hospital,07/10/2024,A+,Platelet Concentrate,1,10,41
3890,2,Davao Doctors Hospital,14/10/2024,A+,Platelet Concentrate,2,10,42
3891,2,Davao Doctors Hospital,21/10/2024,A+,Platelet Concentrate,2,10,43
3892,2,Davao Doctors Hospital,28/10/2024,A+,Platelet Concentrate,2,10,44
3893,2,Davao Doctors Hospital,04/11/2024,A+,Platelet Concentrate,1,11,45
3894,2,Davao Doctors Hospital,11/11/2024,A+,Platelet Concentrate,2,11,46
3895,2,Davao Doctors Hospital,18/11/2024,A+,Platelet Concentrate,2,11,47
3896,2,Davao Doctors Hospital,25/11/2024,A+,Platelet Concentrate,2,11,48
3897,2,Davao Doctors Hospital,02/12/2024,A+,Platelet Concentrate,1,12,49
3898,2,Davao Doctors Hospital,09/12/2024,A+,Platelet Concentrate,3,12,50
3899,2,Davao Doctors Hospital,16/12/2024,A+,Platelet Concentrate,2,12,51
3900,2,Davao Doctors Hospital,23/12/2024,A+,Platelet Concentrate,2,12,52
3901,2,Davao Doctors Hospital,30/12/2024,A+,Platelet Concentrate,2,12,53
3902,2,Davao Doctors Hospital,06/01/2025,A+,Platelet Concentrate,2,1,54
3903,2,Davao Doctors Hospital,13/01/2025,A+,Platelet Concentrate,2,1,55
3904,2,Davao Doctors Hospital,20/01/2025,A+,Platelet Concentrate,2,1,56
3905,2,Davao Doctors Hospital,27/01/2025,A+,Platelet Concentrate,2,1,57
3906,2,Davao Doctors Hospital,03/02/2025,A+,Platelet Concentrate,2,2,58
3907,2,Davao Doctors Hospital,10/02/2025,A+,Platelet Concentrate,2,2,59
3908,2,Davao Doctors Hospital,17/02/2025,A+,Platelet Concentrate,2,2,60
3909,2,Davao Doctors Hospital,24/02/2025,A+,Platelet Concentrate,2,2,61
3910,2,Davao Doctors Hospital,03/03/2025,A+,Platelet Concentrate,2,3,62
3911,2,Davao Doctors Hospital,10/03/2025,A+,Platelet Concentrate,2,3,63
3912,2,Davao Doctors Hospital,17/03/2025,A+,Platelet Concentrate,2,3,64
3913,2,Davao Doctors Hospital,24/03/2025,A+,Platelet Concentrate,2,3,65
3914,2,Davao Doctors Hospital,31/03/2025,A+,Platelet Concentrate,2,3,66
3915,2,Davao Doctors Hospital,07/04/2025,A+,Platelet Concentrate,2,4,67
3916,2,Davao Doctors Hospital,14/04/2025,A+,Platelet Concentrate,2,4,68
3917,2,Davao Doctors Hospital,21/04/2025,A+,Platelet Concentrate,2,4,69
3918,2,Davao Doctors Hospital,28/04/2025,A+,Platelet Concentrate,2,4,70
3919,2,Davao Doctors Hospital,05/05/2025,A+,Platelet Concentrate,1,5,71
3920,2,Davao Doctors Hospital,12/05/2025,A+,Platelet Concentrate,2,5,72
3921,2,Davao Doctors Hospital,19/05/2025,A+,Platelet Concentrate,2,5,73
3922,2,Davao Doctors Hospital,26/05/2025,A+,Platelet Concentrate,2,5,74
3923,2,Davao Doctors Hospital,02/06/2025,A+,Platelet Concentrate,2,6,75
3924,2,Davao Doctors Hospital,09/06/2025,A+,Platelet Concentrate,2,6,76
3925,2,Davao Doctors Hospital,16/06/2025,A+,Platelet Concentrate,2,6,77
3926,2,Davao Doctors Hospital,23/06/2025,A+,Platelet Concentrate,2,6,78
3927,2,Davao Doctors Hospital,30/06/2025,A+,Platelet Concentrate,1,6,79
3928,2,Davao Doctors Hospital,07/07/2025,A+,Platelet Concentrate,2,7,80
3929,2,Davao Doctors Hospital,14/07/2025,A+,Platelet Concentrate,2,7,81
3930,2,Davao Doctors Hospital,21/07/2025,A+,Platelet Concentrate,2,7,82
3931,2,Davao Doctors Hospital,28/07/2025,A+,Platelet Concentrate,2,7,83
3932,2,Davao Doctors Hospital,04/08/2025,A+,Platelet Concentrate,3,8,84
3933,2,Davao Doctors Hospital,11/08/2025,A+,Platelet Concentrate,2,8,85
3934,2,Davao Doctors Hospital,18/08/2025,A+,Platelet Concentrate,2,8,86
3935,2,Davao Doctors Hospital,25/08/2025,A+,Platelet Concentrate,2,8,87
3936,2,Davao Doctors Hospital,01/09/2025,A+,Platelet Concentrate,2,9,88
3937,2,Davao Doctors Hospital,08/09/2025,A+,Platelet Concentrate,2,9,89
3938,2,Davao Doctors Hospital,15/09/2025,A+,Platelet Concentrate,2,9,90
3939,2,Davao Doctors Hospital,22/09/2025,A+,Platelet Concentrate,2,9,91
3940,2,Davao Doctors Hospital,29/09/2025,A+,Platelet Concentrate,2,9,92
3941,2,Davao Doctors Hospital,06/10/2025,A+,Platelet Concentrate,2,10,93
3942,2,Davao Doctors Hospital,13/10/2025,A+,Platelet Concentrate,2,10,94
3943,2,Davao Doctors Hospital,20/10/2025,A+,Platelet Concentrate,1,10,95
3944,2,Davao Doctors Hospital,27/10/2025,A+,Platelet Concentrate,2,10,96
3945,2,Davao Doctors Hospital,03/11/2025,A+,Platelet Concentrate,2,11,97
3946,2,Davao Doctors Hospital,10/11/2025,A+,Platelet Concentrate,1,11,98
3947,2,Davao Doctors Hospital,17/11/2025,A+,Platelet Concentrate,2,11,99
3948,2,Davao Doctors Hospital,24/11/2025,A+,Platelet Concentrate,2,11,100
3949,2,Davao Doctors Hospital,01/12/2025,A+,Platelet Concentrate,2,12,101
3950,2,Davao Doctors Hospital,08/12/2025,A+,Platelet Concentrate,2,12,102
3951,2,Davao Doctors Hospital,15/12/2025,A+,Platelet Concentrate,2,12,103
3952,2,Davao Doctors Hospital,22/12/2025,A+,Platelet Concentrate,2,12,104
3953,2,Davao Doctors Hospital,01/01/2024,A+,FFP,3,1,1
3954,2,Davao Doctors Hospital,08/01/2024,A+,FFP,2,1,2
3955,2,Davao Doctors Hospital,15/01/2024,A+,FFP,2,1,3
3956,2,Davao Doctors Hospital,22/01/2024,A+,FFP,2,1,4
3957,2,Davao Doctors Hospital,29/01/2024,A+,FFP,2,1,5
3958,2,Davao Doctors Hospital,05/02/2024,A+,FFP,2,2,6
3959,2,Davao Doctors Hospital,12/02/2024,A+,FFP,2,2,7
3960,2,Davao Doctors Hospital,19/02/2024,A+,FFP,2,2,8
3961,2,Davao Doctors Hospital,26/02/2024,A+,FFP,3,2,9
3962,2,Davao Doctors Hospital,04/03/2024,A+,FFP,2,3,10
3963,2,Davao Doctors Hospital,11/03/2024,A+,FFP,2,3,11
3964,2,Davao Doctors Hospital,18/03/2024,A+,FFP,2,3,12
3965,2,Davao Doctors Hospital,25/03/2024,A+,FFP,3,3,13
3966,2,Davao Doctors Hospital,01/04/2024,A+,FFP,2,4,14
3967,2,Davao Doctors Hospital,08/04/2024,A+,FFP,3,4,15
3968,2,Davao Doctors Hospital,15/04/2024,A+,FFP,2,4,16
3969,2,Davao Doctors Hospital,22/04/2024,A+,FFP,2,4,17
3970,2,Davao Doctors Hospital,29/04/2024,A+,FFP,3,4,18
3971,2,Davao Doctors Hospital,06/05/2024,A+,FFP,2,5,19
3972,2,Davao Doctors Hospital,13/05/2024,A+,FFP,2,5,20
3973,2,Davao Doctors Hospital,20/05/2024,A+,FFP,2,5,21
3974,2,Davao Doctors Hospital,27/05/2024,A+,FFP,3,5,22
3975,2,Davao Doctors Hospital,03/06/2024,A+,FFP,3,6,23
3976,2,Davao Doctors Hospital,10/06/2024,A+,FFP,2,6,24
3977,2,Davao Doctors Hospital,17/06/2024,A+,FFP,2,6,25
3978,2,Davao Doctors Hospital,24/06/2024,A+,FFP,3,6,26
3979,2,Davao Doctors Hospital,01/07/2024,A+,FFP,2,7,27
3980,2,Davao Doctors Hospital,08/07/2024,A+,FFP,3,7,28
3981,2,Davao Doctors Hospital,15/07/2024,A+,FFP,3,7,29
3982,2,Davao Doctors Hospital,22/07/2024,A+,FFP,2,7,30
3983,2,Davao Doctors Hospital,29/07/2024,A+,FFP,2,7,31
3984,2,Davao Doctors Hospital,05/08/2024,A+,FFP,2,8,32
3985,2,Davao Doctors Hospital,12/08/2024,A+,FFP,2,8,33
3986,2,Davao Doctors Hospital,19/08/2024,A+,FFP,3,8,34
3987,2,Davao Doctors Hospital,26/08/2024,A+,FFP,3,8,35
3988,2,Davao Doctors Hospital,02/09/2024,A+,FFP,3,9,36
3989,2,Davao Doctors Hospital,09/09/2024,A+,FFP,2,9,37
3990,2,Davao Doctors Hospital,16/09/2024,A+,FFP,2,9,38
3991,2,Davao Doctors Hospital,23/09/2024,A+,FFP,2,9,39
3992,2,Davao Doctors Hospital,30/09/2024,A+,FFP,3,9,40
3993,2,Davao Doctors Hospital,07/10/2024,A+,FFP,2,10,41
3994,2,Davao Doctors Hospital,14/10/2024,A+,FFP,3,10,42
3995,2,Davao Doctors Hospital,21/10/2024,A+,FFP,2,10,43
3996,2,Davao Doctors Hospital,28/10/2024,A+,FFP,2,10,44
3997,2,Davao Doctors Hospital,04/11/2024,A+,FFP,3,11,45
3998,2,Davao Doctors Hospital,11/11/2024,A+,FFP,3,11,46
3999,2,Davao Doctors Hospital,18/11/2024,A+,FFP,2,11,47
4000,2,Davao Doctors Hospital,25/11/2024,A+,FFP,3,11,48
4001,2,Davao Doctors Hospital,02/12/2024,A+,FFP,2,12,49
4002,2,Davao Doctors Hospital,09/12/2024,A+,FFP,3,12,50
4003,2,Davao Doctors Hospital,16/12/2024,A+,FFP,3,12,51
4004,2,Davao Doctors Hospital,23/12/2024,A+,FFP,3,12,52
4005,2,Davao Doctors Hospital,30/12/2024,A+,FFP,3,12,53
4006,2,Davao Doctors Hospital,06/01/2025,A+,FFP,3,1,54
4007,2,Davao Doctors Hospital,13/01/2025,A+,FFP,3,1,55
4008,2,Davao Doctors Hospital,20/01/2025,A+,FFP,2,1,56
4009,2,Davao Doctors Hospital,27/01/2025,A+,FFP,3,1,57
4010,2,Davao Doctors Hospital,03/02/2025,A+,FFP,3,2,58
4011,2,Davao Doctors Hospital,10/02/2025,A+,FFP,2,2,59
4012,2,Davao Doctors Hospital,17/02/2025,A+,FFP,2,2,60
4013,2,Davao Doctors Hospital,24/02/2025,A+,FFP,2,2,61
4014,2,Davao Doctors Hospital,03/03/2025,A+,FFP,3,3,62
4015,2,Davao Doctors Hospital,10/03/2025,A+,FFP,2,3,63
4016,2,Davao Doctors Hospital,17/03/2025,A+,FFP,2,3,64
4017,2,Davao Doctors Hospital,24/03/2025,A+,FFP,3,3,65
4018,2,Davao Doctors Hospital,31/03/2025,A+,FFP,2,3,66
4019,2,Davao Doctors Hospital,07/04/2025,A+,FFP,3,4,67
4020,2,Davao Doctors Hospital,14/04/2025,A+,FFP,2,4,68
4021,2,Davao Doctors Hospital,21/04/2025,A+,FFP,2,4,69
4022,2,Davao Doctors Hospital,28/04/2025,A+,FFP,2,4,70
4023,2,Davao Doctors Hospital,05/05/2025,A+,FFP,3,5,71
4024,2,Davao Doctors Hospital,12/05/2025,A+,FFP,2,5,72
4025,2,Davao Doctors Hospital,19/05/2025,A+,FFP,2,5,73
4026,2,Davao Doctors Hospital,26/05/2025,A+,FFP,2,5,74
4027,2,Davao Doctors Hospital,02/06/2025,A+,FFP,2,6,75
4028,2,Davao Doctors Hospital,09/06/2025,A+,FFP,2,6,76
4029,2,Davao Doctors Hospital,16/06/2025,A+,FFP,2,6,77
4030,2,Davao Doctors Hospital,23/06/2025,A+,FFP,3,6,78
4031,2,Davao Doctors Hospital,30/06/2025,A+,FFP,2,6,79
4032,2,Davao Doctors Hospital,07/07/2025,A+,FFP,2,7,80
4033,2,Davao Doctors Hospital,14/07/2025,A+,FFP,2,7,81
4034,2,Davao Doctors Hospital,21/07/2025,A+,FFP,2,7,82
4035,2,Davao Doctors Hospital,28/07/2025,A+,FFP,2,7,83
4036,2,Davao Doctors Hospital,04/08/2025,A+,FFP,2,8,84
4037,2,Davao Doctors Hospital,11/08/2025,A+,FFP,2,8,85
4038,2,Davao Doctors Hospital,18/08/2025,A+,FFP,2,8,86
4039,2,Davao Doctors Hospital,25/08/2025,A+,FFP,2,8,87
4040,2,Davao Doctors Hospital,01/09/2025,A+,FFP,3,9,88
4041,2,Davao Doctors Hospital,08/09/2025,A+,FFP,3,9,89
4042,2,Davao Doctors Hospital,15/09/2025,A+,FFP,2,9,90
4043,2,Davao Doctors Hospital,22/09/2025,A+,FFP,2,9,91
4044,2,Davao Doctors Hospital,29/09/2025,A+,FFP,2,9,92
4045,2,Davao Doctors Hospital,06/10/2025,A+,FFP,2,10,93
4046,2,Davao Doctors Hospital,13/10/2025,A+,FFP,2,10,94
4047,2,Davao Doctors Hospital,20/10/2025,A+,FFP,3,10,95
4048,2,Davao Doctors Hospital,27/10/2025,A+,FFP,3,10,96
4049,2,Davao Doctors Hospital,03/11/2025,A+,FFP,2,11,97
4050,2,Davao Doctors Hospital,10/11/2025,A+,FFP,2,11,98
4051,2,Davao Doctors Hospital,17/11/2025,A+,FFP,3,11,99
4052,2,Davao Doctors Hospital,24/11/2025,A+,FFP,3,11,100
4053,2,Davao Doctors Hospital,01/12/2025,A+,FFP,3,12,101
4054,2,Davao Doctors Hospital,08/12/2025,A+,FFP,3,12,102
4055,2,Davao Doctors Hospital,15/12/2025,A+,FFP,2,12,103
4056,2,Davao Doctors Hospital,22/12/2025,A+,FFP,3,12,104
4057,2,Davao Doctors Hospital,01/01/2024,A+,Cryoprecipitate,1,1,1
4058,2,Davao Doctors Hospital,08/01/2024,A+,Cryoprecipitate,1,1,2
4059,2,Davao Doctors Hospital,15/01/2024,A+,Cryoprecipitate,1,1,3
4060,2,Davao Doctors Hospital,22/01/2024,A+,Cryoprecipitate,1,1,4
4061,2,Davao Doctors Hospital,29/01/2024,A+,Cryoprecipitate,1,1,5
4062,2,Davao Doctors Hospital,05/02/2024,A+,Cryoprecipitate,1,2,6
4063,2,Davao Doctors Hospital,12/02/2024,A+,Cryoprecipitate,1,2,7
4064,2,Davao Doctors Hospital,19/02/2024,A+,Cryoprecipitate,1,2,8
4065,2,Davao Doctors Hospital,26/02/2024,A+,Cryoprecipitate,1,2,9
4066,2,Davao Doctors Hospital,04/03/2024,A+,Cryoprecipitate,1,3,10
4067,2,Davao Doctors Hospital,11/03/2024,A+,Cryoprecipitate,1,3,11
4068,2,Davao Doctors Hospital,18/03/2024,A+,Cryoprecipitate,0,3,12
4069,2,Davao Doctors Hospital,25/03/2024,A+,Cryoprecipitate,1,3,13
4070,2,Davao Doctors Hospital,01/04/2024,A+,Cryoprecipitate,0,4,14
4071,2,Davao Doctors Hospital,08/04/2024,A+,Cryoprecipitate,1,4,15
4072,2,Davao Doctors Hospital,15/04/2024,A+,Cryoprecipitate,1,4,16
4073,2,Davao Doctors Hospital,22/04/2024,A+,Cryoprecipitate,1,4,17
4074,2,Davao Doctors Hospital,29/04/2024,A+,Cryoprecipitate,1,4,18
4075,2,Davao Doctors Hospital,06/05/2024,A+,Cryoprecipitate,1,5,19
4076,2,Davao Doctors Hospital,13/05/2024,A+,Cryoprecipitate,1,5,20
4077,2,Davao Doctors Hospital,20/05/2024,A+,Cryoprecipitate,1,5,21
4078,2,Davao Doctors Hospital,27/05/2024,A+,Cryoprecipitate,1,5,22
4079,2,Davao Doctors Hospital,03/06/2024,A+,Cryoprecipitate,1,6,23
4080,2,Davao Doctors Hospital,10/06/2024,A+,Cryoprecipitate,1,6,24
4081,2,Davao Doctors Hospital,17/06/2024,A+,Cryoprecipitate,1,6,25
4082,2,Davao Doctors Hospital,24/06/2024,A+,Cryoprecipitate,1,6,26
4083,2,Davao Doctors Hospital,01/07/2024,A+,Cryoprecipitate,1,7,27
4084,2,Davao Doctors Hospital,08/07/2024,A+,Cryoprecipitate,1,7,28
4085,2,Davao Doctors Hospital,15/07/2024,A+,Cryoprecipitate,1,7,29
4086,2,Davao Doctors Hospital,22/07/2024,A+,Cryoprecipitate,1,7,30
4087,2,Davao Doctors Hospital,29/07/2024,A+,Cryoprecipitate,0,7,31
4088,2,Davao Doctors Hospital,05/08/2024,A+,Cryoprecipitate,1,8,32
4089,2,Davao Doctors Hospital,12/08/2024,A+,Cryoprecipitate,1,8,33
4090,2,Davao Doctors Hospital,19/08/2024,A+,Cryoprecipitate,1,8,34
4091,2,Davao Doctors Hospital,26/08/2024,A+,Cryoprecipitate,1,8,35
4092,2,Davao Doctors Hospital,02/09/2024,A+,Cryoprecipitate,1,9,36
4093,2,Davao Doctors Hospital,09/09/2024,A+,Cryoprecipitate,1,9,37
4094,2,Davao Doctors Hospital,16/09/2024,A+,Cryoprecipitate,0,9,38
4095,2,Davao Doctors Hospital,23/09/2024,A+,Cryoprecipitate,1,9,39
4096,2,Davao Doctors Hospital,30/09/2024,A+,Cryoprecipitate,0,9,40
4097,2,Davao Doctors Hospital,07/10/2024,A+,Cryoprecipitate,0,10,41
4098,2,Davao Doctors Hospital,14/10/2024,A+,Cryoprecipitate,1,10,42
4099,2,Davao Doctors Hospital,21/10/2024,A+,Cryoprecipitate,1,10,43
4100,2,Davao Doctors Hospital,28/10/2024,A+,Cryoprecipitate,1,10,44
4101,2,Davao Doctors Hospital,04/11/2024,A+,Cryoprecipitate,1,11,45
4102,2,Davao Doctors Hospital,11/11/2024,A+,Cryoprecipitate,1,11,46
4103,2,Davao Doctors Hospital,18/11/2024,A+,Cryoprecipitate,1,11,47
4104,2,Davao Doctors Hospital,25/11/2024,A+,Cryoprecipitate,1,11,48
4105,2,Davao Doctors Hospital,02/12/2024,A+,Cryoprecipitate,1,12,49
4106,2,Davao Doctors Hospital,09/12/2024,A+,Cryoprecipitate,1,12,50
4107,2,Davao Doctors Hospital,16/12/2024,A+,Cryoprecipitate,1,12,51
4108,2,Davao Doctors Hospital,23/12/2024,A+,Cryoprecipitate,1,12,52
4109,2,Davao Doctors Hospital,30/12/2024,A+,Cryoprecipitate,1,12,53
4110,2,Davao Doctors Hospital,06/01/2025,A+,Cryoprecipitate,1,1,54
4111,2,Davao Doctors Hospital,13/01/2025,A+,Cryoprecipitate,0,1,55
4112,2,Davao Doctors Hospital,20/01/2025,A+,Cryoprecipitate,0,1,56
4113,2,Davao Doctors Hospital,27/01/2025,A+,Cryoprecipitate,1,1,57
4114,2,Davao Doctors Hospital,03/02/2025,A+,Cryoprecipitate,0,2,58
4115,2,Davao Doctors Hospital,10/02/2025,A+,Cryoprecipitate,0,2,59
4116,2,Davao Doctors Hospital,17/02/2025,A+,Cryoprecipitate,0,2,60
4117,2,Davao Doctors Hospital,24/02/2025,A+,Cryoprecipitate,1,2,61
4118,2,Davao Doctors Hospital,03/03/2025,A+,Cryoprecipitate,1,3,62
4119,2,Davao Doctors Hospital,10/03/2025,A+,Cryoprecipitate,1,3,63
4120,2,Davao Doctors Hospital,17/03/2025,A+,Cryoprecipitate,1,3,64
4121,2,Davao Doctors Hospital,24/03/2025,A+,Cryoprecipitate,1,3,65
4122,2,Davao Doctors Hospital,31/03/2025,A+,Cryoprecipitate,1,3,66
4123,2,Davao Doctors Hospital,07/04/2025,A+,Cryoprecipitate,1,4,67
4124,2,Davao Doctors Hospital,14/04/2025,A+,Cryoprecipitate,1,4,68
4125,2,Davao Doctors Hospital,21/04/2025,A+,Cryoprecipitate,1,4,69
4126,2,Davao Doctors Hospital,28/04/2025,A+,Cryoprecipitate,1,4,70
4127,2,Davao Doctors Hospital,05/05/2025,A+,Cryoprecipitate,1,5,71
4128,2,Davao Doctors Hospital,12/05/2025,A+,Cryoprecipitate,0,5,72
4129,2,Davao Doctors Hospital,19/05/2025,A+,Cryoprecipitate,1,5,73
4130,2,Davao Doctors Hospital,26/05/2025,A+,Cryoprecipitate,0,5,74
4131,2,Davao Doctors Hospital,02/06/2025,A+,Cryoprecipitate,1,6,75
4132,2,Davao Doctors Hospital,09/06/2025,A+,Cryoprecipitate,1,6,76
4133,2,Davao Doctors Hospital,16/06/2025,A+,Cryoprecipitate,1,6,77
4134,2,Davao Doctors Hospital,23/06/2025,A+,Cryoprecipitate,0,6,78
4135,2,Davao Doctors Hospital,30/06/2025,A+,Cryoprecipitate,1,6,79
4136,2,Davao Doctors Hospital,07/07/2025,A+,Cryoprecipitate,1,7,80
4137,2,Davao Doctors Hospital,14/07/2025,A+,Cryoprecipitate,1,7,81
4138,2,Davao Doctors Hospital,21/07/2025,A+,Cryoprecipitate,1,7,82
4139,2,Davao Doctors Hospital,28/07/2025,A+,Cryoprecipitate,1,7,83
4140,2,Davao Doctors Hospital,04/08/2025,A+,Cryoprecipitate,1,8,84
4141,2,Davao Doctors Hospital,11/08/2025,A+,Cryoprecipitate,1,8,85
4142,2,Davao Doctors Hospital,18/08/2025,A+,Cryoprecipitate,1,8,86
4143,2,Davao Doctors Hospital,25/08/2025,A+,Cryoprecipitate,1,8,87
4144,2,Davao Doctors Hospital,01/09/2025,A+,Cryoprecipitate,1,9,88
4145,2,Davao Doctors Hospital,08/09/2025,A+,Cryoprecipitate,1,9,89
4146,2,Davao Doctors Hospital,15/09/2025,A+,Cryoprecipitate,1,9,90
4147,2,Davao Doctors Hospital,22/09/2025,A+,Cryoprecipitate,1,9,91
4148,2,Davao Doctors Hospital,29/09/2025,A+,Cryoprecipitate,1,9,92
4149,2,Davao Doctors Hospital,06/10/2025,A+,Cryoprecipitate,1,10,93
4150,2,Davao Doctors Hospital,13/10/2025,A+,Cryoprecipitate,1,10,94
4151,2,Davao Doctors Hospital,20/10/2025,A+,Cryoprecipitate,1,10,95
4152,2,Davao Doctors Hospital,27/10/2025,A+,Cryoprecipitate,0,10,96
4153,2,Davao Doctors Hospital,03/11/2025,A+,Cryoprecipitate,1,11,97
4154,2,Davao Doctors Hospital,10/11/2025,A+,Cryoprecipitate,1,11,98
4155,2,Davao Doctors Hospital,17/11/2025,A+,Cryoprecipitate,0,11,99
4156,2,Davao Doctors Hospital,24/11/2025,A+,Cryoprecipitate,1,11,100
4157,2,Davao Doctors Hospital,01/12/2025,A+,Cryoprecipitate,1,12,101
4158,2,Davao Doctors Hospital,08/12/2025,A+,Cryoprecipitate,1,12,102
4159,2,Davao Doctors Hospital,15/12/2025,A+,Cryoprecipitate,1,12,103
4160,2,Davao Doctors Hospital,22/12/2025,A+,Cryoprecipitate,1,12,104
4161,2,Davao Doctors Hospital,01/01/2024,A+,Cryosupernate,1,1,1
4162,2,Davao Doctors Hospital,08/01/2024,A+,Cryosupernate,0,1,2
4163,2,Davao Doctors Hospital,15/01/2024,A+,Cryosupernate,0,1,3
4164,2,Davao Doctors Hospital,22/01/2024,A+,Cryosupernate,0,1,4
4165,2,Davao Doctors Hospital,29/01/2024,A+,Cryosupernate,1,1,5
4166,2,Davao Doctors Hospital,05/02/2024,A+,Cryosupernate,0,2,6
4167,2,Davao Doctors Hospital,12/02/2024,A+,Cryosupernate,1,2,7
4168,2,Davao Doctors Hospital,19/02/2024,A+,Cryosupernate,1,2,8
4169,2,Davao Doctors Hospital,26/02/2024,A+,Cryosupernate,0,2,9
4170,2,Davao Doctors Hospital,04/03/2024,A+,Cryosupernate,0,3,10
4171,2,Davao Doctors Hospital,11/03/2024,A+,Cryosupernate,1,3,11
4172,2,Davao Doctors Hospital,18/03/2024,A+,Cryosupernate,0,3,12
4173,2,Davao Doctors Hospital,25/03/2024,A+,Cryosupernate,0,3,13
4174,2,Davao Doctors Hospital,01/04/2024,A+,Cryosupernate,0,4,14
4175,2,Davao Doctors Hospital,08/04/2024,A+,Cryosupernate,0,4,15
4176,2,Davao Doctors Hospital,15/04/2024,A+,Cryosupernate,1,4,16
4177,2,Davao Doctors Hospital,22/04/2024,A+,Cryosupernate,0,4,17
4178,2,Davao Doctors Hospital,29/04/2024,A+,Cryosupernate,0,4,18
4179,2,Davao Doctors Hospital,06/05/2024,A+,Cryosupernate,1,5,19
4180,2,Davao Doctors Hospital,13/05/2024,A+,Cryosupernate,0,5,20
4181,2,Davao Doctors Hospital,20/05/2024,A+,Cryosupernate,1,5,21
4182,2,Davao Doctors Hospital,27/05/2024,A+,Cryosupernate,0,5,22
4183,2,Davao Doctors Hospital,03/06/2024,A+,Cryosupernate,1,6,23
4184,2,Davao Doctors Hospital,10/06/2024,A+,Cryosupernate,0,6,24
4185,2,Davao Doctors Hospital,17/06/2024,A+,Cryosupernate,0,6,25
4186,2,Davao Doctors Hospital,24/06/2024,A+,Cryosupernate,1,6,26
4187,2,Davao Doctors Hospital,01/07/2024,A+,Cryosupernate,1,7,27
4188,2,Davao Doctors Hospital,08/07/2024,A+,Cryosupernate,1,7,28
4189,2,Davao Doctors Hospital,15/07/2024,A+,Cryosupernate,0,7,29
4190,2,Davao Doctors Hospital,22/07/2024,A+,Cryosupernate,1,7,30
4191,2,Davao Doctors Hospital,29/07/2024,A+,Cryosupernate,0,7,31
4192,2,Davao Doctors Hospital,05/08/2024,A+,Cryosupernate,1,8,32
4193,2,Davao Doctors Hospital,12/08/2024,A+,Cryosupernate,1,8,33
4194,2,Davao Doctors Hospital,19/08/2024,A+,Cryosupernate,0,8,34
4195,2,Davao Doctors Hospital,26/08/2024,A+,Cryosupernate,1,8,35
4196,2,Davao Doctors Hospital,02/09/2024,A+,Cryosupernate,1,9,36
4197,2,Davao Doctors Hospital,09/09/2024,A+,Cryosupernate,0,9,37
4198,2,Davao Doctors Hospital,16/09/2024,A+,Cryosupernate,1,9,38
4199,2,Davao Doctors Hospital,23/09/2024,A+,Cryosupernate,0,9,39
4200,2,Davao Doctors Hospital,30/09/2024,A+,Cryosupernate,1,9,40
4201,2,Davao Doctors Hospital,07/10/2024,A+,Cryosupernate,1,10,41
4202,2,Davao Doctors Hospital,14/10/2024,A+,Cryosupernate,0,10,42
4203,2,Davao Doctors Hospital,21/10/2024,A+,Cryosupernate,0,10,43
4204,2,Davao Doctors Hospital,28/10/2024,A+,Cryosupernate,0,10,44
4205,2,Davao Doctors Hospital,04/11/2024,A+,Cryosupernate,0,11,45
4206,2,Davao Doctors Hospital,11/11/2024,A+,Cryosupernate,1,11,46
4207,2,Davao Doctors Hospital,18/11/2024,A+,Cryosupernate,0,11,47
4208,2,Davao Doctors Hospital,25/11/2024,A+,Cryosupernate,0,11,48
4209,2,Davao Doctors Hospital,02/12/2024,A+,Cryosupernate,1,12,49
4210,2,Davao Doctors Hospital,09/12/2024,A+,Cryosupernate,0,12,50
4211,2,Davao Doctors Hospital,16/12/2024,A+,Cryosupernate,0,12,51
4212,2,Davao Doctors Hospital,23/12/2024,A+,Cryosupernate,1,12,52
4213,2,Davao Doctors Hospital,30/12/2024,A+,Cryosupernate,1,12,53
4214,2,Davao Doctors Hospital,06/01/2025,A+,Cryosupernate,0,1,54
4215,2,Davao Doctors Hospital,13/01/2025,A+,Cryosupernate,1,1,55
4216,2,Davao Doctors Hospital,20/01/2025,A+,Cryosupernate,0,1,56
4217,2,Davao Doctors Hospital,27/01/2025,A+,Cryosupernate,0,1,57
4218,2,Davao Doctors Hospital,03/02/2025,A+,Cryosupernate,0,2,58
4219,2,Davao Doctors Hospital,10/02/2025,A+,Cryosupernate,1,2,59
4220,2,Davao Doctors Hospital,17/02/2025,A+,Cryosupernate,1,2,60
4221,2,Davao Doctors Hospital,24/02/2025,A+,Cryosupernate,0,2,61
4222,2,Davao Doctors Hospital,03/03/2025,A+,Cryosupernate,1,3,62
4223,2,Davao Doctors Hospital,10/03/2025,A+,Cryosupernate,1,3,63
4224,2,Davao Doctors Hospital,17/03/2025,A+,Cryosupernate,0,3,64
4225,2,Davao Doctors Hospital,24/03/2025,A+,Cryosupernate,0,3,65
4226,2,Davao Doctors Hospital,31/03/2025,A+,Cryosupernate,1,3,66
4227,2,Davao Doctors Hospital,07/04/2025,A+,Cryosupernate,1,4,67
4228,2,Davao Doctors Hospital,14/04/2025,A+,Cryosupernate,0,4,68
4229,2,Davao Doctors Hospital,21/04/2025,A+,Cryosupernate,0,4,69
4230,2,Davao Doctors Hospital,28/04/2025,A+,Cryosupernate,0,4,70
4231,2,Davao Doctors Hospital,05/05/2025,A+,Cryosupernate,1,5,71
4232,2,Davao Doctors Hospital,12/05/2025,A+,Cryosupernate,1,5,72
4233,2,Davao Doctors Hospital,19/05/2025,A+,Cryosupernate,1,5,73
4234,2,Davao Doctors Hospital,26/05/2025,A+,Cryosupernate,1,5,74
4235,2,Davao Doctors Hospital,02/06/2025,A+,Cryosupernate,1,6,75
4236,2,Davao Doctors Hospital,09/06/2025,A+,Cryosupernate,0,6,76
4237,2,Davao Doctors Hospital,16/06/2025,A+,Cryosupernate,1,6,77
4238,2,Davao Doctors Hospital,23/06/2025,A+,Cryosupernate,0,6,78
4239,2,Davao Doctors Hospital,30/06/2025,A+,Cryosupernate,0,6,79
4240,2,Davao Doctors Hospital,07/07/2025,A+,Cryosupernate,1,7,80
4241,2,Davao Doctors Hospital,14/07/2025,A+,Cryosupernate,1,7,81
4242,2,Davao Doctors Hospital,21/07/2025,A+,Cryosupernate,0,7,82
4243,2,Davao Doctors Hospital,28/07/2025,A+,Cryosupernate,0,7,83
4244,2,Davao Doctors Hospital,04/08/2025,A+,Cryosupernate,0,8,84
4245,2,Davao Doctors Hospital,11/08/2025,A+,Cryosupernate,0,8,85
4246,2,Davao Doctors Hospital,18/08/2025,A+,Cryosupernate,1,8,86
4247,2,Davao Doctors Hospital,25/08/2025,A+,Cryosupernate,1,8,87
4248,2,Davao Doctors Hospital,01/09/2025,A+,Cryosupernate,1,9,88
4249,2,Davao Doctors Hospital,08/09/2025,A+,Cryosupernate,1,9,89
4250,2,Davao Doctors Hospital,15/09/2025,A+,Cryosupernate,0,9,90
4251,2,Davao Doctors Hospital,22/09/2025,A+,Cryosupernate,0,9,91
4252,2,Davao Doctors Hospital,29/09/2025,A+,Cryosupernate,1,9,92
4253,2,Davao Doctors Hospital,06/10/2025,A+,Cryosupernate,0,10,93
4254,2,Davao Doctors Hospital,13/10/2025,A+,Cryosupernate,0,10,94
4255,2,Davao Doctors Hospital,20/10/2025,A+,Cryosupernate,0,10,95
4256,2,Davao Doctors Hospital,27/10/2025,A+,Cryosupernate,0,10,96
4257,2,Davao Doctors Hospital,03/11/2025,A+,Cryosupernate,0,11,97
4258,2,Davao Doctors Hospital,10/11/2025,A+,Cryosupernate,0,11,98
4259,2,Davao Doctors Hospital,17/11/2025,A+,Cryosupernate,1,11,99
4260,2,Davao Doctors Hospital,24/11/2025,A+,Cryosupernate,1,11,100
4261,2,Davao Doctors Hospital,01/12/2025,A+,Cryosupernate,1,12,101
4262,2,Davao Doctors Hospital,08/12/2025,A+,Cryosupernate,1,12,102
4263,2,Davao Doctors Hospital,15/12/2025,A+,Cryosupernate,1,12,103
4264,2,Davao Doctors Hospital,22/12/2025,A+,Cryosupernate,1,12,104
4265,2,Davao Doctors Hospital,01/01/2024,A-,PRBC,1,1,1
4266,2,Davao Doctors Hospital,08/01/2024,A-,PRBC,2,1,2
4267,2,Davao Doctors Hospital,15/01/2024,A-,PRBC,2,1,3
4268,2,Davao Doctors Hospital,22/01/2024,A-,PRBC,1,1,4
4269,2,Davao Doctors Hospital,29/01/2024,A-,PRBC,2,1,5
4270,2,Davao Doctors Hospital,05/02/2024,A-,PRBC,2,2,6
4271,2,Davao Doctors Hospital,12/02/2024,A-,PRBC,1,2,7
4272,2,Davao Doctors Hospital,19/02/2024,A-,PRBC,1,2,8
4273,2,Davao Doctors Hospital,26/02/2024,A-,PRBC,1,2,9
4274,2,Davao Doctors Hospital,04/03/2024,A-,PRBC,2,3,10
4275,2,Davao Doctors Hospital,11/03/2024,A-,PRBC,1,3,11
4276,2,Davao Doctors Hospital,18/03/2024,A-,PRBC,1,3,12
4277,2,Davao Doctors Hospital,25/03/2024,A-,PRBC,1,3,13
4278,2,Davao Doctors Hospital,01/04/2024,A-,PRBC,0,4,14
4279,2,Davao Doctors Hospital,08/04/2024,A-,PRBC,1,4,15
4280,2,Davao Doctors Hospital,15/04/2024,A-,PRBC,2,4,16
4281,2,Davao Doctors Hospital,22/04/2024,A-,PRBC,1,4,17
4282,2,Davao Doctors Hospital,29/04/2024,A-,PRBC,1,4,18
4283,2,Davao Doctors Hospital,06/05/2024,A-,PRBC,1,5,19
4284,2,Davao Doctors Hospital,13/05/2024,A-,PRBC,1,5,20
4285,2,Davao Doctors Hospital,20/05/2024,A-,PRBC,1,5,21
4286,2,Davao Doctors Hospital,27/05/2024,A-,PRBC,1,5,22
4287,2,Davao Doctors Hospital,03/06/2024,A-,PRBC,2,6,23
4288,2,Davao Doctors Hospital,10/06/2024,A-,PRBC,1,6,24
4289,2,Davao Doctors Hospital,17/06/2024,A-,PRBC,1,6,25
4290,2,Davao Doctors Hospital,24/06/2024,A-,PRBC,1,6,26
4291,2,Davao Doctors Hospital,01/07/2024,A-,PRBC,1,7,27
4292,2,Davao Doctors Hospital,08/07/2024,A-,PRBC,1,7,28
4293,2,Davao Doctors Hospital,15/07/2024,A-,PRBC,1,7,29
4294,2,Davao Doctors Hospital,22/07/2024,A-,PRBC,1,7,30
4295,2,Davao Doctors Hospital,29/07/2024,A-,PRBC,1,7,31
4296,2,Davao Doctors Hospital,05/08/2024,A-,PRBC,1,8,32
4297,2,Davao Doctors Hospital,12/08/2024,A-,PRBC,2,8,33
4298,2,Davao Doctors Hospital,19/08/2024,A-,PRBC,2,8,34
4299,2,Davao Doctors Hospital,26/08/2024,A-,PRBC,1,8,35
4300,2,Davao Doctors Hospital,02/09/2024,A-,PRBC,1,9,36
4301,2,Davao Doctors Hospital,09/09/2024,A-,PRBC,1,9,37
4302,2,Davao Doctors Hospital,16/09/2024,A-,PRBC,1,9,38
4303,2,Davao Doctors Hospital,23/09/2024,A-,PRBC,2,9,39
4304,2,Davao Doctors Hospital,30/09/2024,A-,PRBC,1,9,40
4305,2,Davao Doctors Hospital,07/10/2024,A-,PRBC,1,10,41
4306,2,Davao Doctors Hospital,14/10/2024,A-,PRBC,2,10,42
4307,2,Davao Doctors Hospital,21/10/2024,A-,PRBC,1,10,43
4308,2,Davao Doctors Hospital,28/10/2024,A-,PRBC,2,10,44
4309,2,Davao Doctors Hospital,04/11/2024,A-,PRBC,1,11,45
4310,2,Davao Doctors Hospital,11/11/2024,A-,PRBC,1,11,46
4311,2,Davao Doctors Hospital,18/11/2024,A-,PRBC,1,11,47
4312,2,Davao Doctors Hospital,25/11/2024,A-,PRBC,1,11,48
4313,2,Davao Doctors Hospital,02/12/2024,A-,PRBC,1,12,49
4314,2,Davao Doctors Hospital,09/12/2024,A-,PRBC,2,12,50
4315,2,Davao Doctors Hospital,16/12/2024,A-,PRBC,1,12,51
4316,2,Davao Doctors Hospital,23/12/2024,A-,PRBC,2,12,52
4317,2,Davao Doctors Hospital,30/12/2024,A-,PRBC,1,12,53
4318,2,Davao Doctors Hospital,06/01/2025,A-,PRBC,2,1,54
4319,2,Davao Doctors Hospital,13/01/2025,A-,PRBC,1,1,55
4320,2,Davao Doctors Hospital,20/01/2025,A-,PRBC,1,1,56
4321,2,Davao Doctors Hospital,27/01/2025,A-,PRBC,1,1,57
4322,2,Davao Doctors Hospital,03/02/2025,A-,PRBC,2,2,58
4323,2,Davao Doctors Hospital,10/02/2025,A-,PRBC,2,2,59
4324,2,Davao Doctors Hospital,17/02/2025,A-,PRBC,1,2,60
4325,2,Davao Doctors Hospital,24/02/2025,A-,PRBC,1,2,61
4326,2,Davao Doctors Hospital,03/03/2025,A-,PRBC,1,3,62
4327,2,Davao Doctors Hospital,10/03/2025,A-,PRBC,1,3,63
4328,2,Davao Doctors Hospital,17/03/2025,A-,PRBC,2,3,64
4329,2,Davao Doctors Hospital,24/03/2025,A-,PRBC,1,3,65
4330,2,Davao Doctors Hospital,31/03/2025,A-,PRBC,1,3,66
4331,2,Davao Doctors Hospital,07/04/2025,A-,PRBC,1,4,67
4332,2,Davao Doctors Hospital,14/04/2025,A-,PRBC,1,4,68
4333,2,Davao Doctors Hospital,21/04/2025,A-,PRBC,2,4,69
4334,2,Davao Doctors Hospital,28/04/2025,A-,PRBC,1,4,70
4335,2,Davao Doctors Hospital,05/05/2025,A-,PRBC,1,5,71
4336,2,Davao Doctors Hospital,12/05/2025,A-,PRBC,1,5,72
4337,2,Davao Doctors Hospital,19/05/2025,A-,PRBC,1,5,73
4338,2,Davao Doctors Hospital,26/05/2025,A-,PRBC,1,5,74
4339,2,Davao Doctors Hospital,02/06/2025,A-,PRBC,1,6,75
4340,2,Davao Doctors Hospital,09/06/2025,A-,PRBC,1,6,76
4341,2,Davao Doctors Hospital,16/06/2025,A-,PRBC,1,6,77
4342,2,Davao Doctors Hospital,23/06/2025,A-,PRBC,1,6,78
4343,2,Davao Doctors Hospital,30/06/2025,A-,PRBC,1,6,79
4344,2,Davao Doctors Hospital,07/07/2025,A-,PRBC,2,7,80
4345,2,Davao Doctors Hospital,14/07/2025,A-,PRBC,1,7,81
4346,2,Davao Doctors Hospital,21/07/2025,A-,PRBC,1,7,82
4347,2,Davao Doctors Hospital,28/07/2025,A-,PRBC,1,7,83
4348,2,Davao Doctors Hospital,04/08/2025,A-,PRBC,1,8,84
4349,2,Davao Doctors Hospital,11/08/2025,A-,PRBC,2,8,85
4350,2,Davao Doctors Hospital,18/08/2025,A-,PRBC,1,8,86
4351,2,Davao Doctors Hospital,25/08/2025,A-,PRBC,1,8,87
4352,2,Davao Doctors Hospital,01/09/2025,A-,PRBC,2,9,88
4353,2,Davao Doctors Hospital,08/09/2025,A-,PRBC,1,9,89
4354,2,Davao Doctors Hospital,15/09/2025,A-,PRBC,1,9,90
4355,2,Davao Doctors Hospital,22/09/2025,A-,PRBC,2,9,91
4356,2,Davao Doctors Hospital,29/09/2025,A-,PRBC,1,9,92
4357,2,Davao Doctors Hospital,06/10/2025,A-,PRBC,2,10,93
4358,2,Davao Doctors Hospital,13/10/2025,A-,PRBC,1,10,94
4359,2,Davao Doctors Hospital,20/10/2025,A-,PRBC,2,10,95
4360,2,Davao Doctors Hospital,27/10/2025,A-,PRBC,1,10,96
4361,2,Davao Doctors Hospital,03/11/2025,A-,PRBC,1,11,97
4362,2,Davao Doctors Hospital,10/11/2025,A-,PRBC,1,11,98
4363,2,Davao Doctors Hospital,17/11/2025,A-,PRBC,1,11,99
4364,2,Davao Doctors Hospital,24/11/2025,A-,PRBC,1,11,100
4365,2,Davao Doctors Hospital,01/12/2025,A-,PRBC,1,12,101
4366,2,Davao Doctors Hospital,08/12/2025,A-,PRBC,1,12,102
4367,2,Davao Doctors Hospital,15/12/2025,A-,PRBC,2,12,103
4368,2,Davao Doctors Hospital,22/12/2025,A-,PRBC,2,12,104
4369,2,Davao Doctors Hospital,01/01/2024,A-,Platelet Concentrate,0,1,1
4370,2,Davao Doctors Hospital,08/01/2024,A-,Platelet Concentrate,1,1,2
4371,2,Davao Doctors Hospital,15/01/2024,A-,Platelet Concentrate,1,1,3
4372,2,Davao Doctors Hospital,22/01/2024,A-,Platelet Concentrate,1,1,4
4373,2,Davao Doctors Hospital,29/01/2024,A-,Platelet Concentrate,1,1,5
4374,2,Davao Doctors Hospital,05/02/2024,A-,Platelet Concentrate,1,2,6
4375,2,Davao Doctors Hospital,12/02/2024,A-,Platelet Concentrate,1,2,7
4376,2,Davao Doctors Hospital,19/02/2024,A-,Platelet Concentrate,0,2,8
4377,2,Davao Doctors Hospital,26/02/2024,A-,Platelet Concentrate,0,2,9
4378,2,Davao Doctors Hospital,04/03/2024,A-,Platelet Concentrate,0,3,10
4379,2,Davao Doctors Hospital,11/03/2024,A-,Platelet Concentrate,1,3,11
4380,2,Davao Doctors Hospital,18/03/2024,A-,Platelet Concentrate,0,3,12
4381,2,Davao Doctors Hospital,25/03/2024,A-,Platelet Concentrate,0,3,13
4382,2,Davao Doctors Hospital,01/04/2024,A-,Platelet Concentrate,0,4,14
4383,2,Davao Doctors Hospital,08/04/2024,A-,Platelet Concentrate,0,4,15
4384,2,Davao Doctors Hospital,15/04/2024,A-,Platelet Concentrate,0,4,16
4385,2,Davao Doctors Hospital,22/04/2024,A-,Platelet Concentrate,0,4,17
4386,2,Davao Doctors Hospital,29/04/2024,A-,Platelet Concentrate,0,4,18
4387,2,Davao Doctors Hospital,06/05/2024,A-,Platelet Concentrate,0,5,19
4388,2,Davao Doctors Hospital,13/05/2024,A-,Platelet Concentrate,1,5,20
4389,2,Davao Doctors Hospital,20/05/2024,A-,Platelet Concentrate,0,5,21
4390,2,Davao Doctors Hospital,27/05/2024,A-,Platelet Concentrate,0,5,22
4391,2,Davao Doctors Hospital,03/06/2024,A-,Platelet Concentrate,1,6,23
4392,2,Davao Doctors Hospital,10/06/2024,A-,Platelet Concentrate,0,6,24
4393,2,Davao Doctors Hospital,17/06/2024,A-,Platelet Concentrate,0,6,25
4394,2,Davao Doctors Hospital,24/06/2024,A-,Platelet Concentrate,1,6,26
4395,2,Davao Doctors Hospital,01/07/2024,A-,Platelet Concentrate,0,7,27
4396,2,Davao Doctors Hospital,08/07/2024,A-,Platelet Concentrate,0,7,28
4397,2,Davao Doctors Hospital,15/07/2024,A-,Platelet Concentrate,0,7,29
4398,2,Davao Doctors Hospital,22/07/2024,A-,Platelet Concentrate,1,7,30
4399,2,Davao Doctors Hospital,29/07/2024,A-,Platelet Concentrate,0,7,31
4400,2,Davao Doctors Hospital,05/08/2024,A-,Platelet Concentrate,1,8,32
4401,2,Davao Doctors Hospital,12/08/2024,A-,Platelet Concentrate,1,8,33
4402,2,Davao Doctors Hospital,19/08/2024,A-,Platelet Concentrate,0,8,34
4403,2,Davao Doctors Hospital,26/08/2024,A-,Platelet Concentrate,0,8,35
4404,2,Davao Doctors Hospital,02/09/2024,A-,Platelet Concentrate,0,9,36
4405,2,Davao Doctors Hospital,09/09/2024,A-,Platelet Concentrate,1,9,37
4406,2,Davao Doctors Hospital,16/09/2024,A-,Platelet Concentrate,0,9,38
4407,2,Davao Doctors Hospital,23/09/2024,A-,Platelet Concentrate,0,9,39
4408,2,Davao Doctors Hospital,30/09/2024,A-,Platelet Concentrate,0,9,40
4409,2,Davao Doctors Hospital,07/10/2024,A-,Platelet Concentrate,0,10,41
4410,2,Davao Doctors Hospital,14/10/2024,A-,Platelet Concentrate,0,10,42
4411,2,Davao Doctors Hospital,21/10/2024,A-,Platelet Concentrate,0,10,43
4412,2,Davao Doctors Hospital,28/10/2024,A-,Platelet Concentrate,0,10,44
4413,2,Davao Doctors Hospital,04/11/2024,A-,Platelet Concentrate,0,11,45
4414,2,Davao Doctors Hospital,11/11/2024,A-,Platelet Concentrate,1,11,46
4415,2,Davao Doctors Hospital,18/11/2024,A-,Platelet Concentrate,0,11,47
4416,2,Davao Doctors Hospital,25/11/2024,A-,Platelet Concentrate,0,11,48
4417,2,Davao Doctors Hospital,02/12/2024,A-,Platelet Concentrate,0,12,49
4418,2,Davao Doctors Hospital,09/12/2024,A-,Platelet Concentrate,1,12,50
4419,2,Davao Doctors Hospital,16/12/2024,A-,Platelet Concentrate,0,12,51
4420,2,Davao Doctors Hospital,23/12/2024,A-,Platelet Concentrate,1,12,52
4421,2,Davao Doctors Hospital,30/12/2024,A-,Platelet Concentrate,0,12,53
4422,2,Davao Doctors Hospital,06/01/2025,A-,Platelet Concentrate,0,1,54
4423,2,Davao Doctors Hospital,13/01/2025,A-,Platelet Concentrate,0,1,55
4424,2,Davao Doctors Hospital,20/01/2025,A-,Platelet Concentrate,1,1,56
4425,2,Davao Doctors Hospital,27/01/2025,A-,Platelet Concentrate,1,1,57
4426,2,Davao Doctors Hospital,03/02/2025,A-,Platelet Concentrate,1,2,58
4427,2,Davao Doctors Hospital,10/02/2025,A-,Platelet Concentrate,1,2,59
4428,2,Davao Doctors Hospital,17/02/2025,A-,Platelet Concentrate,0,2,60
4429,2,Davao Doctors Hospital,24/02/2025,A-,Platelet Concentrate,1,2,61
4430,2,Davao Doctors Hospital,03/03/2025,A-,Platelet Concentrate,1,3,62
4431,2,Davao Doctors Hospital,10/03/2025,A-,Platelet Concentrate,0,3,63
4432,2,Davao Doctors Hospital,17/03/2025,A-,Platelet Concentrate,0,3,64
4433,2,Davao Doctors Hospital,24/03/2025,A-,Platelet Concentrate,1,3,65
4434,2,Davao Doctors Hospital,31/03/2025,A-,Platelet Concentrate,0,3,66
4435,2,Davao Doctors Hospital,07/04/2025,A-,Platelet Concentrate,0,4,67
4436,2,Davao Doctors Hospital,14/04/2025,A-,Platelet Concentrate,1,4,68
4437,2,Davao Doctors Hospital,21/04/2025,A-,Platelet Concentrate,0,4,69
4438,2,Davao Doctors Hospital,28/04/2025,A-,Platelet Concentrate,0,4,70
4439,2,Davao Doctors Hospital,05/05/2025,A-,Platelet Concentrate,0,5,71
4440,2,Davao Doctors Hospital,12/05/2025,A-,Platelet Concentrate,0,5,72
4441,2,Davao Doctors Hospital,19/05/2025,A-,Platelet Concentrate,0,5,73
4442,2,Davao Doctors Hospital,26/05/2025,A-,Platelet Concentrate,1,5,74
4443,2,Davao Doctors Hospital,02/06/2025,A-,Platelet Concentrate,1,6,75
4444,2,Davao Doctors Hospital,09/06/2025,A-,Platelet Concentrate,0,6,76
4445,2,Davao Doctors Hospital,16/06/2025,A-,Platelet Concentrate,1,6,77
4446,2,Davao Doctors Hospital,23/06/2025,A-,Platelet Concentrate,0,6,78
4447,2,Davao Doctors Hospital,30/06/2025,A-,Platelet Concentrate,0,6,79
4448,2,Davao Doctors Hospital,07/07/2025,A-,Platelet Concentrate,0,7,80
4449,2,Davao Doctors Hospital,14/07/2025,A-,Platelet Concentrate,0,7,81
4450,2,Davao Doctors Hospital,21/07/2025,A-,Platelet Concentrate,0,7,82
4451,2,Davao Doctors Hospital,28/07/2025,A-,Platelet Concentrate,0,7,83
4452,2,Davao Doctors Hospital,04/08/2025,A-,Platelet Concentrate,1,8,84
4453,2,Davao Doctors Hospital,11/08/2025,A-,Platelet Concentrate,1,8,85
4454,2,Davao Doctors Hospital,18/08/2025,A-,Platelet Concentrate,0,8,86
4455,2,Davao Doctors Hospital,25/08/2025,A-,Platelet Concentrate,0,8,87
4456,2,Davao Doctors Hospital,01/09/2025,A-,Platelet Concentrate,1,9,88
4457,2,Davao Doctors Hospital,08/09/2025,A-,Platelet Concentrate,0,9,89
4458,2,Davao Doctors Hospital,15/09/2025,A-,Platelet Concentrate,0,9,90
4459,2,Davao Doctors Hospital,22/09/2025,A-,Platelet Concentrate,0,9,91
4460,2,Davao Doctors Hospital,29/09/2025,A-,Platelet Concentrate,0,9,92
4461,2,Davao Doctors Hospital,06/10/2025,A-,Platelet Concentrate,0,10,93
4462,2,Davao Doctors Hospital,13/10/2025,A-,Platelet Concentrate,1,10,94
4463,2,Davao Doctors Hospital,20/10/2025,A-,Platelet Concentrate,0,10,95
4464,2,Davao Doctors Hospital,27/10/2025,A-,Platelet Concentrate,1,10,96
4465,2,Davao Doctors Hospital,03/11/2025,A-,Platelet Concentrate,0,11,97
4466,2,Davao Doctors Hospital,10/11/2025,A-,Platelet Concentrate,0,11,98
4467,2,Davao Doctors Hospital,17/11/2025,A-,Platelet Concentrate,0,11,99
4468,2,Davao Doctors Hospital,24/11/2025,A-,Platelet Concentrate,0,11,100
4469,2,Davao Doctors Hospital,01/12/2025,A-,Platelet Concentrate,0,12,101
4470,2,Davao Doctors Hospital,08/12/2025,A-,Platelet Concentrate,0,12,102
4471,2,Davao Doctors Hospital,15/12/2025,A-,Platelet Concentrate,1,12,103
4472,2,Davao Doctors Hospital,22/12/2025,A-,Platelet Concentrate,0,12,104
4473,2,Davao Doctors Hospital,01/01/2024,A-,FFP,0,1,1
4474,2,Davao Doctors Hospital,08/01/2024,A-,FFP,0,1,2
4475,2,Davao Doctors Hospital,15/01/2024,A-,FFP,1,1,3
4476,2,Davao Doctors Hospital,22/01/2024,A-,FFP,1,1,4
4477,2,Davao Doctors Hospital,29/01/2024,A-,FFP,0,1,5
4478,2,Davao Doctors Hospital,05/02/2024,A-,FFP,0,2,6
4479,2,Davao Doctors Hospital,12/02/2024,A-,FFP,1,2,7
4480,2,Davao Doctors Hospital,19/02/2024,A-,FFP,1,2,8
4481,2,Davao Doctors Hospital,26/02/2024,A-,FFP,1,2,9
4482,2,Davao Doctors Hospital,04/03/2024,A-,FFP,1,3,10
4483,2,Davao Doctors Hospital,11/03/2024,A-,FFP,0,3,11
4484,2,Davao Doctors Hospital,18/03/2024,A-,FFP,1,3,12
4485,2,Davao Doctors Hospital,25/03/2024,A-,FFP,1,3,13
4486,2,Davao Doctors Hospital,01/04/2024,A-,FFP,0,4,14
4487,2,Davao Doctors Hospital,08/04/2024,A-,FFP,1,4,15
4488,2,Davao Doctors Hospital,15/04/2024,A-,FFP,0,4,16
4489,2,Davao Doctors Hospital,22/04/2024,A-,FFP,1,4,17
4490,2,Davao Doctors Hospital,29/04/2024,A-,FFP,1,4,18
4491,2,Davao Doctors Hospital,06/05/2024,A-,FFP,0,5,19
4492,2,Davao Doctors Hospital,13/05/2024,A-,FFP,0,5,20
4493,2,Davao Doctors Hospital,20/05/2024,A-,FFP,0,5,21
4494,2,Davao Doctors Hospital,27/05/2024,A-,FFP,0,5,22
4495,2,Davao Doctors Hospital,03/06/2024,A-,FFP,1,6,23
4496,2,Davao Doctors Hospital,10/06/2024,A-,FFP,1,6,24
4497,2,Davao Doctors Hospital,17/06/2024,A-,FFP,1,6,25
4498,2,Davao Doctors Hospital,24/06/2024,A-,FFP,0,6,26
4499,2,Davao Doctors Hospital,01/07/2024,A-,FFP,0,7,27
4500,2,Davao Doctors Hospital,08/07/2024,A-,FFP,0,7,28
4501,2,Davao Doctors Hospital,15/07/2024,A-,FFP,1,7,29
4502,2,Davao Doctors Hospital,22/07/2024,A-,FFP,0,7,30
4503,2,Davao Doctors Hospital,29/07/2024,A-,FFP,0,7,31
4504,2,Davao Doctors Hospital,05/08/2024,A-,FFP,1,8,32
4505,2,Davao Doctors Hospital,12/08/2024,A-,FFP,1,8,33
4506,2,Davao Doctors Hospital,19/08/2024,A-,FFP,0,8,34
4507,2,Davao Doctors Hospital,26/08/2024,A-,FFP,1,8,35
4508,2,Davao Doctors Hospital,02/09/2024,A-,FFP,0,9,36
4509,2,Davao Doctors Hospital,09/09/2024,A-,FFP,1,9,37
4510,2,Davao Doctors Hospital,16/09/2024,A-,FFP,1,9,38
4511,2,Davao Doctors Hospital,23/09/2024,A-,FFP,0,9,39
4512,2,Davao Doctors Hospital,30/09/2024,A-,FFP,0,9,40
4513,2,Davao Doctors Hospital,07/10/2024,A-,FFP,1,10,41
4514,2,Davao Doctors Hospital,14/10/2024,A-,FFP,0,10,42
4515,2,Davao Doctors Hospital,21/10/2024,A-,FFP,1,10,43
4516,2,Davao Doctors Hospital,28/10/2024,A-,FFP,1,10,44
4517,2,Davao Doctors Hospital,04/11/2024,A-,FFP,0,11,45
4518,2,Davao Doctors Hospital,11/11/2024,A-,FFP,1,11,46
4519,2,Davao Doctors Hospital,18/11/2024,A-,FFP,1,11,47
4520,2,Davao Doctors Hospital,25/11/2024,A-,FFP,1,11,48
4521,2,Davao Doctors Hospital,02/12/2024,A-,FFP,0,12,49
4522,2,Davao Doctors Hospital,09/12/2024,A-,FFP,0,12,50
4523,2,Davao Doctors Hospital,16/12/2024,A-,FFP,1,12,51
4524,2,Davao Doctors Hospital,23/12/2024,A-,FFP,0,12,52
4525,2,Davao Doctors Hospital,30/12/2024,A-,FFP,1,12,53
4526,2,Davao Doctors Hospital,06/01/2025,A-,FFP,1,1,54
4527,2,Davao Doctors Hospital,13/01/2025,A-,FFP,0,1,55
4528,2,Davao Doctors Hospital,20/01/2025,A-,FFP,1,1,56
4529,2,Davao Doctors Hospital,27/01/2025,A-,FFP,0,1,57
4530,2,Davao Doctors Hospital,03/02/2025,A-,FFP,0,2,58
4531,2,Davao Doctors Hospital,10/02/2025,A-,FFP,0,2,59
4532,2,Davao Doctors Hospital,17/02/2025,A-,FFP,0,2,60
4533,2,Davao Doctors Hospital,24/02/2025,A-,FFP,1,2,61
4534,2,Davao Doctors Hospital,03/03/2025,A-,FFP,0,3,62
4535,2,Davao Doctors Hospital,10/03/2025,A-,FFP,0,3,63
4536,2,Davao Doctors Hospital,17/03/2025,A-,FFP,1,3,64
4537,2,Davao Doctors Hospital,24/03/2025,A-,FFP,0,3,65
4538,2,Davao Doctors Hospital,31/03/2025,A-,FFP,1,3,66
4539,2,Davao Doctors Hospital,07/04/2025,A-,FFP,0,4,67
4540,2,Davao Doctors Hospital,14/04/2025,A-,FFP,0,4,68
4541,2,Davao Doctors Hospital,21/04/2025,A-,FFP,1,4,69
4542,2,Davao Doctors Hospital,28/04/2025,A-,FFP,0,4,70
4543,2,Davao Doctors Hospital,05/05/2025,A-,FFP,1,5,71
4544,2,Davao Doctors Hospital,12/05/2025,A-,FFP,0,5,72
4545,2,Davao Doctors Hospital,19/05/2025,A-,FFP,1,5,73
4546,2,Davao Doctors Hospital,26/05/2025,A-,FFP,0,5,74
4547,2,Davao Doctors Hospital,02/06/2025,A-,FFP,0,6,75
4548,2,Davao Doctors Hospital,09/06/2025,A-,FFP,0,6,76
4549,2,Davao Doctors Hospital,16/06/2025,A-,FFP,1,6,77
4550,2,Davao Doctors Hospital,23/06/2025,A-,FFP,1,6,78
4551,2,Davao Doctors Hospital,30/06/2025,A-,FFP,1,6,79
4552,2,Davao Doctors Hospital,07/07/2025,A-,FFP,1,7,80
4553,2,Davao Doctors Hospital,14/07/2025,A-,FFP,0,7,81
4554,2,Davao Doctors Hospital,21/07/2025,A-,FFP,1,7,82
4555,2,Davao Doctors Hospital,28/07/2025,A-,FFP,0,7,83
4556,2,Davao Doctors Hospital,04/08/2025,A-,FFP,1,8,84
4557,2,Davao Doctors Hospital,11/08/2025,A-,FFP,0,8,85
4558,2,Davao Doctors Hospital,18/08/2025,A-,FFP,0,8,86
4559,2,Davao Doctors Hospital,25/08/2025,A-,FFP,1,8,87
4560,2,Davao Doctors Hospital,01/09/2025,A-,FFP,0,9,88
4561,2,Davao Doctors Hospital,08/09/2025,A-,FFP,1,9,89
4562,2,Davao Doctors Hospital,15/09/2025,A-,FFP,1,9,90
4563,2,Davao Doctors Hospital,22/09/2025,A-,FFP,1,9,91
4564,2,Davao Doctors Hospital,29/09/2025,A-,FFP,1,9,92
4565,2,Davao Doctors Hospital,06/10/2025,A-,FFP,1,10,93
4566,2,Davao Doctors Hospital,13/10/2025,A-,FFP,1,10,94
4567,2,Davao Doctors Hospital,20/10/2025,A-,FFP,0,10,95
4568,2,Davao Doctors Hospital,27/10/2025,A-,FFP,1,10,96
4569,2,Davao Doctors Hospital,03/11/2025,A-,FFP,1,11,97
4570,2,Davao Doctors Hospital,10/11/2025,A-,FFP,0,11,98
4571,2,Davao Doctors Hospital,17/11/2025,A-,FFP,0,11,99
4572,2,Davao Doctors Hospital,24/11/2025,A-,FFP,1,11,100
4573,2,Davao Doctors Hospital,01/12/2025,A-,FFP,1,12,101
4574,2,Davao Doctors Hospital,08/12/2025,A-,FFP,1,12,102
4575,2,Davao Doctors Hospital,15/12/2025,A-,FFP,0,12,103
4576,2,Davao Doctors Hospital,22/12/2025,A-,FFP,1,12,104
4577,2,Davao Doctors Hospital,01/01/2024,B+,PRBC,5,1,1
4578,2,Davao Doctors Hospital,08/01/2024,B+,PRBC,5,1,2
4579,2,Davao Doctors Hospital,15/01/2024,B+,PRBC,5,1,3
4580,2,Davao Doctors Hospital,22/01/2024,B+,PRBC,5,1,4
4581,2,Davao Doctors Hospital,29/01/2024,B+,PRBC,5,1,5
4582,2,Davao Doctors Hospital,05/02/2024,B+,PRBC,4,2,6
4583,2,Davao Doctors Hospital,12/02/2024,B+,PRBC,5,2,7
4584,2,Davao Doctors Hospital,19/02/2024,B+,PRBC,5,2,8
4585,2,Davao Doctors Hospital,26/02/2024,B+,PRBC,5,2,9
4586,2,Davao Doctors Hospital,04/03/2024,B+,PRBC,4,3,10
4587,2,Davao Doctors Hospital,11/03/2024,B+,PRBC,4,3,11
4588,2,Davao Doctors Hospital,18/03/2024,B+,PRBC,5,3,12
4589,2,Davao Doctors Hospital,25/03/2024,B+,PRBC,4,3,13
4590,2,Davao Doctors Hospital,01/04/2024,B+,PRBC,5,4,14
4591,2,Davao Doctors Hospital,08/04/2024,B+,PRBC,4,4,15
4592,2,Davao Doctors Hospital,15/04/2024,B+,PRBC,3,4,16
4593,2,Davao Doctors Hospital,22/04/2024,B+,PRBC,5,4,17
4594,2,Davao Doctors Hospital,29/04/2024,B+,PRBC,5,4,18
4595,2,Davao Doctors Hospital,06/05/2024,B+,PRBC,4,5,19
4596,2,Davao Doctors Hospital,13/05/2024,B+,PRBC,6,5,20
4597,2,Davao Doctors Hospital,20/05/2024,B+,PRBC,5,5,21
4598,2,Davao Doctors Hospital,27/05/2024,B+,PRBC,5,5,22
4599,2,Davao Doctors Hospital,03/06/2024,B+,PRBC,4,6,23
4600,2,Davao Doctors Hospital,10/06/2024,B+,PRBC,4,6,24
4601,2,Davao Doctors Hospital,17/06/2024,B+,PRBC,5,6,25
4602,2,Davao Doctors Hospital,24/06/2024,B+,PRBC,5,6,26
4603,2,Davao Doctors Hospital,01/07/2024,B+,PRBC,4,7,27
4604,2,Davao Doctors Hospital,08/07/2024,B+,PRBC,4,7,28
4605,2,Davao Doctors Hospital,15/07/2024,B+,PRBC,4,7,29
4606,2,Davao Doctors Hospital,22/07/2024,B+,PRBC,6,7,30
4607,2,Davao Doctors Hospital,29/07/2024,B+,PRBC,4,7,31
4608,2,Davao Doctors Hospital,05/08/2024,B+,PRBC,5,8,32
4609,2,Davao Doctors Hospital,12/08/2024,B+,PRBC,5,8,33
4610,2,Davao Doctors Hospital,19/08/2024,B+,PRBC,3,8,34
4611,2,Davao Doctors Hospital,26/08/2024,B+,PRBC,4,8,35
4612,2,Davao Doctors Hospital,02/09/2024,B+,PRBC,5,9,36
4613,2,Davao Doctors Hospital,09/09/2024,B+,PRBC,6,9,37
4614,2,Davao Doctors Hospital,16/09/2024,B+,PRBC,4,9,38
4615,2,Davao Doctors Hospital,23/09/2024,B+,PRBC,3,9,39
4616,2,Davao Doctors Hospital,30/09/2024,B+,PRBC,4,9,40
4617,2,Davao Doctors Hospital,07/10/2024,B+,PRBC,5,10,41
4618,2,Davao Doctors Hospital,14/10/2024,B+,PRBC,3,10,42
4619,2,Davao Doctors Hospital,21/10/2024,B+,PRBC,6,10,43
4620,2,Davao Doctors Hospital,28/10/2024,B+,PRBC,5,10,44
4621,2,Davao Doctors Hospital,04/11/2024,B+,PRBC,5,11,45
4622,2,Davao Doctors Hospital,11/11/2024,B+,PRBC,4,11,46
4623,2,Davao Doctors Hospital,18/11/2024,B+,PRBC,5,11,47
4624,2,Davao Doctors Hospital,25/11/2024,B+,PRBC,5,11,48
4625,2,Davao Doctors Hospital,02/12/2024,B+,PRBC,6,12,49
4626,2,Davao Doctors Hospital,09/12/2024,B+,PRBC,6,12,50
4627,2,Davao Doctors Hospital,16/12/2024,B+,PRBC,5,12,51
4628,2,Davao Doctors Hospital,23/12/2024,B+,PRBC,4,12,52
4629,2,Davao Doctors Hospital,30/12/2024,B+,PRBC,4,12,53
4630,2,Davao Doctors Hospital,06/01/2025,B+,PRBC,4,1,54
4631,2,Davao Doctors Hospital,13/01/2025,B+,PRBC,5,1,55
4632,2,Davao Doctors Hospital,20/01/2025,B+,PRBC,5,1,56
4633,2,Davao Doctors Hospital,27/01/2025,B+,PRBC,5,1,57
4634,2,Davao Doctors Hospital,03/02/2025,B+,PRBC,4,2,58
4635,2,Davao Doctors Hospital,10/02/2025,B+,PRBC,4,2,59
4636,2,Davao Doctors Hospital,17/02/2025,B+,PRBC,5,2,60
4637,2,Davao Doctors Hospital,24/02/2025,B+,PRBC,3,2,61
4638,2,Davao Doctors Hospital,03/03/2025,B+,PRBC,4,3,62
4639,2,Davao Doctors Hospital,10/03/2025,B+,PRBC,5,3,63
4640,2,Davao Doctors Hospital,17/03/2025,B+,PRBC,4,3,64
4641,2,Davao Doctors Hospital,24/03/2025,B+,PRBC,5,3,65
4642,2,Davao Doctors Hospital,31/03/2025,B+,PRBC,4,3,66
4643,2,Davao Doctors Hospital,07/04/2025,B+,PRBC,4,4,67
4644,2,Davao Doctors Hospital,14/04/2025,B+,PRBC,5,4,68
4645,2,Davao Doctors Hospital,21/04/2025,B+,PRBC,4,4,69
4646,2,Davao Doctors Hospital,28/04/2025,B+,PRBC,5,4,70
4647,2,Davao Doctors Hospital,05/05/2025,B+,PRBC,5,5,71
4648,2,Davao Doctors Hospital,12/05/2025,B+,PRBC,6,5,72
4649,2,Davao Doctors Hospital,19/05/2025,B+,PRBC,5,5,73
4650,2,Davao Doctors Hospital,26/05/2025,B+,PRBC,4,5,74
4651,2,Davao Doctors Hospital,02/06/2025,B+,PRBC,6,6,75
4652,2,Davao Doctors Hospital,09/06/2025,B+,PRBC,4,6,76
4653,2,Davao Doctors Hospital,16/06/2025,B+,PRBC,5,6,77
4654,2,Davao Doctors Hospital,23/06/2025,B+,PRBC,5,6,78
4655,2,Davao Doctors Hospital,30/06/2025,B+,PRBC,4,6,79
4656,2,Davao Doctors Hospital,07/07/2025,B+,PRBC,6,7,80
4657,2,Davao Doctors Hospital,14/07/2025,B+,PRBC,4,7,81
4658,2,Davao Doctors Hospital,21/07/2025,B+,PRBC,4,7,82
4659,2,Davao Doctors Hospital,28/07/2025,B+,PRBC,5,7,83
4660,2,Davao Doctors Hospital,04/08/2025,B+,PRBC,5,8,84
4661,2,Davao Doctors Hospital,11/08/2025,B+,PRBC,5,8,85
4662,2,Davao Doctors Hospital,18/08/2025,B+,PRBC,4,8,86
4663,2,Davao Doctors Hospital,25/08/2025,B+,PRBC,5,8,87
4664,2,Davao Doctors Hospital,01/09/2025,B+,PRBC,5,9,88
4665,2,Davao Doctors Hospital,08/09/2025,B+,PRBC,6,9,89
4666,2,Davao Doctors Hospital,15/09/2025,B+,PRBC,4,9,90
4667,2,Davao Doctors Hospital,22/09/2025,B+,PRBC,4,9,91
4668,2,Davao Doctors Hospital,29/09/2025,B+,PRBC,5,9,92
4669,2,Davao Doctors Hospital,06/10/2025,B+,PRBC,4,10,93
4670,2,Davao Doctors Hospital,13/10/2025,B+,PRBC,4,10,94
4671,2,Davao Doctors Hospital,20/10/2025,B+,PRBC,5,10,95
4672,2,Davao Doctors Hospital,27/10/2025,B+,PRBC,5,10,96
4673,2,Davao Doctors Hospital,03/11/2025,B+,PRBC,7,11,97
4674,2,Davao Doctors Hospital,10/11/2025,B+,PRBC,5,11,98
4675,2,Davao Doctors Hospital,17/11/2025,B+,PRBC,6,11,99
4676,2,Davao Doctors Hospital,24/11/2025,B+,PRBC,5,11,100
4677,2,Davao Doctors Hospital,01/12/2025,B+,PRBC,6,12,101
4678,2,Davao Doctors Hospital,08/12/2025,B+,PRBC,5,12,102
4679,2,Davao Doctors Hospital,15/12/2025,B+,PRBC,7,12,103
4680,2,Davao Doctors Hospital,22/12/2025,B+,PRBC,5,12,104
4681,2,Davao Doctors Hospital,01/01/2024,B+,Platelet Concentrate,1,1,1
4682,2,Davao Doctors Hospital,08/01/2024,B+,Platelet Concentrate,2,1,2
4683,2,Davao Doctors Hospital,15/01/2024,B+,Platelet Concentrate,1,1,3
4684,2,Davao Doctors Hospital,22/01/2024,B+,Platelet Concentrate,1,1,4
4685,2,Davao Doctors Hospital,29/01/2024,B+,Platelet Concentrate,2,1,5
4686,2,Davao Doctors Hospital,05/02/2024,B+,Platelet Concentrate,1,2,6
4687,2,Davao Doctors Hospital,12/02/2024,B+,Platelet Concentrate,1,2,7
4688,2,Davao Doctors Hospital,19/02/2024,B+,Platelet Concentrate,1,2,8
4689,2,Davao Doctors Hospital,26/02/2024,B+,Platelet Concentrate,1,2,9
4690,2,Davao Doctors Hospital,04/03/2024,B+,Platelet Concentrate,1,3,10
4691,2,Davao Doctors Hospital,11/03/2024,B+,Platelet Concentrate,2,3,11
4692,2,Davao Doctors Hospital,18/03/2024,B+,Platelet Concentrate,1,3,12
4693,2,Davao Doctors Hospital,25/03/2024,B+,Platelet Concentrate,1,3,13
4694,2,Davao Doctors Hospital,01/04/2024,B+,Platelet Concentrate,2,4,14
4695,2,Davao Doctors Hospital,08/04/2024,B+,Platelet Concentrate,1,4,15
4696,2,Davao Doctors Hospital,15/04/2024,B+,Platelet Concentrate,1,4,16
4697,2,Davao Doctors Hospital,22/04/2024,B+,Platelet Concentrate,2,4,17
4698,2,Davao Doctors Hospital,29/04/2024,B+,Platelet Concentrate,1,4,18
4699,2,Davao Doctors Hospital,06/05/2024,B+,Platelet Concentrate,2,5,19
4700,2,Davao Doctors Hospital,13/05/2024,B+,Platelet Concentrate,1,5,20
4701,2,Davao Doctors Hospital,20/05/2024,B+,Platelet Concentrate,2,5,21
4702,2,Davao Doctors Hospital,27/05/2024,B+,Platelet Concentrate,1,5,22
4703,2,Davao Doctors Hospital,03/06/2024,B+,Platelet Concentrate,2,6,23
4704,2,Davao Doctors Hospital,10/06/2024,B+,Platelet Concentrate,1,6,24
4705,2,Davao Doctors Hospital,17/06/2024,B+,Platelet Concentrate,1,6,25
4706,2,Davao Doctors Hospital,24/06/2024,B+,Platelet Concentrate,0,6,26
4707,2,Davao Doctors Hospital,01/07/2024,B+,Platelet Concentrate,1,7,27
4708,2,Davao Doctors Hospital,08/07/2024,B+,Platelet Concentrate,1,7,28
4709,2,Davao Doctors Hospital,15/07/2024,B+,Platelet Concentrate,1,7,29
4710,2,Davao Doctors Hospital,22/07/2024,B+,Platelet Concentrate,1,7,30
4711,2,Davao Doctors Hospital,29/07/2024,B+,Platelet Concentrate,1,7,31
4712,2,Davao Doctors Hospital,05/08/2024,B+,Platelet Concentrate,1,8,32
4713,2,Davao Doctors Hospital,12/08/2024,B+,Platelet Concentrate,2,8,33
4714,2,Davao Doctors Hospital,19/08/2024,B+,Platelet Concentrate,1,8,34
4715,2,Davao Doctors Hospital,26/08/2024,B+,Platelet Concentrate,1,8,35
4716,2,Davao Doctors Hospital,02/09/2024,B+,Platelet Concentrate,1,9,36
4717,2,Davao Doctors Hospital,09/09/2024,B+,Platelet Concentrate,1,9,37
4718,2,Davao Doctors Hospital,16/09/2024,B+,Platelet Concentrate,2,9,38
4719,2,Davao Doctors Hospital,23/09/2024,B+,Platelet Concentrate,1,9,39
4720,2,Davao Doctors Hospital,30/09/2024,B+,Platelet Concentrate,1,9,40
4721,2,Davao Doctors Hospital,07/10/2024,B+,Platelet Concentrate,2,10,41
4722,2,Davao Doctors Hospital,14/10/2024,B+,Platelet Concentrate,2,10,42
4723,2,Davao Doctors Hospital,21/10/2024,B+,Platelet Concentrate,1,10,43
4724,2,Davao Doctors Hospital,28/10/2024,B+,Platelet Concentrate,1,10,44
4725,2,Davao Doctors Hospital,04/11/2024,B+,Platelet Concentrate,1,11,45
4726,2,Davao Doctors Hospital,11/11/2024,B+,Platelet Concentrate,2,11,46
4727,2,Davao Doctors Hospital,18/11/2024,B+,Platelet Concentrate,2,11,47
4728,2,Davao Doctors Hospital,25/11/2024,B+,Platelet Concentrate,1,11,48
4729,2,Davao Doctors Hospital,02/12/2024,B+,Platelet Concentrate,2,12,49
4730,2,Davao Doctors Hospital,09/12/2024,B+,Platelet Concentrate,1,12,50
4731,2,Davao Doctors Hospital,16/12/2024,B+,Platelet Concentrate,1,12,51
4732,2,Davao Doctors Hospital,23/12/2024,B+,Platelet Concentrate,2,12,52
4733,2,Davao Doctors Hospital,30/12/2024,B+,Platelet Concentrate,2,12,53
4734,2,Davao Doctors Hospital,06/01/2025,B+,Platelet Concentrate,2,1,54
4735,2,Davao Doctors Hospital,13/01/2025,B+,Platelet Concentrate,1,1,55
4736,2,Davao Doctors Hospital,20/01/2025,B+,Platelet Concentrate,1,1,56
4737,2,Davao Doctors Hospital,27/01/2025,B+,Platelet Concentrate,1,1,57
4738,2,Davao Doctors Hospital,03/02/2025,B+,Platelet Concentrate,1,2,58
4739,2,Davao Doctors Hospital,10/02/2025,B+,Platelet Concentrate,1,2,59
4740,2,Davao Doctors Hospital,17/02/2025,B+,Platelet Concentrate,1,2,60
4741,2,Davao Doctors Hospital,24/02/2025,B+,Platelet Concentrate,2,2,61
4742,2,Davao Doctors Hospital,03/03/2025,B+,Platelet Concentrate,1,3,62
4743,2,Davao Doctors Hospital,10/03/2025,B+,Platelet Concentrate,2,3,63
4744,2,Davao Doctors Hospital,17/03/2025,B+,Platelet Concentrate,1,3,64
4745,2,Davao Doctors Hospital,24/03/2025,B+,Platelet Concentrate,1,3,65
4746,2,Davao Doctors Hospital,31/03/2025,B+,Platelet Concentrate,1,3,66
4747,2,Davao Doctors Hospital,07/04/2025,B+,Platelet Concentrate,1,4,67
4748,2,Davao Doctors Hospital,14/04/2025,B+,Platelet Concentrate,1,4,68
4749,2,Davao Doctors Hospital,21/04/2025,B+,Platelet Concentrate,1,4,69
4750,2,Davao Doctors Hospital,28/04/2025,B+,Platelet Concentrate,2,4,70
4751,2,Davao Doctors Hospital,05/05/2025,B+,Platelet Concentrate,1,5,71
4752,2,Davao Doctors Hospital,12/05/2025,B+,Platelet Concentrate,1,5,72
4753,2,Davao Doctors Hospital,19/05/2025,B+,Platelet Concentrate,1,5,73
4754,2,Davao Doctors Hospital,26/05/2025,B+,Platelet Concentrate,1,5,74
4755,2,Davao Doctors Hospital,02/06/2025,B+,Platelet Concentrate,2,6,75
4756,2,Davao Doctors Hospital,09/06/2025,B+,Platelet Concentrate,2,6,76
4757,2,Davao Doctors Hospital,16/06/2025,B+,Platelet Concentrate,1,6,77
4758,2,Davao Doctors Hospital,23/06/2025,B+,Platelet Concentrate,1,6,78
4759,2,Davao Doctors Hospital,30/06/2025,B+,Platelet Concentrate,1,6,79
4760,2,Davao Doctors Hospital,07/07/2025,B+,Platelet Concentrate,1,7,80
4761,2,Davao Doctors Hospital,14/07/2025,B+,Platelet Concentrate,2,7,81
4762,2,Davao Doctors Hospital,21/07/2025,B+,Platelet Concentrate,2,7,82
4763,2,Davao Doctors Hospital,28/07/2025,B+,Platelet Concentrate,1,7,83
4764,2,Davao Doctors Hospital,04/08/2025,B+,Platelet Concentrate,1,8,84
4765,2,Davao Doctors Hospital,11/08/2025,B+,Platelet Concentrate,1,8,85
4766,2,Davao Doctors Hospital,18/08/2025,B+,Platelet Concentrate,1,8,86
4767,2,Davao Doctors Hospital,25/08/2025,B+,Platelet Concentrate,1,8,87
4768,2,Davao Doctors Hospital,01/09/2025,B+,Platelet Concentrate,1,9,88
4769,2,Davao Doctors Hospital,08/09/2025,B+,Platelet Concentrate,2,9,89
4770,2,Davao Doctors Hospital,15/09/2025,B+,Platelet Concentrate,1,9,90
4771,2,Davao Doctors Hospital,22/09/2025,B+,Platelet Concentrate,1,9,91
4772,2,Davao Doctors Hospital,29/09/2025,B+,Platelet Concentrate,1,9,92
4773,2,Davao Doctors Hospital,06/10/2025,B+,Platelet Concentrate,1,10,93
4774,2,Davao Doctors Hospital,13/10/2025,B+,Platelet Concentrate,1,10,94
4775,2,Davao Doctors Hospital,20/10/2025,B+,Platelet Concentrate,1,10,95
4776,2,Davao Doctors Hospital,27/10/2025,B+,Platelet Concentrate,2,10,96
4777,2,Davao Doctors Hospital,03/11/2025,B+,Platelet Concentrate,1,11,97
4778,2,Davao Doctors Hospital,10/11/2025,B+,Platelet Concentrate,2,11,98
4779,2,Davao Doctors Hospital,17/11/2025,B+,Platelet Concentrate,1,11,99
4780,2,Davao Doctors Hospital,24/11/2025,B+,Platelet Concentrate,1,11,100
4781,2,Davao Doctors Hospital,01/12/2025,B+,Platelet Concentrate,1,12,101
4782,2,Davao Doctors Hospital,08/12/2025,B+,Platelet Concentrate,2,12,102
4783,2,Davao Doctors Hospital,15/12/2025,B+,Platelet Concentrate,1,12,103
4784,2,Davao Doctors Hospital,22/12/2025,B+,Platelet Concentrate,2,12,104
4785,2,Davao Doctors Hospital,01/01/2024,B+,FFP,1,1,1
4786,2,Davao Doctors Hospital,08/01/2024,B+,FFP,2,1,2
4787,2,Davao Doctors Hospital,15/01/2024,B+,FFP,2,1,3
4788,2,Davao Doctors Hospital,22/01/2024,B+,FFP,2,1,4
4789,2,Davao Doctors Hospital,29/01/2024,B+,FFP,2,1,5
4790,2,Davao Doctors Hospital,05/02/2024,B+,FFP,2,2,6
4791,2,Davao Doctors Hospital,12/02/2024,B+,FFP,2,2,7
4792,2,Davao Doctors Hospital,19/02/2024,B+,FFP,1,2,8
4793,2,Davao Doctors Hospital,26/02/2024,B+,FFP,1,2,9
4794,2,Davao Doctors Hospital,04/03/2024,B+,FFP,2,3,10
4795,2,Davao Doctors Hospital,11/03/2024,B+,FFP,2,3,11
4796,2,Davao Doctors Hospital,18/03/2024,B+,FFP,2,3,12
4797,2,Davao Doctors Hospital,25/03/2024,B+,FFP,2,3,13
4798,2,Davao Doctors Hospital,01/04/2024,B+,FFP,2,4,14
4799,2,Davao Doctors Hospital,08/04/2024,B+,FFP,2,4,15
4800,2,Davao Doctors Hospital,15/04/2024,B+,FFP,1,4,16
4801,2,Davao Doctors Hospital,22/04/2024,B+,FFP,1,4,17
4802,2,Davao Doctors Hospital,29/04/2024,B+,FFP,2,4,18
4803,2,Davao Doctors Hospital,06/05/2024,B+,FFP,2,5,19
4804,2,Davao Doctors Hospital,13/05/2024,B+,FFP,1,5,20
4805,2,Davao Doctors Hospital,20/05/2024,B+,FFP,2,5,21
4806,2,Davao Doctors Hospital,27/05/2024,B+,FFP,2,5,22
4807,2,Davao Doctors Hospital,03/06/2024,B+,FFP,1,6,23
4808,2,Davao Doctors Hospital,10/06/2024,B+,FFP,2,6,24
4809,2,Davao Doctors Hospital,17/06/2024,B+,FFP,2,6,25
4810,2,Davao Doctors Hospital,24/06/2024,B+,FFP,1,6,26
4811,2,Davao Doctors Hospital,01/07/2024,B+,FFP,2,7,27
4812,2,Davao Doctors Hospital,08/07/2024,B+,FFP,2,7,28
4813,2,Davao Doctors Hospital,15/07/2024,B+,FFP,2,7,29
4814,2,Davao Doctors Hospital,22/07/2024,B+,FFP,1,7,30
4815,2,Davao Doctors Hospital,29/07/2024,B+,FFP,2,7,31
4816,2,Davao Doctors Hospital,05/08/2024,B+,FFP,2,8,32
4817,2,Davao Doctors Hospital,12/08/2024,B+,FFP,2,8,33
4818,2,Davao Doctors Hospital,19/08/2024,B+,FFP,2,8,34
4819,2,Davao Doctors Hospital,26/08/2024,B+,FFP,1,8,35
4820,2,Davao Doctors Hospital,02/09/2024,B+,FFP,1,9,36
4821,2,Davao Doctors Hospital,09/09/2024,B+,FFP,2,9,37
4822,2,Davao Doctors Hospital,16/09/2024,B+,FFP,1,9,38
4823,2,Davao Doctors Hospital,23/09/2024,B+,FFP,2,9,39
4824,2,Davao Doctors Hospital,30/09/2024,B+,FFP,2,9,40
4825,2,Davao Doctors Hospital,07/10/2024,B+,FFP,2,10,41
4826,2,Davao Doctors Hospital,14/10/2024,B+,FFP,1,10,42
4827,2,Davao Doctors Hospital,21/10/2024,B+,FFP,2,10,43
4828,2,Davao Doctors Hospital,28/10/2024,B+,FFP,2,10,44
4829,2,Davao Doctors Hospital,04/11/2024,B+,FFP,2,11,45
4830,2,Davao Doctors Hospital,11/11/2024,B+,FFP,2,11,46
4831,2,Davao Doctors Hospital,18/11/2024,B+,FFP,2,11,47
4832,2,Davao Doctors Hospital,25/11/2024,B+,FFP,2,11,48
4833,2,Davao Doctors Hospital,02/12/2024,B+,FFP,2,12,49
4834,2,Davao Doctors Hospital,09/12/2024,B+,FFP,1,12,50
4835,2,Davao Doctors Hospital,16/12/2024,B+,FFP,2,12,51
4836,2,Davao Doctors Hospital,23/12/2024,B+,FFP,2,12,52
4837,2,Davao Doctors Hospital,30/12/2024,B+,FFP,2,12,53
4838,2,Davao Doctors Hospital,06/01/2025,B+,FFP,2,1,54
4839,2,Davao Doctors Hospital,13/01/2025,B+,FFP,1,1,55
4840,2,Davao Doctors Hospital,20/01/2025,B+,FFP,2,1,56
4841,2,Davao Doctors Hospital,27/01/2025,B+,FFP,1,1,57
4842,2,Davao Doctors Hospital,03/02/2025,B+,FFP,2,2,58
4843,2,Davao Doctors Hospital,10/02/2025,B+,FFP,2,2,59
4844,2,Davao Doctors Hospital,17/02/2025,B+,FFP,2,2,60
4845,2,Davao Doctors Hospital,24/02/2025,B+,FFP,2,2,61
4846,2,Davao Doctors Hospital,03/03/2025,B+,FFP,2,3,62
4847,2,Davao Doctors Hospital,10/03/2025,B+,FFP,2,3,63
4848,2,Davao Doctors Hospital,17/03/2025,B+,FFP,2,3,64
4849,2,Davao Doctors Hospital,24/03/2025,B+,FFP,2,3,65
4850,2,Davao Doctors Hospital,31/03/2025,B+,FFP,2,3,66
4851,2,Davao Doctors Hospital,07/04/2025,B+,FFP,2,4,67
4852,2,Davao Doctors Hospital,14/04/2025,B+,FFP,2,4,68
4853,2,Davao Doctors Hospital,21/04/2025,B+,FFP,1,4,69
4854,2,Davao Doctors Hospital,28/04/2025,B+,FFP,2,4,70
4855,2,Davao Doctors Hospital,05/05/2025,B+,FFP,2,5,71
4856,2,Davao Doctors Hospital,12/05/2025,B+,FFP,2,5,72
4857,2,Davao Doctors Hospital,19/05/2025,B+,FFP,2,5,73
4858,2,Davao Doctors Hospital,26/05/2025,B+,FFP,2,5,74
4859,2,Davao Doctors Hospital,02/06/2025,B+,FFP,2,6,75
4860,2,Davao Doctors Hospital,09/06/2025,B+,FFP,2,6,76
4861,2,Davao Doctors Hospital,16/06/2025,B+,FFP,2,6,77
4862,2,Davao Doctors Hospital,23/06/2025,B+,FFP,1,6,78
4863,2,Davao Doctors Hospital,30/06/2025,B+,FFP,2,6,79
4864,2,Davao Doctors Hospital,07/07/2025,B+,FFP,2,7,80
4865,2,Davao Doctors Hospital,14/07/2025,B+,FFP,2,7,81
4866,2,Davao Doctors Hospital,21/07/2025,B+,FFP,2,7,82
4867,2,Davao Doctors Hospital,28/07/2025,B+,FFP,2,7,83
4868,2,Davao Doctors Hospital,04/08/2025,B+,FFP,2,8,84
4869,2,Davao Doctors Hospital,11/08/2025,B+,FFP,2,8,85
4870,2,Davao Doctors Hospital,18/08/2025,B+,FFP,2,8,86
4871,2,Davao Doctors Hospital,25/08/2025,B+,FFP,2,8,87
4872,2,Davao Doctors Hospital,01/09/2025,B+,FFP,2,9,88
4873,2,Davao Doctors Hospital,08/09/2025,B+,FFP,2,9,89
4874,2,Davao Doctors Hospital,15/09/2025,B+,FFP,2,9,90
4875,2,Davao Doctors Hospital,22/09/2025,B+,FFP,2,9,91
4876,2,Davao Doctors Hospital,29/09/2025,B+,FFP,2,9,92
4877,2,Davao Doctors Hospital,06/10/2025,B+,FFP,2,10,93
4878,2,Davao Doctors Hospital,13/10/2025,B+,FFP,2,10,94
4879,2,Davao Doctors Hospital,20/10/2025,B+,FFP,2,10,95
4880,2,Davao Doctors Hospital,27/10/2025,B+,FFP,2,10,96
4881,2,Davao Doctors Hospital,03/11/2025,B+,FFP,2,11,97
4882,2,Davao Doctors Hospital,10/11/2025,B+,FFP,2,11,98
4883,2,Davao Doctors Hospital,17/11/2025,B+,FFP,1,11,99
4884,2,Davao Doctors Hospital,24/11/2025,B+,FFP,1,11,100
4885,2,Davao Doctors Hospital,01/12/2025,B+,FFP,2,12,101
4886,2,Davao Doctors Hospital,08/12/2025,B+,FFP,2,12,102
4887,2,Davao Doctors Hospital,15/12/2025,B+,FFP,2,12,103
4888,2,Davao Doctors Hospital,22/12/2025,B+,FFP,2,12,104
4889,2,Davao Doctors Hospital,01/01/2024,B+,Cryoprecipitate,1,1,1
4890,2,Davao Doctors Hospital,08/01/2024,B+,Cryoprecipitate,0,1,2
4891,2,Davao Doctors Hospital,15/01/2024,B+,Cryoprecipitate,0,1,3
4892,2,Davao Doctors Hospital,22/01/2024,B+,Cryoprecipitate,0,1,4
4893,2,Davao Doctors Hospital,29/01/2024,B+,Cryoprecipitate,0,1,5
4894,2,Davao Doctors Hospital,05/02/2024,B+,Cryoprecipitate,1,2,6
4895,2,Davao Doctors Hospital,12/02/2024,B+,Cryoprecipitate,0,2,7
4896,2,Davao Doctors Hospital,19/02/2024,B+,Cryoprecipitate,1,2,8
4897,2,Davao Doctors Hospital,26/02/2024,B+,Cryoprecipitate,1,2,9
4898,2,Davao Doctors Hospital,04/03/2024,B+,Cryoprecipitate,1,3,10
4899,2,Davao Doctors Hospital,11/03/2024,B+,Cryoprecipitate,0,3,11
4900,2,Davao Doctors Hospital,18/03/2024,B+,Cryoprecipitate,0,3,12
4901,2,Davao Doctors Hospital,25/03/2024,B+,Cryoprecipitate,1,3,13
4902,2,Davao Doctors Hospital,01/04/2024,B+,Cryoprecipitate,1,4,14
4903,2,Davao Doctors Hospital,08/04/2024,B+,Cryoprecipitate,0,4,15
4904,2,Davao Doctors Hospital,15/04/2024,B+,Cryoprecipitate,1,4,16
4905,2,Davao Doctors Hospital,22/04/2024,B+,Cryoprecipitate,0,4,17
4906,2,Davao Doctors Hospital,29/04/2024,B+,Cryoprecipitate,1,4,18
4907,2,Davao Doctors Hospital,06/05/2024,B+,Cryoprecipitate,1,5,19
4908,2,Davao Doctors Hospital,13/05/2024,B+,Cryoprecipitate,0,5,20
4909,2,Davao Doctors Hospital,20/05/2024,B+,Cryoprecipitate,0,5,21
4910,2,Davao Doctors Hospital,27/05/2024,B+,Cryoprecipitate,0,5,22
4911,2,Davao Doctors Hospital,03/06/2024,B+,Cryoprecipitate,0,6,23
4912,2,Davao Doctors Hospital,10/06/2024,B+,Cryoprecipitate,0,6,24
4913,2,Davao Doctors Hospital,17/06/2024,B+,Cryoprecipitate,1,6,25
4914,2,Davao Doctors Hospital,24/06/2024,B+,Cryoprecipitate,1,6,26
4915,2,Davao Doctors Hospital,01/07/2024,B+,Cryoprecipitate,0,7,27
4916,2,Davao Doctors Hospital,08/07/2024,B+,Cryoprecipitate,0,7,28
4917,2,Davao Doctors Hospital,15/07/2024,B+,Cryoprecipitate,1,7,29
4918,2,Davao Doctors Hospital,22/07/2024,B+,Cryoprecipitate,0,7,30
4919,2,Davao Doctors Hospital,29/07/2024,B+,Cryoprecipitate,0,7,31
4920,2,Davao Doctors Hospital,05/08/2024,B+,Cryoprecipitate,0,8,32
4921,2,Davao Doctors Hospital,12/08/2024,B+,Cryoprecipitate,1,8,33
4922,2,Davao Doctors Hospital,19/08/2024,B+,Cryoprecipitate,0,8,34
4923,2,Davao Doctors Hospital,26/08/2024,B+,Cryoprecipitate,1,8,35
4924,2,Davao Doctors Hospital,02/09/2024,B+,Cryoprecipitate,1,9,36
4925,2,Davao Doctors Hospital,09/09/2024,B+,Cryoprecipitate,1,9,37
4926,2,Davao Doctors Hospital,16/09/2024,B+,Cryoprecipitate,1,9,38
4927,2,Davao Doctors Hospital,23/09/2024,B+,Cryoprecipitate,0,9,39
4928,2,Davao Doctors Hospital,30/09/2024,B+,Cryoprecipitate,0,9,40
4929,2,Davao Doctors Hospital,07/10/2024,B+,Cryoprecipitate,0,10,41
4930,2,Davao Doctors Hospital,14/10/2024,B+,Cryoprecipitate,1,10,42
4931,2,Davao Doctors Hospital,21/10/2024,B+,Cryoprecipitate,0,10,43
4932,2,Davao Doctors Hospital,28/10/2024,B+,Cryoprecipitate,1,10,44
4933,2,Davao Doctors Hospital,04/11/2024,B+,Cryoprecipitate,1,11,45
4934,2,Davao Doctors Hospital,11/11/2024,B+,Cryoprecipitate,1,11,46
4935,2,Davao Doctors Hospital,18/11/2024,B+,Cryoprecipitate,1,11,47
4936,2,Davao Doctors Hospital,25/11/2024,B+,Cryoprecipitate,1,11,48
4937,2,Davao Doctors Hospital,02/12/2024,B+,Cryoprecipitate,0,12,49
4938,2,Davao Doctors Hospital,09/12/2024,B+,Cryoprecipitate,0,12,50
4939,2,Davao Doctors Hospital,16/12/2024,B+,Cryoprecipitate,1,12,51
4940,2,Davao Doctors Hospital,23/12/2024,B+,Cryoprecipitate,1,12,52
4941,2,Davao Doctors Hospital,30/12/2024,B+,Cryoprecipitate,0,12,53
4942,2,Davao Doctors Hospital,06/01/2025,B+,Cryoprecipitate,1,1,54
4943,2,Davao Doctors Hospital,13/01/2025,B+,Cryoprecipitate,0,1,55
4944,2,Davao Doctors Hospital,20/01/2025,B+,Cryoprecipitate,0,1,56
4945,2,Davao Doctors Hospital,27/01/2025,B+,Cryoprecipitate,1,1,57
4946,2,Davao Doctors Hospital,03/02/2025,B+,Cryoprecipitate,0,2,58
4947,2,Davao Doctors Hospital,10/02/2025,B+,Cryoprecipitate,1,2,59
4948,2,Davao Doctors Hospital,17/02/2025,B+,Cryoprecipitate,0,2,60
4949,2,Davao Doctors Hospital,24/02/2025,B+,Cryoprecipitate,0,2,61
4950,2,Davao Doctors Hospital,03/03/2025,B+,Cryoprecipitate,0,3,62
4951,2,Davao Doctors Hospital,10/03/2025,B+,Cryoprecipitate,0,3,63
4952,2,Davao Doctors Hospital,17/03/2025,B+,Cryoprecipitate,0,3,64
4953,2,Davao Doctors Hospital,24/03/2025,B+,Cryoprecipitate,1,3,65
4954,2,Davao Doctors Hospital,31/03/2025,B+,Cryoprecipitate,0,3,66
4955,2,Davao Doctors Hospital,07/04/2025,B+,Cryoprecipitate,0,4,67
4956,2,Davao Doctors Hospital,14/04/2025,B+,Cryoprecipitate,1,4,68
4957,2,Davao Doctors Hospital,21/04/2025,B+,Cryoprecipitate,0,4,69
4958,2,Davao Doctors Hospital,28/04/2025,B+,Cryoprecipitate,1,4,70
4959,2,Davao Doctors Hospital,05/05/2025,B+,Cryoprecipitate,0,5,71
4960,2,Davao Doctors Hospital,12/05/2025,B+,Cryoprecipitate,1,5,72
4961,2,Davao Doctors Hospital,19/05/2025,B+,Cryoprecipitate,1,5,73
4962,2,Davao Doctors Hospital,26/05/2025,B+,Cryoprecipitate,0,5,74
4963,2,Davao Doctors Hospital,02/06/2025,B+,Cryoprecipitate,1,6,75
4964,2,Davao Doctors Hospital,09/06/2025,B+,Cryoprecipitate,1,6,76
4965,2,Davao Doctors Hospital,16/06/2025,B+,Cryoprecipitate,0,6,77
4966,2,Davao Doctors Hospital,23/06/2025,B+,Cryoprecipitate,0,6,78
4967,2,Davao Doctors Hospital,30/06/2025,B+,Cryoprecipitate,0,6,79
4968,2,Davao Doctors Hospital,07/07/2025,B+,Cryoprecipitate,0,7,80
4969,2,Davao Doctors Hospital,14/07/2025,B+,Cryoprecipitate,0,7,81
4970,2,Davao Doctors Hospital,21/07/2025,B+,Cryoprecipitate,0,7,82
4971,2,Davao Doctors Hospital,28/07/2025,B+,Cryoprecipitate,0,7,83
4972,2,Davao Doctors Hospital,04/08/2025,B+,Cryoprecipitate,0,8,84
4973,2,Davao Doctors Hospital,11/08/2025,B+,Cryoprecipitate,1,8,85
4974,2,Davao Doctors Hospital,18/08/2025,B+,Cryoprecipitate,0,8,86
4975,2,Davao Doctors Hospital,25/08/2025,B+,Cryoprecipitate,0,8,87
4976,2,Davao Doctors Hospital,01/09/2025,B+,Cryoprecipitate,1,9,88
4977,2,Davao Doctors Hospital,08/09/2025,B+,Cryoprecipitate,1,9,89
4978,2,Davao Doctors Hospital,15/09/2025,B+,Cryoprecipitate,1,9,90
4979,2,Davao Doctors Hospital,22/09/2025,B+,Cryoprecipitate,0,9,91
4980,2,Davao Doctors Hospital,29/09/2025,B+,Cryoprecipitate,1,9,92
4981,2,Davao Doctors Hospital,06/10/2025,B+,Cryoprecipitate,0,10,93
4982,2,Davao Doctors Hospital,13/10/2025,B+,Cryoprecipitate,1,10,94
4983,2,Davao Doctors Hospital,20/10/2025,B+,Cryoprecipitate,1,10,95
4984,2,Davao Doctors Hospital,27/10/2025,B+,Cryoprecipitate,1,10,96
4985,2,Davao Doctors Hospital,03/11/2025,B+,Cryoprecipitate,0,11,97
4986,2,Davao Doctors Hospital,10/11/2025,B+,Cryoprecipitate,1,11,98
4987,2,Davao Doctors Hospital,17/11/2025,B+,Cryoprecipitate,1,11,99
4988,2,Davao Doctors Hospital,24/11/2025,B+,Cryoprecipitate,1,11,100
4989,2,Davao Doctors Hospital,01/12/2025,B+,Cryoprecipitate,1,12,101
4990,2,Davao Doctors Hospital,08/12/2025,B+,Cryoprecipitate,1,12,102
4991,2,Davao Doctors Hospital,15/12/2025,B+,Cryoprecipitate,1,12,103
4992,2,Davao Doctors Hospital,22/12/2025,B+,Cryoprecipitate,1,12,104
4993,2,Davao Doctors Hospital,01/01/2024,B+,Cryosupernate,0,1,1
4994,2,Davao Doctors Hospital,08/01/2024,B+,Cryosupernate,0,1,2
4995,2,Davao Doctors Hospital,15/01/2024,B+,Cryosupernate,0,1,3
4996,2,Davao Doctors Hospital,22/01/2024,B+,Cryosupernate,0,1,4
4997,2,Davao Doctors Hospital,29/01/2024,B+,Cryosupernate,0,1,5
4998,2,Davao Doctors Hospital,05/02/2024,B+,Cryosupernate,0,2,6
4999,2,Davao Doctors Hospital,12/02/2024,B+,Cryosupernate,1,2,7
5000,2,Davao Doctors Hospital,19/02/2024,B+,Cryosupernate,0,2,8
5001,2,Davao Doctors Hospital,26/02/2024,B+,Cryosupernate,0,2,9
5002,2,Davao Doctors Hospital,04/03/2024,B+,Cryosupernate,0,3,10
5003,2,Davao Doctors Hospital,11/03/2024,B+,Cryosupernate,1,3,11
5004,2,Davao Doctors Hospital,18/03/2024,B+,Cryosupernate,0,3,12
5005,2,Davao Doctors Hospital,25/03/2024,B+,Cryosupernate,0,3,13
5006,2,Davao Doctors Hospital,01/04/2024,B+,Cryosupernate,1,4,14
5007,2,Davao Doctors Hospital,08/04/2024,B+,Cryosupernate,0,4,15
5008,2,Davao Doctors Hospital,15/04/2024,B+,Cryosupernate,1,4,16
5009,2,Davao Doctors Hospital,22/04/2024,B+,Cryosupernate,0,4,17
5010,2,Davao Doctors Hospital,29/04/2024,B+,Cryosupernate,0,4,18
5011,2,Davao Doctors Hospital,06/05/2024,B+,Cryosupernate,1,5,19
5012,2,Davao Doctors Hospital,13/05/2024,B+,Cryosupernate,0,5,20
5013,2,Davao Doctors Hospital,20/05/2024,B+,Cryosupernate,1,5,21
5014,2,Davao Doctors Hospital,27/05/2024,B+,Cryosupernate,0,5,22
5015,2,Davao Doctors Hospital,03/06/2024,B+,Cryosupernate,0,6,23
5016,2,Davao Doctors Hospital,10/06/2024,B+,Cryosupernate,1,6,24
5017,2,Davao Doctors Hospital,17/06/2024,B+,Cryosupernate,0,6,25
5018,2,Davao Doctors Hospital,24/06/2024,B+,Cryosupernate,0,6,26
5019,2,Davao Doctors Hospital,01/07/2024,B+,Cryosupernate,0,7,27
5020,2,Davao Doctors Hospital,08/07/2024,B+,Cryosupernate,0,7,28
5021,2,Davao Doctors Hospital,15/07/2024,B+,Cryosupernate,0,7,29
5022,2,Davao Doctors Hospital,22/07/2024,B+,Cryosupernate,0,7,30
5023,2,Davao Doctors Hospital,29/07/2024,B+,Cryosupernate,0,7,31
5024,2,Davao Doctors Hospital,05/08/2024,B+,Cryosupernate,0,8,32
5025,2,Davao Doctors Hospital,12/08/2024,B+,Cryosupernate,1,8,33
5026,2,Davao Doctors Hospital,19/08/2024,B+,Cryosupernate,1,8,34
5027,2,Davao Doctors Hospital,26/08/2024,B+,Cryosupernate,1,8,35
5028,2,Davao Doctors Hospital,02/09/2024,B+,Cryosupernate,0,9,36
5029,2,Davao Doctors Hospital,09/09/2024,B+,Cryosupernate,0,9,37
5030,2,Davao Doctors Hospital,16/09/2024,B+,Cryosupernate,0,9,38
5031,2,Davao Doctors Hospital,23/09/2024,B+,Cryosupernate,1,9,39
5032,2,Davao Doctors Hospital,30/09/2024,B+,Cryosupernate,0,9,40
5033,2,Davao Doctors Hospital,07/10/2024,B+,Cryosupernate,0,10,41
5034,2,Davao Doctors Hospital,14/10/2024,B+,Cryosupernate,1,10,42
5035,2,Davao Doctors Hospital,21/10/2024,B+,Cryosupernate,0,10,43
5036,2,Davao Doctors Hospital,28/10/2024,B+,Cryosupernate,1,10,44
5037,2,Davao Doctors Hospital,04/11/2024,B+,Cryosupernate,0,11,45
5038,2,Davao Doctors Hospital,11/11/2024,B+,Cryosupernate,1,11,46
5039,2,Davao Doctors Hospital,18/11/2024,B+,Cryosupernate,1,11,47
5040,2,Davao Doctors Hospital,25/11/2024,B+,Cryosupernate,1,11,48
5041,2,Davao Doctors Hospital,02/12/2024,B+,Cryosupernate,0,12,49
5042,2,Davao Doctors Hospital,09/12/2024,B+,Cryosupernate,0,12,50
5043,2,Davao Doctors Hospital,16/12/2024,B+,Cryosupernate,1,12,51
5044,2,Davao Doctors Hospital,23/12/2024,B+,Cryosupernate,0,12,52
5045,2,Davao Doctors Hospital,30/12/2024,B+,Cryosupernate,1,12,53
5046,2,Davao Doctors Hospital,06/01/2025,B+,Cryosupernate,1,1,54
5047,2,Davao Doctors Hospital,13/01/2025,B+,Cryosupernate,0,1,55
5048,2,Davao Doctors Hospital,20/01/2025,B+,Cryosupernate,0,1,56
5049,2,Davao Doctors Hospital,27/01/2025,B+,Cryosupernate,0,1,57
5050,2,Davao Doctors Hospital,03/02/2025,B+,Cryosupernate,0,2,58
5051,2,Davao Doctors Hospital,10/02/2025,B+,Cryosupernate,0,2,59
5052,2,Davao Doctors Hospital,17/02/2025,B+,Cryosupernate,0,2,60
5053,2,Davao Doctors Hospital,24/02/2025,B+,Cryosupernate,1,2,61
5054,2,Davao Doctors Hospital,03/03/2025,B+,Cryosupernate,0,3,62
5055,2,Davao Doctors Hospital,10/03/2025,B+,Cryosupernate,1,3,63
5056,2,Davao Doctors Hospital,17/03/2025,B+,Cryosupernate,1,3,64
5057,2,Davao Doctors Hospital,24/03/2025,B+,Cryosupernate,0,3,65
5058,2,Davao Doctors Hospital,31/03/2025,B+,Cryosupernate,1,3,66
5059,2,Davao Doctors Hospital,07/04/2025,B+,Cryosupernate,1,4,67
5060,2,Davao Doctors Hospital,14/04/2025,B+,Cryosupernate,0,4,68
5061,2,Davao Doctors Hospital,21/04/2025,B+,Cryosupernate,0,4,69
5062,2,Davao Doctors Hospital,28/04/2025,B+,Cryosupernate,1,4,70
5063,2,Davao Doctors Hospital,05/05/2025,B+,Cryosupernate,0,5,71
5064,2,Davao Doctors Hospital,12/05/2025,B+,Cryosupernate,0,5,72
5065,2,Davao Doctors Hospital,19/05/2025,B+,Cryosupernate,0,5,73
5066,2,Davao Doctors Hospital,26/05/2025,B+,Cryosupernate,0,5,74
5067,2,Davao Doctors Hospital,02/06/2025,B+,Cryosupernate,0,6,75
5068,2,Davao Doctors Hospital,09/06/2025,B+,Cryosupernate,1,6,76
5069,2,Davao Doctors Hospital,16/06/2025,B+,Cryosupernate,1,6,77
5070,2,Davao Doctors Hospital,23/06/2025,B+,Cryosupernate,0,6,78
5071,2,Davao Doctors Hospital,30/06/2025,B+,Cryosupernate,0,6,79
5072,2,Davao Doctors Hospital,07/07/2025,B+,Cryosupernate,1,7,80
5073,2,Davao Doctors Hospital,14/07/2025,B+,Cryosupernate,0,7,81
5074,2,Davao Doctors Hospital,21/07/2025,B+,Cryosupernate,0,7,82
5075,2,Davao Doctors Hospital,28/07/2025,B+,Cryosupernate,0,7,83
5076,2,Davao Doctors Hospital,04/08/2025,B+,Cryosupernate,0,8,84
5077,2,Davao Doctors Hospital,11/08/2025,B+,Cryosupernate,0,8,85
5078,2,Davao Doctors Hospital,18/08/2025,B+,Cryosupernate,0,8,86
5079,2,Davao Doctors Hospital,25/08/2025,B+,Cryosupernate,1,8,87
5080,2,Davao Doctors Hospital,01/09/2025,B+,Cryosupernate,1,9,88
5081,2,Davao Doctors Hospital,08/09/2025,B+,Cryosupernate,0,9,89
5082,2,Davao Doctors Hospital,15/09/2025,B+,Cryosupernate,0,9,90
5083,2,Davao Doctors Hospital,22/09/2025,B+,Cryosupernate,0,9,91
5084,2,Davao Doctors Hospital,29/09/2025,B+,Cryosupernate,1,9,92
5085,2,Davao Doctors Hospital,06/10/2025,B+,Cryosupernate,1,10,93
5086,2,Davao Doctors Hospital,13/10/2025,B+,Cryosupernate,0,10,94
5087,2,Davao Doctors Hospital,20/10/2025,B+,Cryosupernate,0,10,95
5088,2,Davao Doctors Hospital,27/10/2025,B+,Cryosupernate,1,10,96
5089,2,Davao Doctors Hospital,03/11/2025,B+,Cryosupernate,0,11,97
5090,2,Davao Doctors Hospital,10/11/2025,B+,Cryosupernate,1,11,98
5091,2,Davao Doctors Hospital,17/11/2025,B+,Cryosupernate,0,11,99
5092,2,Davao Doctors Hospital,24/11/2025,B+,Cryosupernate,0,11,100
5093,2,Davao Doctors Hospital,01/12/2025,B+,Cryosupernate,0,12,101
5094,2,Davao Doctors Hospital,08/12/2025,B+,Cryosupernate,0,12,102
5095,2,Davao Doctors Hospital,15/12/2025,B+,Cryosupernate,1,12,103
5096,2,Davao Doctors Hospital,22/12/2025,B+,Cryosupernate,0,12,104
5097,2,Davao Doctors Hospital,01/01/2024,B-,PRBC,1,1,1
5098,2,Davao Doctors Hospital,08/01/2024,B-,PRBC,1,1,2
5099,2,Davao Doctors Hospital,15/01/2024,B-,PRBC,1,1,3
5100,2,Davao Doctors Hospital,22/01/2024,B-,PRBC,1,1,4
5101,2,Davao Doctors Hospital,29/01/2024,B-,PRBC,1,1,5
5102,2,Davao Doctors Hospital,05/02/2024,B-,PRBC,1,2,6
5103,2,Davao Doctors Hospital,12/02/2024,B-,PRBC,1,2,7
5104,2,Davao Doctors Hospital,19/02/2024,B-,PRBC,1,2,8
5105,2,Davao Doctors Hospital,26/02/2024,B-,PRBC,1,2,9
5106,2,Davao Doctors Hospital,04/03/2024,B-,PRBC,1,3,10
5107,2,Davao Doctors Hospital,11/03/2024,B-,PRBC,1,3,11
5108,2,Davao Doctors Hospital,18/03/2024,B-,PRBC,1,3,12
5109,2,Davao Doctors Hospital,25/03/2024,B-,PRBC,1,3,13
5110,2,Davao Doctors Hospital,01/04/2024,B-,PRBC,1,4,14
5111,2,Davao Doctors Hospital,08/04/2024,B-,PRBC,1,4,15
5112,2,Davao Doctors Hospital,15/04/2024,B-,PRBC,1,4,16
5113,2,Davao Doctors Hospital,22/04/2024,B-,PRBC,1,4,17
5114,2,Davao Doctors Hospital,29/04/2024,B-,PRBC,1,4,18
5115,2,Davao Doctors Hospital,06/05/2024,B-,PRBC,1,5,19
5116,2,Davao Doctors Hospital,13/05/2024,B-,PRBC,1,5,20
5117,2,Davao Doctors Hospital,20/05/2024,B-,PRBC,2,5,21
5118,2,Davao Doctors Hospital,27/05/2024,B-,PRBC,1,5,22
5119,2,Davao Doctors Hospital,03/06/2024,B-,PRBC,1,6,23
5120,2,Davao Doctors Hospital,10/06/2024,B-,PRBC,1,6,24
5121,2,Davao Doctors Hospital,17/06/2024,B-,PRBC,1,6,25
5122,2,Davao Doctors Hospital,24/06/2024,B-,PRBC,1,6,26
5123,2,Davao Doctors Hospital,01/07/2024,B-,PRBC,1,7,27
5124,2,Davao Doctors Hospital,08/07/2024,B-,PRBC,1,7,28
5125,2,Davao Doctors Hospital,15/07/2024,B-,PRBC,1,7,29
5126,2,Davao Doctors Hospital,22/07/2024,B-,PRBC,1,7,30
5127,2,Davao Doctors Hospital,29/07/2024,B-,PRBC,1,7,31
5128,2,Davao Doctors Hospital,05/08/2024,B-,PRBC,1,8,32
5129,2,Davao Doctors Hospital,12/08/2024,B-,PRBC,0,8,33
5130,2,Davao Doctors Hospital,19/08/2024,B-,PRBC,1,8,34
5131,2,Davao Doctors Hospital,26/08/2024,B-,PRBC,1,8,35
5132,2,Davao Doctors Hospital,02/09/2024,B-,PRBC,1,9,36
5133,2,Davao Doctors Hospital,09/09/2024,B-,PRBC,1,9,37
5134,2,Davao Doctors Hospital,16/09/2024,B-,PRBC,1,9,38
5135,2,Davao Doctors Hospital,23/09/2024,B-,PRBC,1,9,39
5136,2,Davao Doctors Hospital,30/09/2024,B-,PRBC,1,9,40
5137,2,Davao Doctors Hospital,07/10/2024,B-,PRBC,2,10,41
5138,2,Davao Doctors Hospital,14/10/2024,B-,PRBC,1,10,42
5139,2,Davao Doctors Hospital,21/10/2024,B-,PRBC,1,10,43
5140,2,Davao Doctors Hospital,28/10/2024,B-,PRBC,1,10,44
5141,2,Davao Doctors Hospital,04/11/2024,B-,PRBC,1,11,45
5142,2,Davao Doctors Hospital,11/11/2024,B-,PRBC,1,11,46
5143,2,Davao Doctors Hospital,18/11/2024,B-,PRBC,1,11,47
5144,2,Davao Doctors Hospital,25/11/2024,B-,PRBC,1,11,48
5145,2,Davao Doctors Hospital,02/12/2024,B-,PRBC,1,12,49
5146,2,Davao Doctors Hospital,09/12/2024,B-,PRBC,1,12,50
5147,2,Davao Doctors Hospital,16/12/2024,B-,PRBC,1,12,51
5148,2,Davao Doctors Hospital,23/12/2024,B-,PRBC,1,12,52
5149,2,Davao Doctors Hospital,30/12/2024,B-,PRBC,1,12,53
5150,2,Davao Doctors Hospital,06/01/2025,B-,PRBC,1,1,54
5151,2,Davao Doctors Hospital,13/01/2025,B-,PRBC,1,1,55
5152,2,Davao Doctors Hospital,20/01/2025,B-,PRBC,1,1,56
5153,2,Davao Doctors Hospital,27/01/2025,B-,PRBC,2,1,57
5154,2,Davao Doctors Hospital,03/02/2025,B-,PRBC,1,2,58
5155,2,Davao Doctors Hospital,10/02/2025,B-,PRBC,1,2,59
5156,2,Davao Doctors Hospital,17/02/2025,B-,PRBC,1,2,60
5157,2,Davao Doctors Hospital,24/02/2025,B-,PRBC,2,2,61
5158,2,Davao Doctors Hospital,03/03/2025,B-,PRBC,1,3,62
5159,2,Davao Doctors Hospital,10/03/2025,B-,PRBC,0,3,63
5160,2,Davao Doctors Hospital,17/03/2025,B-,PRBC,1,3,64
5161,2,Davao Doctors Hospital,24/03/2025,B-,PRBC,1,3,65
5162,2,Davao Doctors Hospital,31/03/2025,B-,PRBC,1,3,66
5163,2,Davao Doctors Hospital,07/04/2025,B-,PRBC,1,4,67
5164,2,Davao Doctors Hospital,14/04/2025,B-,PRBC,1,4,68
5165,2,Davao Doctors Hospital,21/04/2025,B-,PRBC,2,4,69
5166,2,Davao Doctors Hospital,28/04/2025,B-,PRBC,1,4,70
5167,2,Davao Doctors Hospital,05/05/2025,B-,PRBC,1,5,71
5168,2,Davao Doctors Hospital,12/05/2025,B-,PRBC,1,5,72
5169,2,Davao Doctors Hospital,19/05/2025,B-,PRBC,1,5,73
5170,2,Davao Doctors Hospital,26/05/2025,B-,PRBC,1,5,74
5171,2,Davao Doctors Hospital,02/06/2025,B-,PRBC,1,6,75
5172,2,Davao Doctors Hospital,09/06/2025,B-,PRBC,1,6,76
5173,2,Davao Doctors Hospital,16/06/2025,B-,PRBC,1,6,77
5174,2,Davao Doctors Hospital,23/06/2025,B-,PRBC,1,6,78
5175,2,Davao Doctors Hospital,30/06/2025,B-,PRBC,1,6,79
5176,2,Davao Doctors Hospital,07/07/2025,B-,PRBC,1,7,80
5177,2,Davao Doctors Hospital,14/07/2025,B-,PRBC,1,7,81
5178,2,Davao Doctors Hospital,21/07/2025,B-,PRBC,1,7,82
5179,2,Davao Doctors Hospital,28/07/2025,B-,PRBC,1,7,83
5180,2,Davao Doctors Hospital,04/08/2025,B-,PRBC,1,8,84
5181,2,Davao Doctors Hospital,11/08/2025,B-,PRBC,1,8,85
5182,2,Davao Doctors Hospital,18/08/2025,B-,PRBC,1,8,86
5183,2,Davao Doctors Hospital,25/08/2025,B-,PRBC,1,8,87
5184,2,Davao Doctors Hospital,01/09/2025,B-,PRBC,1,9,88
5185,2,Davao Doctors Hospital,08/09/2025,B-,PRBC,1,9,89
5186,2,Davao Doctors Hospital,15/09/2025,B-,PRBC,1,9,90
5187,2,Davao Doctors Hospital,22/09/2025,B-,PRBC,1,9,91
5188,2,Davao Doctors Hospital,29/09/2025,B-,PRBC,1,9,92
5189,2,Davao Doctors Hospital,06/10/2025,B-,PRBC,1,10,93
5190,2,Davao Doctors Hospital,13/10/2025,B-,PRBC,1,10,94
5191,2,Davao Doctors Hospital,20/10/2025,B-,PRBC,1,10,95
5192,2,Davao Doctors Hospital,27/10/2025,B-,PRBC,1,10,96
5193,2,Davao Doctors Hospital,03/11/2025,B-,PRBC,0,11,97
5194,2,Davao Doctors Hospital,10/11/2025,B-,PRBC,1,11,98
5195,2,Davao Doctors Hospital,17/11/2025,B-,PRBC,1,11,99
5196,2,Davao Doctors Hospital,24/11/2025,B-,PRBC,1,11,100
5197,2,Davao Doctors Hospital,01/12/2025,B-,PRBC,1,12,101
5198,2,Davao Doctors Hospital,08/12/2025,B-,PRBC,1,12,102
5199,2,Davao Doctors Hospital,15/12/2025,B-,PRBC,2,12,103
5200,2,Davao Doctors Hospital,22/12/2025,B-,PRBC,1,12,104
5201,2,Davao Doctors Hospital,01/01/2024,B-,FFP,0,1,1
5202,2,Davao Doctors Hospital,08/01/2024,B-,FFP,0,1,2
5203,2,Davao Doctors Hospital,15/01/2024,B-,FFP,0,1,3
5204,2,Davao Doctors Hospital,22/01/2024,B-,FFP,0,1,4
5205,2,Davao Doctors Hospital,29/01/2024,B-,FFP,0,1,5
5206,2,Davao Doctors Hospital,05/02/2024,B-,FFP,0,2,6
5207,2,Davao Doctors Hospital,12/02/2024,B-,FFP,1,2,7
5208,2,Davao Doctors Hospital,19/02/2024,B-,FFP,1,2,8
5209,2,Davao Doctors Hospital,26/02/2024,B-,FFP,0,2,9
5210,2,Davao Doctors Hospital,04/03/2024,B-,FFP,0,3,10
5211,2,Davao Doctors Hospital,11/03/2024,B-,FFP,0,3,11
5212,2,Davao Doctors Hospital,18/03/2024,B-,FFP,0,3,12
5213,2,Davao Doctors Hospital,25/03/2024,B-,FFP,1,3,13
5214,2,Davao Doctors Hospital,01/04/2024,B-,FFP,1,4,14
5215,2,Davao Doctors Hospital,08/04/2024,B-,FFP,0,4,15
5216,2,Davao Doctors Hospital,15/04/2024,B-,FFP,0,4,16
5217,2,Davao Doctors Hospital,22/04/2024,B-,FFP,1,4,17
5218,2,Davao Doctors Hospital,29/04/2024,B-,FFP,0,4,18
5219,2,Davao Doctors Hospital,06/05/2024,B-,FFP,0,5,19
5220,2,Davao Doctors Hospital,13/05/2024,B-,FFP,0,5,20
5221,2,Davao Doctors Hospital,20/05/2024,B-,FFP,1,5,21
5222,2,Davao Doctors Hospital,27/05/2024,B-,FFP,0,5,22
5223,2,Davao Doctors Hospital,03/06/2024,B-,FFP,0,6,23
5224,2,Davao Doctors Hospital,10/06/2024,B-,FFP,0,6,24
5225,2,Davao Doctors Hospital,17/06/2024,B-,FFP,0,6,25
5226,2,Davao Doctors Hospital,24/06/2024,B-,FFP,0,6,26
5227,2,Davao Doctors Hospital,01/07/2024,B-,FFP,0,7,27
5228,2,Davao Doctors Hospital,08/07/2024,B-,FFP,0,7,28
5229,2,Davao Doctors Hospital,15/07/2024,B-,FFP,1,7,29
5230,2,Davao Doctors Hospital,22/07/2024,B-,FFP,0,7,30
5231,2,Davao Doctors Hospital,29/07/2024,B-,FFP,0,7,31
5232,2,Davao Doctors Hospital,05/08/2024,B-,FFP,0,8,32
5233,2,Davao Doctors Hospital,12/08/2024,B-,FFP,0,8,33
5234,2,Davao Doctors Hospital,19/08/2024,B-,FFP,1,8,34
5235,2,Davao Doctors Hospital,26/08/2024,B-,FFP,0,8,35
5236,2,Davao Doctors Hospital,02/09/2024,B-,FFP,0,9,36
5237,2,Davao Doctors Hospital,09/09/2024,B-,FFP,0,9,37
5238,2,Davao Doctors Hospital,16/09/2024,B-,FFP,1,9,38
5239,2,Davao Doctors Hospital,23/09/2024,B-,FFP,1,9,39
5240,2,Davao Doctors Hospital,30/09/2024,B-,FFP,1,9,40
5241,2,Davao Doctors Hospital,07/10/2024,B-,FFP,0,10,41
5242,2,Davao Doctors Hospital,14/10/2024,B-,FFP,0,10,42
5243,2,Davao Doctors Hospital,21/10/2024,B-,FFP,0,10,43
5244,2,Davao Doctors Hospital,28/10/2024,B-,FFP,0,10,44
5245,2,Davao Doctors Hospital,04/11/2024,B-,FFP,0,11,45
5246,2,Davao Doctors Hospital,11/11/2024,B-,FFP,0,11,46
5247,2,Davao Doctors Hospital,18/11/2024,B-,FFP,0,11,47
5248,2,Davao Doctors Hospital,25/11/2024,B-,FFP,0,11,48
5249,2,Davao Doctors Hospital,02/12/2024,B-,FFP,0,12,49
5250,2,Davao Doctors Hospital,09/12/2024,B-,FFP,1,12,50
5251,2,Davao Doctors Hospital,16/12/2024,B-,FFP,0,12,51
5252,2,Davao Doctors Hospital,23/12/2024,B-,FFP,1,12,52
5253,2,Davao Doctors Hospital,30/12/2024,B-,FFP,0,12,53
5254,2,Davao Doctors Hospital,06/01/2025,B-,FFP,1,1,54
5255,2,Davao Doctors Hospital,13/01/2025,B-,FFP,0,1,55
5256,2,Davao Doctors Hospital,20/01/2025,B-,FFP,0,1,56
5257,2,Davao Doctors Hospital,27/01/2025,B-,FFP,1,1,57
5258,2,Davao Doctors Hospital,03/02/2025,B-,FFP,1,2,58
5259,2,Davao Doctors Hospital,10/02/2025,B-,FFP,0,2,59
5260,2,Davao Doctors Hospital,17/02/2025,B-,FFP,0,2,60
5261,2,Davao Doctors Hospital,24/02/2025,B-,FFP,0,2,61
5262,2,Davao Doctors Hospital,03/03/2025,B-,FFP,1,3,62
5263,2,Davao Doctors Hospital,10/03/2025,B-,FFP,1,3,63
5264,2,Davao Doctors Hospital,17/03/2025,B-,FFP,0,3,64
5265,2,Davao Doctors Hospital,24/03/2025,B-,FFP,0,3,65
5266,2,Davao Doctors Hospital,31/03/2025,B-,FFP,0,3,66
5267,2,Davao Doctors Hospital,07/04/2025,B-,FFP,0,4,67
5268,2,Davao Doctors Hospital,14/04/2025,B-,FFP,0,4,68
5269,2,Davao Doctors Hospital,21/04/2025,B-,FFP,0,4,69
5270,2,Davao Doctors Hospital,28/04/2025,B-,FFP,1,4,70
5271,2,Davao Doctors Hospital,05/05/2025,B-,FFP,0,5,71
5272,2,Davao Doctors Hospital,12/05/2025,B-,FFP,1,5,72
5273,2,Davao Doctors Hospital,19/05/2025,B-,FFP,1,5,73
5274,2,Davao Doctors Hospital,26/05/2025,B-,FFP,0,5,74
5275,2,Davao Doctors Hospital,02/06/2025,B-,FFP,0,6,75
5276,2,Davao Doctors Hospital,09/06/2025,B-,FFP,0,6,76
5277,2,Davao Doctors Hospital,16/06/2025,B-,FFP,0,6,77
5278,2,Davao Doctors Hospital,23/06/2025,B-,FFP,0,6,78
5279,2,Davao Doctors Hospital,30/06/2025,B-,FFP,0,6,79
5280,2,Davao Doctors Hospital,07/07/2025,B-,FFP,0,7,80
5281,2,Davao Doctors Hospital,14/07/2025,B-,FFP,0,7,81
5282,2,Davao Doctors Hospital,21/07/2025,B-,FFP,0,7,82
5283,2,Davao Doctors Hospital,28/07/2025,B-,FFP,1,7,83
5284,2,Davao Doctors Hospital,04/08/2025,B-,FFP,0,8,84
5285,2,Davao Doctors Hospital,11/08/2025,B-,FFP,0,8,85
5286,2,Davao Doctors Hospital,18/08/2025,B-,FFP,1,8,86
5287,2,Davao Doctors Hospital,25/08/2025,B-,FFP,0,8,87
5288,2,Davao Doctors Hospital,01/09/2025,B-,FFP,1,9,88
5289,2,Davao Doctors Hospital,08/09/2025,B-,FFP,0,9,89
5290,2,Davao Doctors Hospital,15/09/2025,B-,FFP,1,9,90
5291,2,Davao Doctors Hospital,22/09/2025,B-,FFP,1,9,91
5292,2,Davao Doctors Hospital,29/09/2025,B-,FFP,1,9,92
5293,2,Davao Doctors Hospital,06/10/2025,B-,FFP,0,10,93
5294,2,Davao Doctors Hospital,13/10/2025,B-,FFP,0,10,94
5295,2,Davao Doctors Hospital,20/10/2025,B-,FFP,1,10,95
5296,2,Davao Doctors Hospital,27/10/2025,B-,FFP,0,10,96
5297,2,Davao Doctors Hospital,03/11/2025,B-,FFP,1,11,97
5298,2,Davao Doctors Hospital,10/11/2025,B-,FFP,1,11,98
5299,2,Davao Doctors Hospital,17/11/2025,B-,FFP,1,11,99
5300,2,Davao Doctors Hospital,24/11/2025,B-,FFP,0,11,100
5301,2,Davao Doctors Hospital,01/12/2025,B-,FFP,1,12,101
5302,2,Davao Doctors Hospital,08/12/2025,B-,FFP,1,12,102
5303,2,Davao Doctors Hospital,15/12/2025,B-,FFP,1,12,103
5304,2,Davao Doctors Hospital,22/12/2025,B-,FFP,0,12,104
5305,2,Davao Doctors Hospital,01/01/2024,AB+,PRBC,2,1,1
5306,2,Davao Doctors Hospital,08/01/2024,AB+,PRBC,1,1,2
5307,2,Davao Doctors Hospital,15/01/2024,AB+,PRBC,1,1,3
5308,2,Davao Doctors Hospital,22/01/2024,AB+,PRBC,2,1,4
5309,2,Davao Doctors Hospital,29/01/2024,AB+,PRBC,2,1,5
5310,2,Davao Doctors Hospital,05/02/2024,AB+,PRBC,2,2,6
5311,2,Davao Doctors Hospital,12/02/2024,AB+,PRBC,1,2,7
5312,2,Davao Doctors Hospital,19/02/2024,AB+,PRBC,1,2,8
5313,2,Davao Doctors Hospital,26/02/2024,AB+,PRBC,1,2,9
5314,2,Davao Doctors Hospital,04/03/2024,AB+,PRBC,2,3,10
5315,2,Davao Doctors Hospital,11/03/2024,AB+,PRBC,1,3,11
5316,2,Davao Doctors Hospital,18/03/2024,AB+,PRBC,1,3,12
5317,2,Davao Doctors Hospital,25/03/2024,AB+,PRBC,1,3,13
5318,2,Davao Doctors Hospital,01/04/2024,AB+,PRBC,2,4,14
5319,2,Davao Doctors Hospital,08/04/2024,AB+,PRBC,1,4,15
5320,2,Davao Doctors Hospital,15/04/2024,AB+,PRBC,1,4,16
5321,2,Davao Doctors Hospital,22/04/2024,AB+,PRBC,1,4,17
5322,2,Davao Doctors Hospital,29/04/2024,AB+,PRBC,1,4,18
5323,2,Davao Doctors Hospital,06/05/2024,AB+,PRBC,1,5,19
5324,2,Davao Doctors Hospital,13/05/2024,AB+,PRBC,1,5,20
5325,2,Davao Doctors Hospital,20/05/2024,AB+,PRBC,1,5,21
5326,2,Davao Doctors Hospital,27/05/2024,AB+,PRBC,1,5,22
5327,2,Davao Doctors Hospital,03/06/2024,AB+,PRBC,1,6,23
5328,2,Davao Doctors Hospital,10/06/2024,AB+,PRBC,1,6,24
5329,2,Davao Doctors Hospital,17/06/2024,AB+,PRBC,1,6,25
5330,2,Davao Doctors Hospital,24/06/2024,AB+,PRBC,1,6,26
5331,2,Davao Doctors Hospital,01/07/2024,AB+,PRBC,2,7,27
5332,2,Davao Doctors Hospital,08/07/2024,AB+,PRBC,1,7,28
5333,2,Davao Doctors Hospital,15/07/2024,AB+,PRBC,1,7,29
5334,2,Davao Doctors Hospital,22/07/2024,AB+,PRBC,1,7,30
5335,2,Davao Doctors Hospital,29/07/2024,AB+,PRBC,1,7,31
5336,2,Davao Doctors Hospital,05/08/2024,AB+,PRBC,2,8,32
5337,2,Davao Doctors Hospital,12/08/2024,AB+,PRBC,1,8,33
5338,2,Davao Doctors Hospital,19/08/2024,AB+,PRBC,1,8,34
5339,2,Davao Doctors Hospital,26/08/2024,AB+,PRBC,1,8,35
5340,2,Davao Doctors Hospital,02/09/2024,AB+,PRBC,1,9,36
5341,2,Davao Doctors Hospital,09/09/2024,AB+,PRBC,1,9,37
5342,2,Davao Doctors Hospital,16/09/2024,AB+,PRBC,1,9,38
5343,2,Davao Doctors Hospital,23/09/2024,AB+,PRBC,1,9,39
5344,2,Davao Doctors Hospital,30/09/2024,AB+,PRBC,1,9,40
5345,2,Davao Doctors Hospital,07/10/2024,AB+,PRBC,2,10,41
5346,2,Davao Doctors Hospital,14/10/2024,AB+,PRBC,1,10,42
5347,2,Davao Doctors Hospital,21/10/2024,AB+,PRBC,2,10,43
5348,2,Davao Doctors Hospital,28/10/2024,AB+,PRBC,1,10,44
5349,2,Davao Doctors Hospital,04/11/2024,AB+,PRBC,1,11,45
5350,2,Davao Doctors Hospital,11/11/2024,AB+,PRBC,1,11,46
5351,2,Davao Doctors Hospital,18/11/2024,AB+,PRBC,1,11,47
5352,2,Davao Doctors Hospital,25/11/2024,AB+,PRBC,1,11,48
5353,2,Davao Doctors Hospital,02/12/2024,AB+,PRBC,1,12,49
5354,2,Davao Doctors Hospital,09/12/2024,AB+,PRBC,1,12,50
5355,2,Davao Doctors Hospital,16/12/2024,AB+,PRBC,2,12,51
5356,2,Davao Doctors Hospital,23/12/2024,AB+,PRBC,1,12,52
5357,2,Davao Doctors Hospital,30/12/2024,AB+,PRBC,1,12,53
5358,2,Davao Doctors Hospital,06/01/2025,AB+,PRBC,2,1,54
5359,2,Davao Doctors Hospital,13/01/2025,AB+,PRBC,1,1,55
5360,2,Davao Doctors Hospital,20/01/2025,AB+,PRBC,1,1,56
5361,2,Davao Doctors Hospital,27/01/2025,AB+,PRBC,1,1,57
5362,2,Davao Doctors Hospital,03/02/2025,AB+,PRBC,2,2,58
5363,2,Davao Doctors Hospital,10/02/2025,AB+,PRBC,1,2,59
5364,2,Davao Doctors Hospital,17/02/2025,AB+,PRBC,1,2,60
5365,2,Davao Doctors Hospital,24/02/2025,AB+,PRBC,1,2,61
5366,2,Davao Doctors Hospital,03/03/2025,AB+,PRBC,2,3,62
5367,2,Davao Doctors Hospital,10/03/2025,AB+,PRBC,1,3,63
5368,2,Davao Doctors Hospital,17/03/2025,AB+,PRBC,2,3,64
5369,2,Davao Doctors Hospital,24/03/2025,AB+,PRBC,1,3,65
5370,2,Davao Doctors Hospital,31/03/2025,AB+,PRBC,1,3,66
5371,2,Davao Doctors Hospital,07/04/2025,AB+,PRBC,1,4,67
5372,2,Davao Doctors Hospital,14/04/2025,AB+,PRBC,1,4,68
5373,2,Davao Doctors Hospital,21/04/2025,AB+,PRBC,1,4,69
5374,2,Davao Doctors Hospital,28/04/2025,AB+,PRBC,1,4,70
5375,2,Davao Doctors Hospital,05/05/2025,AB+,PRBC,1,5,71
5376,2,Davao Doctors Hospital,12/05/2025,AB+,PRBC,1,5,72
5377,2,Davao Doctors Hospital,19/05/2025,AB+,PRBC,1,5,73
5378,2,Davao Doctors Hospital,26/05/2025,AB+,PRBC,1,5,74
5379,2,Davao Doctors Hospital,02/06/2025,AB+,PRBC,1,6,75
5380,2,Davao Doctors Hospital,09/06/2025,AB+,PRBC,2,6,76
5381,2,Davao Doctors Hospital,16/06/2025,AB+,PRBC,0,6,77
5382,2,Davao Doctors Hospital,23/06/2025,AB+,PRBC,1,6,78
5383,2,Davao Doctors Hospital,30/06/2025,AB+,PRBC,1,6,79
5384,2,Davao Doctors Hospital,07/07/2025,AB+,PRBC,1,7,80
5385,2,Davao Doctors Hospital,14/07/2025,AB+,PRBC,1,7,81
5386,2,Davao Doctors Hospital,21/07/2025,AB+,PRBC,1,7,82
5387,2,Davao Doctors Hospital,28/07/2025,AB+,PRBC,1,7,83
5388,2,Davao Doctors Hospital,04/08/2025,AB+,PRBC,1,8,84
5389,2,Davao Doctors Hospital,11/08/2025,AB+,PRBC,1,8,85
5390,2,Davao Doctors Hospital,18/08/2025,AB+,PRBC,2,8,86
5391,2,Davao Doctors Hospital,25/08/2025,AB+,PRBC,1,8,87
5392,2,Davao Doctors Hospital,01/09/2025,AB+,PRBC,1,9,88
5393,2,Davao Doctors Hospital,08/09/2025,AB+,PRBC,1,9,89
5394,2,Davao Doctors Hospital,15/09/2025,AB+,PRBC,1,9,90
5395,2,Davao Doctors Hospital,22/09/2025,AB+,PRBC,1,9,91
5396,2,Davao Doctors Hospital,29/09/2025,AB+,PRBC,1,9,92
5397,2,Davao Doctors Hospital,06/10/2025,AB+,PRBC,1,10,93
5398,2,Davao Doctors Hospital,13/10/2025,AB+,PRBC,1,10,94
5399,2,Davao Doctors Hospital,20/10/2025,AB+,PRBC,1,10,95
5400,2,Davao Doctors Hospital,27/10/2025,AB+,PRBC,1,10,96
5401,2,Davao Doctors Hospital,03/11/2025,AB+,PRBC,1,11,97
5402,2,Davao Doctors Hospital,10/11/2025,AB+,PRBC,2,11,98
5403,2,Davao Doctors Hospital,17/11/2025,AB+,PRBC,1,11,99
5404,2,Davao Doctors Hospital,24/11/2025,AB+,PRBC,1,11,100
5405,2,Davao Doctors Hospital,01/12/2025,AB+,PRBC,1,12,101
5406,2,Davao Doctors Hospital,08/12/2025,AB+,PRBC,2,12,102
5407,2,Davao Doctors Hospital,15/12/2025,AB+,PRBC,1,12,103
5408,2,Davao Doctors Hospital,22/12/2025,AB+,PRBC,1,12,104
5409,2,Davao Doctors Hospital,01/01/2024,AB+,Platelet Concentrate,1,1,1
5410,2,Davao Doctors Hospital,08/01/2024,AB+,Platelet Concentrate,0,1,2
5411,2,Davao Doctors Hospital,15/01/2024,AB+,Platelet Concentrate,0,1,3
5412,2,Davao Doctors Hospital,22/01/2024,AB+,Platelet Concentrate,1,1,4
5413,2,Davao Doctors Hospital,29/01/2024,AB+,Platelet Concentrate,0,1,5
5414,2,Davao Doctors Hospital,05/02/2024,AB+,Platelet Concentrate,0,2,6
5415,2,Davao Doctors Hospital,12/02/2024,AB+,Platelet Concentrate,0,2,7
5416,2,Davao Doctors Hospital,19/02/2024,AB+,Platelet Concentrate,1,2,8
5417,2,Davao Doctors Hospital,26/02/2024,AB+,Platelet Concentrate,1,2,9
5418,2,Davao Doctors Hospital,04/03/2024,AB+,Platelet Concentrate,0,3,10
5419,2,Davao Doctors Hospital,11/03/2024,AB+,Platelet Concentrate,0,3,11
5420,2,Davao Doctors Hospital,18/03/2024,AB+,Platelet Concentrate,1,3,12
5421,2,Davao Doctors Hospital,25/03/2024,AB+,Platelet Concentrate,1,3,13
5422,2,Davao Doctors Hospital,01/04/2024,AB+,Platelet Concentrate,0,4,14
5423,2,Davao Doctors Hospital,08/04/2024,AB+,Platelet Concentrate,0,4,15
5424,2,Davao Doctors Hospital,15/04/2024,AB+,Platelet Concentrate,0,4,16
5425,2,Davao Doctors Hospital,22/04/2024,AB+,Platelet Concentrate,0,4,17
5426,2,Davao Doctors Hospital,29/04/2024,AB+,Platelet Concentrate,0,4,18
5427,2,Davao Doctors Hospital,06/05/2024,AB+,Platelet Concentrate,0,5,19
5428,2,Davao Doctors Hospital,13/05/2024,AB+,Platelet Concentrate,0,5,20
5429,2,Davao Doctors Hospital,20/05/2024,AB+,Platelet Concentrate,0,5,21
5430,2,Davao Doctors Hospital,27/05/2024,AB+,Platelet Concentrate,1,5,22
5431,2,Davao Doctors Hospital,03/06/2024,AB+,Platelet Concentrate,0,6,23
5432,2,Davao Doctors Hospital,10/06/2024,AB+,Platelet Concentrate,0,6,24
5433,2,Davao Doctors Hospital,17/06/2024,AB+,Platelet Concentrate,1,6,25
5434,2,Davao Doctors Hospital,24/06/2024,AB+,Platelet Concentrate,0,6,26
5435,2,Davao Doctors Hospital,01/07/2024,AB+,Platelet Concentrate,0,7,27
5436,2,Davao Doctors Hospital,08/07/2024,AB+,Platelet Concentrate,0,7,28
5437,2,Davao Doctors Hospital,15/07/2024,AB+,Platelet Concentrate,1,7,29
5438,2,Davao Doctors Hospital,22/07/2024,AB+,Platelet Concentrate,0,7,30
5439,2,Davao Doctors Hospital,29/07/2024,AB+,Platelet Concentrate,1,7,31
5440,2,Davao Doctors Hospital,05/08/2024,AB+,Platelet Concentrate,0,8,32
5441,2,Davao Doctors Hospital,12/08/2024,AB+,Platelet Concentrate,1,8,33
5442,2,Davao Doctors Hospital,19/08/2024,AB+,Platelet Concentrate,1,8,34
5443,2,Davao Doctors Hospital,26/08/2024,AB+,Platelet Concentrate,0,8,35
5444,2,Davao Doctors Hospital,02/09/2024,AB+,Platelet Concentrate,0,9,36
5445,2,Davao Doctors Hospital,09/09/2024,AB+,Platelet Concentrate,1,9,37
5446,2,Davao Doctors Hospital,16/09/2024,AB+,Platelet Concentrate,1,9,38
5447,2,Davao Doctors Hospital,23/09/2024,AB+,Platelet Concentrate,0,9,39
5448,2,Davao Doctors Hospital,30/09/2024,AB+,Platelet Concentrate,1,9,40
5449,2,Davao Doctors Hospital,07/10/2024,AB+,Platelet Concentrate,0,10,41
5450,2,Davao Doctors Hospital,14/10/2024,AB+,Platelet Concentrate,0,10,42
5451,2,Davao Doctors Hospital,21/10/2024,AB+,Platelet Concentrate,0,10,43
5452,2,Davao Doctors Hospital,28/10/2024,AB+,Platelet Concentrate,0,10,44
5453,2,Davao Doctors Hospital,04/11/2024,AB+,Platelet Concentrate,0,11,45
5454,2,Davao Doctors Hospital,11/11/2024,AB+,Platelet Concentrate,1,11,46
5455,2,Davao Doctors Hospital,18/11/2024,AB+,Platelet Concentrate,0,11,47
5456,2,Davao Doctors Hospital,25/11/2024,AB+,Platelet Concentrate,0,11,48
5457,2,Davao Doctors Hospital,02/12/2024,AB+,Platelet Concentrate,0,12,49
5458,2,Davao Doctors Hospital,09/12/2024,AB+,Platelet Concentrate,0,12,50
5459,2,Davao Doctors Hospital,16/12/2024,AB+,Platelet Concentrate,0,12,51
5460,2,Davao Doctors Hospital,23/12/2024,AB+,Platelet Concentrate,0,12,52
5461,2,Davao Doctors Hospital,30/12/2024,AB+,Platelet Concentrate,0,12,53
5462,2,Davao Doctors Hospital,06/01/2025,AB+,Platelet Concentrate,1,1,54
5463,2,Davao Doctors Hospital,13/01/2025,AB+,Platelet Concentrate,0,1,55
5464,2,Davao Doctors Hospital,20/01/2025,AB+,Platelet Concentrate,1,1,56
5465,2,Davao Doctors Hospital,27/01/2025,AB+,Platelet Concentrate,0,1,57
5466,2,Davao Doctors Hospital,03/02/2025,AB+,Platelet Concentrate,0,2,58
5467,2,Davao Doctors Hospital,10/02/2025,AB+,Platelet Concentrate,0,2,59
5468,2,Davao Doctors Hospital,17/02/2025,AB+,Platelet Concentrate,0,2,60
5469,2,Davao Doctors Hospital,24/02/2025,AB+,Platelet Concentrate,0,2,61
5470,2,Davao Doctors Hospital,03/03/2025,AB+,Platelet Concentrate,0,3,62
5471,2,Davao Doctors Hospital,10/03/2025,AB+,Platelet Concentrate,1,3,63
5472,2,Davao Doctors Hospital,17/03/2025,AB+,Platelet Concentrate,0,3,64
5473,2,Davao Doctors Hospital,24/03/2025,AB+,Platelet Concentrate,0,3,65
5474,2,Davao Doctors Hospital,31/03/2025,AB+,Platelet Concentrate,0,3,66
5475,2,Davao Doctors Hospital,07/04/2025,AB+,Platelet Concentrate,0,4,67
5476,2,Davao Doctors Hospital,14/04/2025,AB+,Platelet Concentrate,0,4,68
5477,2,Davao Doctors Hospital,21/04/2025,AB+,Platelet Concentrate,0,4,69
5478,2,Davao Doctors Hospital,28/04/2025,AB+,Platelet Concentrate,0,4,70
5479,2,Davao Doctors Hospital,05/05/2025,AB+,Platelet Concentrate,0,5,71
5480,2,Davao Doctors Hospital,12/05/2025,AB+,Platelet Concentrate,0,5,72
5481,2,Davao Doctors Hospital,19/05/2025,AB+,Platelet Concentrate,0,5,73
5482,2,Davao Doctors Hospital,26/05/2025,AB+,Platelet Concentrate,0,5,74
5483,2,Davao Doctors Hospital,02/06/2025,AB+,Platelet Concentrate,0,6,75
5484,2,Davao Doctors Hospital,09/06/2025,AB+,Platelet Concentrate,0,6,76
5485,2,Davao Doctors Hospital,16/06/2025,AB+,Platelet Concentrate,0,6,77
5486,2,Davao Doctors Hospital,23/06/2025,AB+,Platelet Concentrate,1,6,78
5487,2,Davao Doctors Hospital,30/06/2025,AB+,Platelet Concentrate,1,6,79
5488,2,Davao Doctors Hospital,07/07/2025,AB+,Platelet Concentrate,0,7,80
5489,2,Davao Doctors Hospital,14/07/2025,AB+,Platelet Concentrate,0,7,81
5490,2,Davao Doctors Hospital,21/07/2025,AB+,Platelet Concentrate,0,7,82
5491,2,Davao Doctors Hospital,28/07/2025,AB+,Platelet Concentrate,1,7,83
5492,2,Davao Doctors Hospital,04/08/2025,AB+,Platelet Concentrate,0,8,84
5493,2,Davao Doctors Hospital,11/08/2025,AB+,Platelet Concentrate,0,8,85
5494,2,Davao Doctors Hospital,18/08/2025,AB+,Platelet Concentrate,0,8,86
5495,2,Davao Doctors Hospital,25/08/2025,AB+,Platelet Concentrate,0,8,87
5496,2,Davao Doctors Hospital,01/09/2025,AB+,Platelet Concentrate,0,9,88
5497,2,Davao Doctors Hospital,08/09/2025,AB+,Platelet Concentrate,0,9,89
5498,2,Davao Doctors Hospital,15/09/2025,AB+,Platelet Concentrate,0,9,90
5499,2,Davao Doctors Hospital,22/09/2025,AB+,Platelet Concentrate,1,9,91
5500,2,Davao Doctors Hospital,29/09/2025,AB+,Platelet Concentrate,0,9,92
5501,2,Davao Doctors Hospital,06/10/2025,AB+,Platelet Concentrate,1,10,93
5502,2,Davao Doctors Hospital,13/10/2025,AB+,Platelet Concentrate,0,10,94
5503,2,Davao Doctors Hospital,20/10/2025,AB+,Platelet Concentrate,0,10,95
5504,2,Davao Doctors Hospital,27/10/2025,AB+,Platelet Concentrate,0,10,96
5505,2,Davao Doctors Hospital,03/11/2025,AB+,Platelet Concentrate,0,11,97
5506,2,Davao Doctors Hospital,10/11/2025,AB+,Platelet Concentrate,1,11,98
5507,2,Davao Doctors Hospital,17/11/2025,AB+,Platelet Concentrate,0,11,99
5508,2,Davao Doctors Hospital,24/11/2025,AB+,Platelet Concentrate,0,11,100
5509,2,Davao Doctors Hospital,01/12/2025,AB+,Platelet Concentrate,1,12,101
5510,2,Davao Doctors Hospital,08/12/2025,AB+,Platelet Concentrate,1,12,102
5511,2,Davao Doctors Hospital,15/12/2025,AB+,Platelet Concentrate,0,12,103
5512,2,Davao Doctors Hospital,22/12/2025,AB+,Platelet Concentrate,1,12,104
5513,2,Davao Doctors Hospital,01/01/2024,AB+,FFP,1,1,1
5514,2,Davao Doctors Hospital,08/01/2024,AB+,FFP,0,1,2
5515,2,Davao Doctors Hospital,15/01/2024,AB+,FFP,1,1,3
5516,2,Davao Doctors Hospital,22/01/2024,AB+,FFP,0,1,4
5517,2,Davao Doctors Hospital,29/01/2024,AB+,FFP,1,1,5
5518,2,Davao Doctors Hospital,05/02/2024,AB+,FFP,0,2,6
5519,2,Davao Doctors Hospital,12/02/2024,AB+,FFP,1,2,7
5520,2,Davao Doctors Hospital,19/02/2024,AB+,FFP,1,2,8
5521,2,Davao Doctors Hospital,26/02/2024,AB+,FFP,0,2,9
5522,2,Davao Doctors Hospital,04/03/2024,AB+,FFP,0,3,10
5523,2,Davao Doctors Hospital,11/03/2024,AB+,FFP,1,3,11
5524,2,Davao Doctors Hospital,18/03/2024,AB+,FFP,0,3,12
5525,2,Davao Doctors Hospital,25/03/2024,AB+,FFP,1,3,13
5526,2,Davao Doctors Hospital,01/04/2024,AB+,FFP,1,4,14
5527,2,Davao Doctors Hospital,08/04/2024,AB+,FFP,0,4,15
5528,2,Davao Doctors Hospital,15/04/2024,AB+,FFP,0,4,16
5529,2,Davao Doctors Hospital,22/04/2024,AB+,FFP,1,4,17
5530,2,Davao Doctors Hospital,29/04/2024,AB+,FFP,0,4,18
5531,2,Davao Doctors Hospital,06/05/2024,AB+,FFP,1,5,19
5532,2,Davao Doctors Hospital,13/05/2024,AB+,FFP,1,5,20
5533,2,Davao Doctors Hospital,20/05/2024,AB+,FFP,0,5,21
5534,2,Davao Doctors Hospital,27/05/2024,AB+,FFP,0,5,22
5535,2,Davao Doctors Hospital,03/06/2024,AB+,FFP,1,6,23
5536,2,Davao Doctors Hospital,10/06/2024,AB+,FFP,1,6,24
5537,2,Davao Doctors Hospital,17/06/2024,AB+,FFP,1,6,25
5538,2,Davao Doctors Hospital,24/06/2024,AB+,FFP,0,6,26
5539,2,Davao Doctors Hospital,01/07/2024,AB+,FFP,1,7,27
5540,2,Davao Doctors Hospital,08/07/2024,AB+,FFP,0,7,28
5541,2,Davao Doctors Hospital,15/07/2024,AB+,FFP,1,7,29
5542,2,Davao Doctors Hospital,22/07/2024,AB+,FFP,1,7,30
5543,2,Davao Doctors Hospital,29/07/2024,AB+,FFP,0,7,31
5544,2,Davao Doctors Hospital,05/08/2024,AB+,FFP,1,8,32
5545,2,Davao Doctors Hospital,12/08/2024,AB+,FFP,1,8,33
5546,2,Davao Doctors Hospital,19/08/2024,AB+,FFP,1,8,34
5547,2,Davao Doctors Hospital,26/08/2024,AB+,FFP,1,8,35
5548,2,Davao Doctors Hospital,02/09/2024,AB+,FFP,1,9,36
5549,2,Davao Doctors Hospital,09/09/2024,AB+,FFP,0,9,37
5550,2,Davao Doctors Hospital,16/09/2024,AB+,FFP,1,9,38
5551,2,Davao Doctors Hospital,23/09/2024,AB+,FFP,0,9,39
5552,2,Davao Doctors Hospital,30/09/2024,AB+,FFP,0,9,40
5553,2,Davao Doctors Hospital,07/10/2024,AB+,FFP,1,10,41
5554,2,Davao Doctors Hospital,14/10/2024,AB+,FFP,1,10,42
5555,2,Davao Doctors Hospital,21/10/2024,AB+,FFP,1,10,43
5556,2,Davao Doctors Hospital,28/10/2024,AB+,FFP,1,10,44
5557,2,Davao Doctors Hospital,04/11/2024,AB+,FFP,0,11,45
5558,2,Davao Doctors Hospital,11/11/2024,AB+,FFP,0,11,46
5559,2,Davao Doctors Hospital,18/11/2024,AB+,FFP,1,11,47
5560,2,Davao Doctors Hospital,25/11/2024,AB+,FFP,0,11,48
5561,2,Davao Doctors Hospital,02/12/2024,AB+,FFP,1,12,49
5562,2,Davao Doctors Hospital,09/12/2024,AB+,FFP,1,12,50
5563,2,Davao Doctors Hospital,16/12/2024,AB+,FFP,1,12,51
5564,2,Davao Doctors Hospital,23/12/2024,AB+,FFP,1,12,52
5565,2,Davao Doctors Hospital,30/12/2024,AB+,FFP,1,12,53
5566,2,Davao Doctors Hospital,06/01/2025,AB+,FFP,0,1,54
5567,2,Davao Doctors Hospital,13/01/2025,AB+,FFP,1,1,55
5568,2,Davao Doctors Hospital,20/01/2025,AB+,FFP,1,1,56
5569,2,Davao Doctors Hospital,27/01/2025,AB+,FFP,1,1,57
5570,2,Davao Doctors Hospital,03/02/2025,AB+,FFP,0,2,58
5571,2,Davao Doctors Hospital,10/02/2025,AB+,FFP,0,2,59
5572,2,Davao Doctors Hospital,17/02/2025,AB+,FFP,1,2,60
5573,2,Davao Doctors Hospital,24/02/2025,AB+,FFP,0,2,61
5574,2,Davao Doctors Hospital,03/03/2025,AB+,FFP,1,3,62
5575,2,Davao Doctors Hospital,10/03/2025,AB+,FFP,0,3,63
5576,2,Davao Doctors Hospital,17/03/2025,AB+,FFP,1,3,64
5577,2,Davao Doctors Hospital,24/03/2025,AB+,FFP,0,3,65
5578,2,Davao Doctors Hospital,31/03/2025,AB+,FFP,1,3,66
5579,2,Davao Doctors Hospital,07/04/2025,AB+,FFP,0,4,67
5580,2,Davao Doctors Hospital,14/04/2025,AB+,FFP,0,4,68
5581,2,Davao Doctors Hospital,21/04/2025,AB+,FFP,0,4,69
5582,2,Davao Doctors Hospital,28/04/2025,AB+,FFP,0,4,70
5583,2,Davao Doctors Hospital,05/05/2025,AB+,FFP,0,5,71
5584,2,Davao Doctors Hospital,12/05/2025,AB+,FFP,1,5,72
5585,2,Davao Doctors Hospital,19/05/2025,AB+,FFP,1,5,73
5586,2,Davao Doctors Hospital,26/05/2025,AB+,FFP,1,5,74
5587,2,Davao Doctors Hospital,02/06/2025,AB+,FFP,0,6,75
5588,2,Davao Doctors Hospital,09/06/2025,AB+,FFP,0,6,76
5589,2,Davao Doctors Hospital,16/06/2025,AB+,FFP,0,6,77
5590,2,Davao Doctors Hospital,23/06/2025,AB+,FFP,0,6,78
5591,2,Davao Doctors Hospital,30/06/2025,AB+,FFP,0,6,79
5592,2,Davao Doctors Hospital,07/07/2025,AB+,FFP,1,7,80
5593,2,Davao Doctors Hospital,14/07/2025,AB+,FFP,0,7,81
5594,2,Davao Doctors Hospital,21/07/2025,AB+,FFP,1,7,82
5595,2,Davao Doctors Hospital,28/07/2025,AB+,FFP,0,7,83
5596,2,Davao Doctors Hospital,04/08/2025,AB+,FFP,0,8,84
5597,2,Davao Doctors Hospital,11/08/2025,AB+,FFP,0,8,85
5598,2,Davao Doctors Hospital,18/08/2025,AB+,FFP,0,8,86
5599,2,Davao Doctors Hospital,25/08/2025,AB+,FFP,1,8,87
5600,2,Davao Doctors Hospital,01/09/2025,AB+,FFP,1,9,88
5601,2,Davao Doctors Hospital,08/09/2025,AB+,FFP,1,9,89
5602,2,Davao Doctors Hospital,15/09/2025,AB+,FFP,0,9,90
5603,2,Davao Doctors Hospital,22/09/2025,AB+,FFP,1,9,91
5604,2,Davao Doctors Hospital,29/09/2025,AB+,FFP,1,9,92
5605,2,Davao Doctors Hospital,06/10/2025,AB+,FFP,1,10,93
5606,2,Davao Doctors Hospital,13/10/2025,AB+,FFP,0,10,94
5607,2,Davao Doctors Hospital,20/10/2025,AB+,FFP,1,10,95
5608,2,Davao Doctors Hospital,27/10/2025,AB+,FFP,0,10,96
5609,2,Davao Doctors Hospital,03/11/2025,AB+,FFP,1,11,97
5610,2,Davao Doctors Hospital,10/11/2025,AB+,FFP,0,11,98
5611,2,Davao Doctors Hospital,17/11/2025,AB+,FFP,1,11,99
5612,2,Davao Doctors Hospital,24/11/2025,AB+,FFP,0,11,100
5613,2,Davao Doctors Hospital,01/12/2025,AB+,FFP,1,12,101
5614,2,Davao Doctors Hospital,08/12/2025,AB+,FFP,0,12,102
5615,2,Davao Doctors Hospital,15/12/2025,AB+,FFP,1,12,103
5616,2,Davao Doctors Hospital,22/12/2025,AB+,FFP,1,12,104
5617,2,Davao Doctors Hospital,01/01/2024,AB-,PRBC,0,1,1
5618,2,Davao Doctors Hospital,08/01/2024,AB-,PRBC,1,1,2
5619,2,Davao Doctors Hospital,15/01/2024,AB-,PRBC,1,1,3
5620,2,Davao Doctors Hospital,22/01/2024,AB-,PRBC,1,1,4
5621,2,Davao Doctors Hospital,29/01/2024,AB-,PRBC,1,1,5
5622,2,Davao Doctors Hospital,05/02/2024,AB-,PRBC,1,2,6
5623,2,Davao Doctors Hospital,12/02/2024,AB-,PRBC,0,2,7
5624,2,Davao Doctors Hospital,19/02/2024,AB-,PRBC,1,2,8
5625,2,Davao Doctors Hospital,26/02/2024,AB-,PRBC,1,2,9
5626,2,Davao Doctors Hospital,04/03/2024,AB-,PRBC,1,3,10
5627,2,Davao Doctors Hospital,11/03/2024,AB-,PRBC,1,3,11
5628,2,Davao Doctors Hospital,18/03/2024,AB-,PRBC,1,3,12
5629,2,Davao Doctors Hospital,25/03/2024,AB-,PRBC,0,3,13
5630,2,Davao Doctors Hospital,01/04/2024,AB-,PRBC,0,4,14
5631,2,Davao Doctors Hospital,08/04/2024,AB-,PRBC,1,4,15
5632,2,Davao Doctors Hospital,15/04/2024,AB-,PRBC,1,4,16
5633,2,Davao Doctors Hospital,22/04/2024,AB-,PRBC,0,4,17
5634,2,Davao Doctors Hospital,29/04/2024,AB-,PRBC,0,4,18
5635,2,Davao Doctors Hospital,06/05/2024,AB-,PRBC,1,5,19
5636,2,Davao Doctors Hospital,13/05/2024,AB-,PRBC,1,5,20
5637,2,Davao Doctors Hospital,20/05/2024,AB-,PRBC,0,5,21
5638,2,Davao Doctors Hospital,27/05/2024,AB-,PRBC,1,5,22
5639,2,Davao Doctors Hospital,03/06/2024,AB-,PRBC,0,6,23
5640,2,Davao Doctors Hospital,10/06/2024,AB-,PRBC,0,6,24
5641,2,Davao Doctors Hospital,17/06/2024,AB-,PRBC,1,6,25
5642,2,Davao Doctors Hospital,24/06/2024,AB-,PRBC,0,6,26
5643,2,Davao Doctors Hospital,01/07/2024,AB-,PRBC,0,7,27
5644,2,Davao Doctors Hospital,08/07/2024,AB-,PRBC,1,7,28
5645,2,Davao Doctors Hospital,15/07/2024,AB-,PRBC,0,7,29
5646,2,Davao Doctors Hospital,22/07/2024,AB-,PRBC,0,7,30
5647,2,Davao Doctors Hospital,29/07/2024,AB-,PRBC,1,7,31
5648,2,Davao Doctors Hospital,05/08/2024,AB-,PRBC,1,8,32
5649,2,Davao Doctors Hospital,12/08/2024,AB-,PRBC,1,8,33
5650,2,Davao Doctors Hospital,19/08/2024,AB-,PRBC,1,8,34
5651,2,Davao Doctors Hospital,26/08/2024,AB-,PRBC,1,8,35
5652,2,Davao Doctors Hospital,02/09/2024,AB-,PRBC,0,9,36
5653,2,Davao Doctors Hospital,09/09/2024,AB-,PRBC,0,9,37
5654,2,Davao Doctors Hospital,16/09/2024,AB-,PRBC,1,9,38
5655,2,Davao Doctors Hospital,23/09/2024,AB-,PRBC,0,9,39
5656,2,Davao Doctors Hospital,30/09/2024,AB-,PRBC,0,9,40
5657,2,Davao Doctors Hospital,07/10/2024,AB-,PRBC,1,10,41
5658,2,Davao Doctors Hospital,14/10/2024,AB-,PRBC,1,10,42
5659,2,Davao Doctors Hospital,21/10/2024,AB-,PRBC,1,10,43
5660,2,Davao Doctors Hospital,28/10/2024,AB-,PRBC,1,10,44
5661,2,Davao Doctors Hospital,04/11/2024,AB-,PRBC,1,11,45
5662,2,Davao Doctors Hospital,11/11/2024,AB-,PRBC,1,11,46
5663,2,Davao Doctors Hospital,18/11/2024,AB-,PRBC,0,11,47
5664,2,Davao Doctors Hospital,25/11/2024,AB-,PRBC,1,11,48
5665,2,Davao Doctors Hospital,02/12/2024,AB-,PRBC,1,12,49
5666,2,Davao Doctors Hospital,09/12/2024,AB-,PRBC,1,12,50
5667,2,Davao Doctors Hospital,16/12/2024,AB-,PRBC,1,12,51
5668,2,Davao Doctors Hospital,23/12/2024,AB-,PRBC,1,12,52
5669,2,Davao Doctors Hospital,30/12/2024,AB-,PRBC,1,12,53
5670,2,Davao Doctors Hospital,06/01/2025,AB-,PRBC,0,1,54
5671,2,Davao Doctors Hospital,13/01/2025,AB-,PRBC,1,1,55
5672,2,Davao Doctors Hospital,20/01/2025,AB-,PRBC,1,1,56
5673,2,Davao Doctors Hospital,27/01/2025,AB-,PRBC,0,1,57
5674,2,Davao Doctors Hospital,03/02/2025,AB-,PRBC,1,2,58
5675,2,Davao Doctors Hospital,10/02/2025,AB-,PRBC,0,2,59
5676,2,Davao Doctors Hospital,17/02/2025,AB-,PRBC,1,2,60
5677,2,Davao Doctors Hospital,24/02/2025,AB-,PRBC,1,2,61
5678,2,Davao Doctors Hospital,03/03/2025,AB-,PRBC,1,3,62
5679,2,Davao Doctors Hospital,10/03/2025,AB-,PRBC,1,3,63
5680,2,Davao Doctors Hospital,17/03/2025,AB-,PRBC,0,3,64
5681,2,Davao Doctors Hospital,24/03/2025,AB-,PRBC,1,3,65
5682,2,Davao Doctors Hospital,31/03/2025,AB-,PRBC,1,3,66
5683,2,Davao Doctors Hospital,07/04/2025,AB-,PRBC,1,4,67
5684,2,Davao Doctors Hospital,14/04/2025,AB-,PRBC,0,4,68
5685,2,Davao Doctors Hospital,21/04/2025,AB-,PRBC,0,4,69
5686,2,Davao Doctors Hospital,28/04/2025,AB-,PRBC,0,4,70
5687,2,Davao Doctors Hospital,05/05/2025,AB-,PRBC,1,5,71
5688,2,Davao Doctors Hospital,12/05/2025,AB-,PRBC,0,5,72
5689,2,Davao Doctors Hospital,19/05/2025,AB-,PRBC,0,5,73
5690,2,Davao Doctors Hospital,26/05/2025,AB-,PRBC,0,5,74
5691,2,Davao Doctors Hospital,02/06/2025,AB-,PRBC,0,6,75
5692,2,Davao Doctors Hospital,09/06/2025,AB-,PRBC,1,6,76
5693,2,Davao Doctors Hospital,16/06/2025,AB-,PRBC,0,6,77
5694,2,Davao Doctors Hospital,23/06/2025,AB-,PRBC,1,6,78
5695,2,Davao Doctors Hospital,30/06/2025,AB-,PRBC,0,6,79
5696,2,Davao Doctors Hospital,07/07/2025,AB-,PRBC,0,7,80
5697,2,Davao Doctors Hospital,14/07/2025,AB-,PRBC,0,7,81
5698,2,Davao Doctors Hospital,21/07/2025,AB-,PRBC,1,7,82
5699,2,Davao Doctors Hospital,28/07/2025,AB-,PRBC,1,7,83
5700,2,Davao Doctors Hospital,04/08/2025,AB-,PRBC,1,8,84
5701,2,Davao Doctors Hospital,11/08/2025,AB-,PRBC,1,8,85
5702,2,Davao Doctors Hospital,18/08/2025,AB-,PRBC,1,8,86
5703,2,Davao Doctors Hospital,25/08/2025,AB-,PRBC,1,8,87
5704,2,Davao Doctors Hospital,01/09/2025,AB-,PRBC,1,9,88
5705,2,Davao Doctors Hospital,08/09/2025,AB-,PRBC,0,9,89
5706,2,Davao Doctors Hospital,15/09/2025,AB-,PRBC,0,9,90
5707,2,Davao Doctors Hospital,22/09/2025,AB-,PRBC,1,9,91
5708,2,Davao Doctors Hospital,29/09/2025,AB-,PRBC,0,9,92
5709,2,Davao Doctors Hospital,06/10/2025,AB-,PRBC,1,10,93
5710,2,Davao Doctors Hospital,13/10/2025,AB-,PRBC,1,10,94
5711,2,Davao Doctors Hospital,20/10/2025,AB-,PRBC,0,10,95
5712,2,Davao Doctors Hospital,27/10/2025,AB-,PRBC,0,10,96
5713,2,Davao Doctors Hospital,03/11/2025,AB-,PRBC,1,11,97
5714,2,Davao Doctors Hospital,10/11/2025,AB-,PRBC,0,11,98
5715,2,Davao Doctors Hospital,17/11/2025,AB-,PRBC,1,11,99
5716,2,Davao Doctors Hospital,24/11/2025,AB-,PRBC,1,11,100
5717,2,Davao Doctors Hospital,01/12/2025,AB-,PRBC,1,12,101
5718,2,Davao Doctors Hospital,08/12/2025,AB-,PRBC,0,12,102
5719,2,Davao Doctors Hospital,15/12/2025,AB-,PRBC,0,12,103
5720,2,Davao Doctors Hospital,22/12/2025,AB-,PRBC,1,12,104
5721,3,San Pedro Hospital,01/01/2024,O+,PRBC,3,1,1
5722,3,San Pedro Hospital,08/01/2024,O+,PRBC,6,1,2
5723,3,San Pedro Hospital,15/01/2024,O+,PRBC,5,1,3
5724,3,San Pedro Hospital,22/01/2024,O+,PRBC,6,1,4
5725,3,San Pedro Hospital,29/01/2024,O+,PRBC,5,1,5
5726,3,San Pedro Hospital,05/02/2024,O+,PRBC,5,2,6
5727,3,San Pedro Hospital,12/02/2024,O+,PRBC,6,2,7
5728,3,San Pedro Hospital,19/02/2024,O+,PRBC,5,2,8
5729,3,San Pedro Hospital,26/02/2024,O+,PRBC,4,2,9
5730,3,San Pedro Hospital,04/03/2024,O+,PRBC,5,3,10
5731,3,San Pedro Hospital,11/03/2024,O+,PRBC,6,3,11
5732,3,San Pedro Hospital,18/03/2024,O+,PRBC,5,3,12
5733,3,San Pedro Hospital,25/03/2024,O+,PRBC,4,3,13
5734,3,San Pedro Hospital,01/04/2024,O+,PRBC,6,4,14
5735,3,San Pedro Hospital,08/04/2024,O+,PRBC,4,4,15
5736,3,San Pedro Hospital,15/04/2024,O+,PRBC,5,4,16
5737,3,San Pedro Hospital,22/04/2024,O+,PRBC,6,4,17
5738,3,San Pedro Hospital,29/04/2024,O+,PRBC,6,4,18
5739,3,San Pedro Hospital,06/05/2024,O+,PRBC,3,5,19
5740,3,San Pedro Hospital,13/05/2024,O+,PRBC,6,5,20
5741,3,San Pedro Hospital,20/05/2024,O+,PRBC,6,5,21
5742,3,San Pedro Hospital,27/05/2024,O+,PRBC,5,5,22
5743,3,San Pedro Hospital,03/06/2024,O+,PRBC,5,6,23
5744,3,San Pedro Hospital,10/06/2024,O+,PRBC,3,6,24
5745,3,San Pedro Hospital,17/06/2024,O+,PRBC,3,6,25
5746,3,San Pedro Hospital,24/06/2024,O+,PRBC,6,6,26
5747,3,San Pedro Hospital,01/07/2024,O+,PRBC,5,7,27
5748,3,San Pedro Hospital,08/07/2024,O+,PRBC,5,7,28
5749,3,San Pedro Hospital,15/07/2024,O+,PRBC,6,7,29
5750,3,San Pedro Hospital,22/07/2024,O+,PRBC,5,7,30
5751,3,San Pedro Hospital,29/07/2024,O+,PRBC,5,7,31
5752,3,San Pedro Hospital,05/08/2024,O+,PRBC,6,8,32
5753,3,San Pedro Hospital,12/08/2024,O+,PRBC,4,8,33
5754,3,San Pedro Hospital,19/08/2024,O+,PRBC,6,8,34
5755,3,San Pedro Hospital,26/08/2024,O+,PRBC,5,8,35
5756,3,San Pedro Hospital,02/09/2024,O+,PRBC,5,9,36
5757,3,San Pedro Hospital,09/09/2024,O+,PRBC,4,9,37
5758,3,San Pedro Hospital,16/09/2024,O+,PRBC,5,9,38
5759,3,San Pedro Hospital,23/09/2024,O+,PRBC,5,9,39
5760,3,San Pedro Hospital,30/09/2024,O+,PRBC,4,9,40
5761,3,San Pedro Hospital,07/10/2024,O+,PRBC,5,10,41
5762,3,San Pedro Hospital,14/10/2024,O+,PRBC,5,10,42
5763,3,San Pedro Hospital,21/10/2024,O+,PRBC,6,10,43
5764,3,San Pedro Hospital,28/10/2024,O+,PRBC,6,10,44
5765,3,San Pedro Hospital,04/11/2024,O+,PRBC,7,11,45
5766,3,San Pedro Hospital,11/11/2024,O+,PRBC,5,11,46
5767,3,San Pedro Hospital,18/11/2024,O+,PRBC,5,11,47
5768,3,San Pedro Hospital,25/11/2024,O+,PRBC,6,11,48
5769,3,San Pedro Hospital,02/12/2024,O+,PRBC,7,12,49
5770,3,San Pedro Hospital,09/12/2024,O+,PRBC,7,12,50
5771,3,San Pedro Hospital,16/12/2024,O+,PRBC,5,12,51
5772,3,San Pedro Hospital,23/12/2024,O+,PRBC,5,12,52
5773,3,San Pedro Hospital,30/12/2024,O+,PRBC,6,12,53
5774,3,San Pedro Hospital,06/01/2025,O+,PRBC,7,1,54
5775,3,San Pedro Hospital,13/01/2025,O+,PRBC,5,1,55
5776,3,San Pedro Hospital,20/01/2025,O+,PRBC,5,1,56
5777,3,San Pedro Hospital,27/01/2025,O+,PRBC,6,1,57
5778,3,San Pedro Hospital,03/02/2025,O+,PRBC,6,2,58
5779,3,San Pedro Hospital,10/02/2025,O+,PRBC,6,2,59
5780,3,San Pedro Hospital,17/02/2025,O+,PRBC,6,2,60
5781,3,San Pedro Hospital,24/02/2025,O+,PRBC,5,2,61
5782,3,San Pedro Hospital,03/03/2025,O+,PRBC,5,3,62
5783,3,San Pedro Hospital,10/03/2025,O+,PRBC,6,3,63
5784,3,San Pedro Hospital,17/03/2025,O+,PRBC,6,3,64
5785,3,San Pedro Hospital,24/03/2025,O+,PRBC,4,3,65
5786,3,San Pedro Hospital,31/03/2025,O+,PRBC,6,3,66
5787,3,San Pedro Hospital,07/04/2025,O+,PRBC,7,4,67
5788,3,San Pedro Hospital,14/04/2025,O+,PRBC,6,4,68
5789,3,San Pedro Hospital,21/04/2025,O+,PRBC,6,4,69
5790,3,San Pedro Hospital,28/04/2025,O+,PRBC,6,4,70
5791,3,San Pedro Hospital,05/05/2025,O+,PRBC,5,5,71
5792,3,San Pedro Hospital,12/05/2025,O+,PRBC,7,5,72
5793,3,San Pedro Hospital,19/05/2025,O+,PRBC,7,5,73
5794,3,San Pedro Hospital,26/05/2025,O+,PRBC,6,5,74
5795,3,San Pedro Hospital,02/06/2025,O+,PRBC,6,6,75
5796,3,San Pedro Hospital,09/06/2025,O+,PRBC,6,6,76
5797,3,San Pedro Hospital,16/06/2025,O+,PRBC,4,6,77
5798,3,San Pedro Hospital,23/06/2025,O+,PRBC,7,6,78
5799,3,San Pedro Hospital,30/06/2025,O+,PRBC,6,6,79
5800,3,San Pedro Hospital,07/07/2025,O+,PRBC,7,7,80
5801,3,San Pedro Hospital,14/07/2025,O+,PRBC,6,7,81
5802,3,San Pedro Hospital,21/07/2025,O+,PRBC,5,7,82
5803,3,San Pedro Hospital,28/07/2025,O+,PRBC,5,7,83
5804,3,San Pedro Hospital,04/08/2025,O+,PRBC,6,8,84
5805,3,San Pedro Hospital,11/08/2025,O+,PRBC,5,8,85
5806,3,San Pedro Hospital,18/08/2025,O+,PRBC,5,8,86
5807,3,San Pedro Hospital,25/08/2025,O+,PRBC,6,8,87
5808,3,San Pedro Hospital,01/09/2025,O+,PRBC,5,9,88
5809,3,San Pedro Hospital,08/09/2025,O+,PRBC,6,9,89
5810,3,San Pedro Hospital,15/09/2025,O+,PRBC,6,9,90
5811,3,San Pedro Hospital,22/09/2025,O+,PRBC,4,9,91
5812,3,San Pedro Hospital,29/09/2025,O+,PRBC,5,9,92
5813,3,San Pedro Hospital,06/10/2025,O+,PRBC,7,10,93
5814,3,San Pedro Hospital,13/10/2025,O+,PRBC,5,10,94
5815,3,San Pedro Hospital,20/10/2025,O+,PRBC,6,10,95
5816,3,San Pedro Hospital,27/10/2025,O+,PRBC,6,10,96
5817,3,San Pedro Hospital,03/11/2025,O+,PRBC,6,11,97
5818,3,San Pedro Hospital,10/11/2025,O+,PRBC,8,11,98
5819,3,San Pedro Hospital,17/11/2025,O+,PRBC,5,11,99
5820,3,San Pedro Hospital,24/11/2025,O+,PRBC,5,11,100
5821,3,San Pedro Hospital,01/12/2025,O+,PRBC,6,12,101
5822,3,San Pedro Hospital,08/12/2025,O+,PRBC,8,12,102
5823,3,San Pedro Hospital,15/12/2025,O+,PRBC,6,12,103
5824,3,San Pedro Hospital,22/12/2025,O+,PRBC,7,12,104
5825,3,San Pedro Hospital,01/01/2024,O+,Platelet Concentrate,1,1,1
5826,3,San Pedro Hospital,08/01/2024,O+,Platelet Concentrate,2,1,2
5827,3,San Pedro Hospital,15/01/2024,O+,Platelet Concentrate,1,1,3
5828,3,San Pedro Hospital,22/01/2024,O+,Platelet Concentrate,2,1,4
5829,3,San Pedro Hospital,29/01/2024,O+,Platelet Concentrate,2,1,5
5830,3,San Pedro Hospital,05/02/2024,O+,Platelet Concentrate,1,2,6
5831,3,San Pedro Hospital,12/02/2024,O+,Platelet Concentrate,1,2,7
5832,3,San Pedro Hospital,19/02/2024,O+,Platelet Concentrate,1,2,8
5833,3,San Pedro Hospital,26/02/2024,O+,Platelet Concentrate,2,2,9
5834,3,San Pedro Hospital,04/03/2024,O+,Platelet Concentrate,1,3,10
5835,3,San Pedro Hospital,11/03/2024,O+,Platelet Concentrate,2,3,11
5836,3,San Pedro Hospital,18/03/2024,O+,Platelet Concentrate,1,3,12
5837,3,San Pedro Hospital,25/03/2024,O+,Platelet Concentrate,1,3,13
5838,3,San Pedro Hospital,01/04/2024,O+,Platelet Concentrate,2,4,14
5839,3,San Pedro Hospital,08/04/2024,O+,Platelet Concentrate,2,4,15
5840,3,San Pedro Hospital,15/04/2024,O+,Platelet Concentrate,2,4,16
5841,3,San Pedro Hospital,22/04/2024,O+,Platelet Concentrate,1,4,17
5842,3,San Pedro Hospital,29/04/2024,O+,Platelet Concentrate,1,4,18
5843,3,San Pedro Hospital,06/05/2024,O+,Platelet Concentrate,2,5,19
5844,3,San Pedro Hospital,13/05/2024,O+,Platelet Concentrate,1,5,20
5845,3,San Pedro Hospital,20/05/2024,O+,Platelet Concentrate,1,5,21
5846,3,San Pedro Hospital,27/05/2024,O+,Platelet Concentrate,2,5,22
5847,3,San Pedro Hospital,03/06/2024,O+,Platelet Concentrate,1,6,23
5848,3,San Pedro Hospital,10/06/2024,O+,Platelet Concentrate,1,6,24
5849,3,San Pedro Hospital,17/06/2024,O+,Platelet Concentrate,1,6,25
5850,3,San Pedro Hospital,24/06/2024,O+,Platelet Concentrate,2,6,26
5851,3,San Pedro Hospital,01/07/2024,O+,Platelet Concentrate,1,7,27
5852,3,San Pedro Hospital,08/07/2024,O+,Platelet Concentrate,2,7,28
5853,3,San Pedro Hospital,15/07/2024,O+,Platelet Concentrate,1,7,29
5854,3,San Pedro Hospital,22/07/2024,O+,Platelet Concentrate,2,7,30
5855,3,San Pedro Hospital,29/07/2024,O+,Platelet Concentrate,1,7,31
5856,3,San Pedro Hospital,05/08/2024,O+,Platelet Concentrate,2,8,32
5857,3,San Pedro Hospital,12/08/2024,O+,Platelet Concentrate,1,8,33
5858,3,San Pedro Hospital,19/08/2024,O+,Platelet Concentrate,2,8,34
5859,3,San Pedro Hospital,26/08/2024,O+,Platelet Concentrate,1,8,35
5860,3,San Pedro Hospital,02/09/2024,O+,Platelet Concentrate,1,9,36
5861,3,San Pedro Hospital,09/09/2024,O+,Platelet Concentrate,1,9,37
5862,3,San Pedro Hospital,16/09/2024,O+,Platelet Concentrate,1,9,38
5863,3,San Pedro Hospital,23/09/2024,O+,Platelet Concentrate,1,9,39
5864,3,San Pedro Hospital,30/09/2024,O+,Platelet Concentrate,2,9,40
5865,3,San Pedro Hospital,07/10/2024,O+,Platelet Concentrate,1,10,41
5866,3,San Pedro Hospital,14/10/2024,O+,Platelet Concentrate,2,10,42
5867,3,San Pedro Hospital,21/10/2024,O+,Platelet Concentrate,2,10,43
5868,3,San Pedro Hospital,28/10/2024,O+,Platelet Concentrate,2,10,44
5869,3,San Pedro Hospital,04/11/2024,O+,Platelet Concentrate,2,11,45
5870,3,San Pedro Hospital,11/11/2024,O+,Platelet Concentrate,1,11,46
5871,3,San Pedro Hospital,18/11/2024,O+,Platelet Concentrate,2,11,47
5872,3,San Pedro Hospital,25/11/2024,O+,Platelet Concentrate,2,11,48
5873,3,San Pedro Hospital,02/12/2024,O+,Platelet Concentrate,2,12,49
5874,3,San Pedro Hospital,09/12/2024,O+,Platelet Concentrate,2,12,50
5875,3,San Pedro Hospital,16/12/2024,O+,Platelet Concentrate,2,12,51
5876,3,San Pedro Hospital,23/12/2024,O+,Platelet Concentrate,2,12,52
5877,3,San Pedro Hospital,30/12/2024,O+,Platelet Concentrate,2,12,53
5878,3,San Pedro Hospital,06/01/2025,O+,Platelet Concentrate,2,1,54
5879,3,San Pedro Hospital,13/01/2025,O+,Platelet Concentrate,2,1,55
5880,3,San Pedro Hospital,20/01/2025,O+,Platelet Concentrate,2,1,56
5881,3,San Pedro Hospital,27/01/2025,O+,Platelet Concentrate,2,1,57
5882,3,San Pedro Hospital,03/02/2025,O+,Platelet Concentrate,1,2,58
5883,3,San Pedro Hospital,10/02/2025,O+,Platelet Concentrate,2,2,59
5884,3,San Pedro Hospital,17/02/2025,O+,Platelet Concentrate,1,2,60
5885,3,San Pedro Hospital,24/02/2025,O+,Platelet Concentrate,1,2,61
5886,3,San Pedro Hospital,03/03/2025,O+,Platelet Concentrate,2,3,62
5887,3,San Pedro Hospital,10/03/2025,O+,Platelet Concentrate,1,3,63
5888,3,San Pedro Hospital,17/03/2025,O+,Platelet Concentrate,2,3,64
5889,3,San Pedro Hospital,24/03/2025,O+,Platelet Concentrate,2,3,65
5890,3,San Pedro Hospital,31/03/2025,O+,Platelet Concentrate,1,3,66
5891,3,San Pedro Hospital,07/04/2025,O+,Platelet Concentrate,1,4,67
5892,3,San Pedro Hospital,14/04/2025,O+,Platelet Concentrate,1,4,68
5893,3,San Pedro Hospital,21/04/2025,O+,Platelet Concentrate,1,4,69
5894,3,San Pedro Hospital,28/04/2025,O+,Platelet Concentrate,2,4,70
5895,3,San Pedro Hospital,05/05/2025,O+,Platelet Concentrate,1,5,71
5896,3,San Pedro Hospital,12/05/2025,O+,Platelet Concentrate,2,5,72
5897,3,San Pedro Hospital,19/05/2025,O+,Platelet Concentrate,1,5,73
5898,3,San Pedro Hospital,26/05/2025,O+,Platelet Concentrate,1,5,74
5899,3,San Pedro Hospital,02/06/2025,O+,Platelet Concentrate,2,6,75
5900,3,San Pedro Hospital,09/06/2025,O+,Platelet Concentrate,2,6,76
5901,3,San Pedro Hospital,16/06/2025,O+,Platelet Concentrate,1,6,77
5902,3,San Pedro Hospital,23/06/2025,O+,Platelet Concentrate,2,6,78
5903,3,San Pedro Hospital,30/06/2025,O+,Platelet Concentrate,2,6,79
5904,3,San Pedro Hospital,07/07/2025,O+,Platelet Concentrate,1,7,80
5905,3,San Pedro Hospital,14/07/2025,O+,Platelet Concentrate,2,7,81
5906,3,San Pedro Hospital,21/07/2025,O+,Platelet Concentrate,2,7,82
5907,3,San Pedro Hospital,28/07/2025,O+,Platelet Concentrate,2,7,83
5908,3,San Pedro Hospital,04/08/2025,O+,Platelet Concentrate,1,8,84
5909,3,San Pedro Hospital,11/08/2025,O+,Platelet Concentrate,1,8,85
5910,3,San Pedro Hospital,18/08/2025,O+,Platelet Concentrate,2,8,86
5911,3,San Pedro Hospital,25/08/2025,O+,Platelet Concentrate,2,8,87
5912,3,San Pedro Hospital,01/09/2025,O+,Platelet Concentrate,1,9,88
5913,3,San Pedro Hospital,08/09/2025,O+,Platelet Concentrate,1,9,89
5914,3,San Pedro Hospital,15/09/2025,O+,Platelet Concentrate,2,9,90
5915,3,San Pedro Hospital,22/09/2025,O+,Platelet Concentrate,1,9,91
5916,3,San Pedro Hospital,29/09/2025,O+,Platelet Concentrate,1,9,92
5917,3,San Pedro Hospital,06/10/2025,O+,Platelet Concentrate,2,10,93
5918,3,San Pedro Hospital,13/10/2025,O+,Platelet Concentrate,1,10,94
5919,3,San Pedro Hospital,20/10/2025,O+,Platelet Concentrate,2,10,95
5920,3,San Pedro Hospital,27/10/2025,O+,Platelet Concentrate,1,10,96
5921,3,San Pedro Hospital,03/11/2025,O+,Platelet Concentrate,1,11,97
5922,3,San Pedro Hospital,10/11/2025,O+,Platelet Concentrate,2,11,98
5923,3,San Pedro Hospital,17/11/2025,O+,Platelet Concentrate,2,11,99
5924,3,San Pedro Hospital,24/11/2025,O+,Platelet Concentrate,1,11,100
5925,3,San Pedro Hospital,01/12/2025,O+,Platelet Concentrate,2,12,101
5926,3,San Pedro Hospital,08/12/2025,O+,Platelet Concentrate,2,12,102
5927,3,San Pedro Hospital,15/12/2025,O+,Platelet Concentrate,1,12,103
5928,3,San Pedro Hospital,22/12/2025,O+,Platelet Concentrate,1,12,104
5929,3,San Pedro Hospital,01/01/2024,O+,FFP,2,1,1
5930,3,San Pedro Hospital,08/01/2024,O+,FFP,2,1,2
5931,3,San Pedro Hospital,15/01/2024,O+,FFP,2,1,3
5932,3,San Pedro Hospital,22/01/2024,O+,FFP,2,1,4
5933,3,San Pedro Hospital,29/01/2024,O+,FFP,2,1,5
5934,3,San Pedro Hospital,05/02/2024,O+,FFP,2,2,6
5935,3,San Pedro Hospital,12/02/2024,O+,FFP,1,2,7
5936,3,San Pedro Hospital,19/02/2024,O+,FFP,1,2,8
5937,3,San Pedro Hospital,26/02/2024,O+,FFP,2,2,9
5938,3,San Pedro Hospital,04/03/2024,O+,FFP,2,3,10
5939,3,San Pedro Hospital,11/03/2024,O+,FFP,2,3,11
5940,3,San Pedro Hospital,18/03/2024,O+,FFP,2,3,12
5941,3,San Pedro Hospital,25/03/2024,O+,FFP,2,3,13
5942,3,San Pedro Hospital,01/04/2024,O+,FFP,2,4,14
5943,3,San Pedro Hospital,08/04/2024,O+,FFP,2,4,15
5944,3,San Pedro Hospital,15/04/2024,O+,FFP,2,4,16
5945,3,San Pedro Hospital,22/04/2024,O+,FFP,2,4,17
5946,3,San Pedro Hospital,29/04/2024,O+,FFP,2,4,18
5947,3,San Pedro Hospital,06/05/2024,O+,FFP,2,5,19
5948,3,San Pedro Hospital,13/05/2024,O+,FFP,2,5,20
5949,3,San Pedro Hospital,20/05/2024,O+,FFP,2,5,21
5950,3,San Pedro Hospital,27/05/2024,O+,FFP,2,5,22
5951,3,San Pedro Hospital,03/06/2024,O+,FFP,2,6,23
5952,3,San Pedro Hospital,10/06/2024,O+,FFP,2,6,24
5953,3,San Pedro Hospital,17/06/2024,O+,FFP,2,6,25
5954,3,San Pedro Hospital,24/06/2024,O+,FFP,2,6,26
5955,3,San Pedro Hospital,01/07/2024,O+,FFP,3,7,27
5956,3,San Pedro Hospital,08/07/2024,O+,FFP,2,7,28
5957,3,San Pedro Hospital,15/07/2024,O+,FFP,2,7,29
5958,3,San Pedro Hospital,22/07/2024,O+,FFP,2,7,30
5959,3,San Pedro Hospital,29/07/2024,O+,FFP,2,7,31
5960,3,San Pedro Hospital,05/08/2024,O+,FFP,2,8,32
5961,3,San Pedro Hospital,12/08/2024,O+,FFP,3,8,33
5962,3,San Pedro Hospital,19/08/2024,O+,FFP,2,8,34
5963,3,San Pedro Hospital,26/08/2024,O+,FFP,3,8,35
5964,3,San Pedro Hospital,02/09/2024,O+,FFP,2,9,36
5965,3,San Pedro Hospital,09/09/2024,O+,FFP,2,9,37
5966,3,San Pedro Hospital,16/09/2024,O+,FFP,2,9,38
5967,3,San Pedro Hospital,23/09/2024,O+,FFP,2,9,39
5968,3,San Pedro Hospital,30/09/2024,O+,FFP,2,9,40
5969,3,San Pedro Hospital,07/10/2024,O+,FFP,2,10,41
5970,3,San Pedro Hospital,14/10/2024,O+,FFP,2,10,42
5971,3,San Pedro Hospital,21/10/2024,O+,FFP,2,10,43
5972,3,San Pedro Hospital,28/10/2024,O+,FFP,2,10,44
5973,3,San Pedro Hospital,04/11/2024,O+,FFP,2,11,45
5974,3,San Pedro Hospital,11/11/2024,O+,FFP,2,11,46
5975,3,San Pedro Hospital,18/11/2024,O+,FFP,2,11,47
5976,3,San Pedro Hospital,25/11/2024,O+,FFP,2,11,48
5977,3,San Pedro Hospital,02/12/2024,O+,FFP,2,12,49
5978,3,San Pedro Hospital,09/12/2024,O+,FFP,2,12,50
5979,3,San Pedro Hospital,16/12/2024,O+,FFP,2,12,51
5980,3,San Pedro Hospital,23/12/2024,O+,FFP,2,12,52
5981,3,San Pedro Hospital,30/12/2024,O+,FFP,2,12,53
5982,3,San Pedro Hospital,06/01/2025,O+,FFP,1,1,54
5983,3,San Pedro Hospital,13/01/2025,O+,FFP,2,1,55
5984,3,San Pedro Hospital,20/01/2025,O+,FFP,2,1,56
5985,3,San Pedro Hospital,27/01/2025,O+,FFP,2,1,57
5986,3,San Pedro Hospital,03/02/2025,O+,FFP,2,2,58
5987,3,San Pedro Hospital,10/02/2025,O+,FFP,2,2,59
5988,3,San Pedro Hospital,17/02/2025,O+,FFP,2,2,60
5989,3,San Pedro Hospital,24/02/2025,O+,FFP,2,2,61
5990,3,San Pedro Hospital,03/03/2025,O+,FFP,2,3,62
5991,3,San Pedro Hospital,10/03/2025,O+,FFP,2,3,63
5992,3,San Pedro Hospital,17/03/2025,O+,FFP,2,3,64
5993,3,San Pedro Hospital,24/03/2025,O+,FFP,2,3,65
5994,3,San Pedro Hospital,31/03/2025,O+,FFP,2,3,66
5995,3,San Pedro Hospital,07/04/2025,O+,FFP,2,4,67
5996,3,San Pedro Hospital,14/04/2025,O+,FFP,2,4,68
5997,3,San Pedro Hospital,21/04/2025,O+,FFP,2,4,69
5998,3,San Pedro Hospital,28/04/2025,O+,FFP,1,4,70
5999,3,San Pedro Hospital,05/05/2025,O+,FFP,2,5,71
6000,3,San Pedro Hospital,12/05/2025,O+,FFP,2,5,72
6001,3,San Pedro Hospital,19/05/2025,O+,FFP,2,5,73
6002,3,San Pedro Hospital,26/05/2025,O+,FFP,2,5,74
6003,3,San Pedro Hospital,02/06/2025,O+,FFP,2,6,75
6004,3,San Pedro Hospital,09/06/2025,O+,FFP,2,6,76
6005,3,San Pedro Hospital,16/06/2025,O+,FFP,2,6,77
6006,3,San Pedro Hospital,23/06/2025,O+,FFP,1,6,78
6007,3,San Pedro Hospital,30/06/2025,O+,FFP,2,6,79
6008,3,San Pedro Hospital,07/07/2025,O+,FFP,2,7,80
6009,3,San Pedro Hospital,14/07/2025,O+,FFP,2,7,81
6010,3,San Pedro Hospital,21/07/2025,O+,FFP,2,7,82
6011,3,San Pedro Hospital,28/07/2025,O+,FFP,2,7,83
6012,3,San Pedro Hospital,04/08/2025,O+,FFP,2,8,84
6013,3,San Pedro Hospital,11/08/2025,O+,FFP,2,8,85
6014,3,San Pedro Hospital,18/08/2025,O+,FFP,2,8,86
6015,3,San Pedro Hospital,25/08/2025,O+,FFP,1,8,87
6016,3,San Pedro Hospital,01/09/2025,O+,FFP,2,9,88
6017,3,San Pedro Hospital,08/09/2025,O+,FFP,2,9,89
6018,3,San Pedro Hospital,15/09/2025,O+,FFP,2,9,90
6019,3,San Pedro Hospital,22/09/2025,O+,FFP,2,9,91
6020,3,San Pedro Hospital,29/09/2025,O+,FFP,2,9,92
6021,3,San Pedro Hospital,06/10/2025,O+,FFP,2,10,93
6022,3,San Pedro Hospital,13/10/2025,O+,FFP,2,10,94
6023,3,San Pedro Hospital,20/10/2025,O+,FFP,2,10,95
6024,3,San Pedro Hospital,27/10/2025,O+,FFP,2,10,96
6025,3,San Pedro Hospital,03/11/2025,O+,FFP,2,11,97
6026,3,San Pedro Hospital,10/11/2025,O+,FFP,2,11,98
6027,3,San Pedro Hospital,17/11/2025,O+,FFP,1,11,99
6028,3,San Pedro Hospital,24/11/2025,O+,FFP,2,11,100
6029,3,San Pedro Hospital,01/12/2025,O+,FFP,3,12,101
6030,3,San Pedro Hospital,08/12/2025,O+,FFP,3,12,102
6031,3,San Pedro Hospital,15/12/2025,O+,FFP,2,12,103
6032,3,San Pedro Hospital,22/12/2025,O+,FFP,2,12,104
6033,3,San Pedro Hospital,01/01/2024,O+,Cryoprecipitate,1,1,1
6034,3,San Pedro Hospital,08/01/2024,O+,Cryoprecipitate,1,1,2
6035,3,San Pedro Hospital,15/01/2024,O+,Cryoprecipitate,1,1,3
6036,3,San Pedro Hospital,22/01/2024,O+,Cryoprecipitate,1,1,4
6037,3,San Pedro Hospital,29/01/2024,O+,Cryoprecipitate,1,1,5
6038,3,San Pedro Hospital,05/02/2024,O+,Cryoprecipitate,0,2,6
6039,3,San Pedro Hospital,12/02/2024,O+,Cryoprecipitate,1,2,7
6040,3,San Pedro Hospital,19/02/2024,O+,Cryoprecipitate,0,2,8
6041,3,San Pedro Hospital,26/02/2024,O+,Cryoprecipitate,1,2,9
6042,3,San Pedro Hospital,04/03/2024,O+,Cryoprecipitate,1,3,10
6043,3,San Pedro Hospital,11/03/2024,O+,Cryoprecipitate,0,3,11
6044,3,San Pedro Hospital,18/03/2024,O+,Cryoprecipitate,0,3,12
6045,3,San Pedro Hospital,25/03/2024,O+,Cryoprecipitate,1,3,13
6046,3,San Pedro Hospital,01/04/2024,O+,Cryoprecipitate,1,4,14
6047,3,San Pedro Hospital,08/04/2024,O+,Cryoprecipitate,1,4,15
6048,3,San Pedro Hospital,15/04/2024,O+,Cryoprecipitate,1,4,16
6049,3,San Pedro Hospital,22/04/2024,O+,Cryoprecipitate,0,4,17
6050,3,San Pedro Hospital,29/04/2024,O+,Cryoprecipitate,0,4,18
6051,3,San Pedro Hospital,06/05/2024,O+,Cryoprecipitate,1,5,19
6052,3,San Pedro Hospital,13/05/2024,O+,Cryoprecipitate,1,5,20
6053,3,San Pedro Hospital,20/05/2024,O+,Cryoprecipitate,1,5,21
6054,3,San Pedro Hospital,27/05/2024,O+,Cryoprecipitate,0,5,22
6055,3,San Pedro Hospital,03/06/2024,O+,Cryoprecipitate,1,6,23
6056,3,San Pedro Hospital,10/06/2024,O+,Cryoprecipitate,1,6,24
6057,3,San Pedro Hospital,17/06/2024,O+,Cryoprecipitate,1,6,25
6058,3,San Pedro Hospital,24/06/2024,O+,Cryoprecipitate,1,6,26
6059,3,San Pedro Hospital,01/07/2024,O+,Cryoprecipitate,0,7,27
6060,3,San Pedro Hospital,08/07/2024,O+,Cryoprecipitate,0,7,28
6061,3,San Pedro Hospital,15/07/2024,O+,Cryoprecipitate,1,7,29
6062,3,San Pedro Hospital,22/07/2024,O+,Cryoprecipitate,1,7,30
6063,3,San Pedro Hospital,29/07/2024,O+,Cryoprecipitate,1,7,31
6064,3,San Pedro Hospital,05/08/2024,O+,Cryoprecipitate,1,8,32
6065,3,San Pedro Hospital,12/08/2024,O+,Cryoprecipitate,1,8,33
6066,3,San Pedro Hospital,19/08/2024,O+,Cryoprecipitate,0,8,34
6067,3,San Pedro Hospital,26/08/2024,O+,Cryoprecipitate,1,8,35
6068,3,San Pedro Hospital,02/09/2024,O+,Cryoprecipitate,1,9,36
6069,3,San Pedro Hospital,09/09/2024,O+,Cryoprecipitate,1,9,37
6070,3,San Pedro Hospital,16/09/2024,O+,Cryoprecipitate,1,9,38
6071,3,San Pedro Hospital,23/09/2024,O+,Cryoprecipitate,1,9,39
6072,3,San Pedro Hospital,30/09/2024,O+,Cryoprecipitate,0,9,40
6073,3,San Pedro Hospital,07/10/2024,O+,Cryoprecipitate,1,10,41
6074,3,San Pedro Hospital,14/10/2024,O+,Cryoprecipitate,0,10,42
6075,3,San Pedro Hospital,21/10/2024,O+,Cryoprecipitate,1,10,43
6076,3,San Pedro Hospital,28/10/2024,O+,Cryoprecipitate,0,10,44
6077,3,San Pedro Hospital,04/11/2024,O+,Cryoprecipitate,1,11,45
6078,3,San Pedro Hospital,11/11/2024,O+,Cryoprecipitate,0,11,46
6079,3,San Pedro Hospital,18/11/2024,O+,Cryoprecipitate,1,11,47
6080,3,San Pedro Hospital,25/11/2024,O+,Cryoprecipitate,1,11,48
6081,3,San Pedro Hospital,02/12/2024,O+,Cryoprecipitate,1,12,49
6082,3,San Pedro Hospital,09/12/2024,O+,Cryoprecipitate,1,12,50
6083,3,San Pedro Hospital,16/12/2024,O+,Cryoprecipitate,1,12,51
6084,3,San Pedro Hospital,23/12/2024,O+,Cryoprecipitate,1,12,52
6085,3,San Pedro Hospital,30/12/2024,O+,Cryoprecipitate,1,12,53
6086,3,San Pedro Hospital,06/01/2025,O+,Cryoprecipitate,1,1,54
6087,3,San Pedro Hospital,13/01/2025,O+,Cryoprecipitate,1,1,55
6088,3,San Pedro Hospital,20/01/2025,O+,Cryoprecipitate,1,1,56
6089,3,San Pedro Hospital,27/01/2025,O+,Cryoprecipitate,1,1,57
6090,3,San Pedro Hospital,03/02/2025,O+,Cryoprecipitate,0,2,58
6091,3,San Pedro Hospital,10/02/2025,O+,Cryoprecipitate,1,2,59
6092,3,San Pedro Hospital,17/02/2025,O+,Cryoprecipitate,0,2,60
6093,3,San Pedro Hospital,24/02/2025,O+,Cryoprecipitate,1,2,61
6094,3,San Pedro Hospital,03/03/2025,O+,Cryoprecipitate,0,3,62
6095,3,San Pedro Hospital,10/03/2025,O+,Cryoprecipitate,1,3,63
6096,3,San Pedro Hospital,17/03/2025,O+,Cryoprecipitate,1,3,64
6097,3,San Pedro Hospital,24/03/2025,O+,Cryoprecipitate,0,3,65
6098,3,San Pedro Hospital,31/03/2025,O+,Cryoprecipitate,1,3,66
6099,3,San Pedro Hospital,07/04/2025,O+,Cryoprecipitate,0,4,67
6100,3,San Pedro Hospital,14/04/2025,O+,Cryoprecipitate,1,4,68
6101,3,San Pedro Hospital,21/04/2025,O+,Cryoprecipitate,1,4,69
6102,3,San Pedro Hospital,28/04/2025,O+,Cryoprecipitate,1,4,70
6103,3,San Pedro Hospital,05/05/2025,O+,Cryoprecipitate,0,5,71
6104,3,San Pedro Hospital,12/05/2025,O+,Cryoprecipitate,1,5,72
6105,3,San Pedro Hospital,19/05/2025,O+,Cryoprecipitate,0,5,73
6106,3,San Pedro Hospital,26/05/2025,O+,Cryoprecipitate,1,5,74
6107,3,San Pedro Hospital,02/06/2025,O+,Cryoprecipitate,1,6,75
6108,3,San Pedro Hospital,09/06/2025,O+,Cryoprecipitate,1,6,76
6109,3,San Pedro Hospital,16/06/2025,O+,Cryoprecipitate,0,6,77
6110,3,San Pedro Hospital,23/06/2025,O+,Cryoprecipitate,0,6,78
6111,3,San Pedro Hospital,30/06/2025,O+,Cryoprecipitate,1,6,79
6112,3,San Pedro Hospital,07/07/2025,O+,Cryoprecipitate,0,7,80
6113,3,San Pedro Hospital,14/07/2025,O+,Cryoprecipitate,1,7,81
6114,3,San Pedro Hospital,21/07/2025,O+,Cryoprecipitate,0,7,82
6115,3,San Pedro Hospital,28/07/2025,O+,Cryoprecipitate,1,7,83
6116,3,San Pedro Hospital,04/08/2025,O+,Cryoprecipitate,1,8,84
6117,3,San Pedro Hospital,11/08/2025,O+,Cryoprecipitate,0,8,85
6118,3,San Pedro Hospital,18/08/2025,O+,Cryoprecipitate,1,8,86
6119,3,San Pedro Hospital,25/08/2025,O+,Cryoprecipitate,0,8,87
6120,3,San Pedro Hospital,01/09/2025,O+,Cryoprecipitate,0,9,88
6121,3,San Pedro Hospital,08/09/2025,O+,Cryoprecipitate,1,9,89
6122,3,San Pedro Hospital,15/09/2025,O+,Cryoprecipitate,0,9,90
6123,3,San Pedro Hospital,22/09/2025,O+,Cryoprecipitate,1,9,91
6124,3,San Pedro Hospital,29/09/2025,O+,Cryoprecipitate,1,9,92
6125,3,San Pedro Hospital,06/10/2025,O+,Cryoprecipitate,1,10,93
6126,3,San Pedro Hospital,13/10/2025,O+,Cryoprecipitate,1,10,94
6127,3,San Pedro Hospital,20/10/2025,O+,Cryoprecipitate,0,10,95
6128,3,San Pedro Hospital,27/10/2025,O+,Cryoprecipitate,1,10,96
6129,3,San Pedro Hospital,03/11/2025,O+,Cryoprecipitate,1,11,97
6130,3,San Pedro Hospital,10/11/2025,O+,Cryoprecipitate,0,11,98
6131,3,San Pedro Hospital,17/11/2025,O+,Cryoprecipitate,0,11,99
6132,3,San Pedro Hospital,24/11/2025,O+,Cryoprecipitate,1,11,100
6133,3,San Pedro Hospital,01/12/2025,O+,Cryoprecipitate,1,12,101
6134,3,San Pedro Hospital,08/12/2025,O+,Cryoprecipitate,1,12,102
6135,3,San Pedro Hospital,15/12/2025,O+,Cryoprecipitate,1,12,103
6136,3,San Pedro Hospital,22/12/2025,O+,Cryoprecipitate,1,12,104
6137,3,San Pedro Hospital,01/01/2024,O+,Cryosupernate,1,1,1
6138,3,San Pedro Hospital,08/01/2024,O+,Cryosupernate,1,1,2
6139,3,San Pedro Hospital,15/01/2024,O+,Cryosupernate,0,1,3
6140,3,San Pedro Hospital,22/01/2024,O+,Cryosupernate,0,1,4
6141,3,San Pedro Hospital,29/01/2024,O+,Cryosupernate,0,1,5
6142,3,San Pedro Hospital,05/02/2024,O+,Cryosupernate,1,2,6
6143,3,San Pedro Hospital,12/02/2024,O+,Cryosupernate,0,2,7
6144,3,San Pedro Hospital,19/02/2024,O+,Cryosupernate,0,2,8
6145,3,San Pedro Hospital,26/02/2024,O+,Cryosupernate,1,2,9
6146,3,San Pedro Hospital,04/03/2024,O+,Cryosupernate,1,3,10
6147,3,San Pedro Hospital,11/03/2024,O+,Cryosupernate,0,3,11
6148,3,San Pedro Hospital,18/03/2024,O+,Cryosupernate,0,3,12
6149,3,San Pedro Hospital,25/03/2024,O+,Cryosupernate,1,3,13
6150,3,San Pedro Hospital,01/04/2024,O+,Cryosupernate,0,4,14
6151,3,San Pedro Hospital,08/04/2024,O+,Cryosupernate,1,4,15
6152,3,San Pedro Hospital,15/04/2024,O+,Cryosupernate,0,4,16
6153,3,San Pedro Hospital,22/04/2024,O+,Cryosupernate,1,4,17
6154,3,San Pedro Hospital,29/04/2024,O+,Cryosupernate,0,4,18
6155,3,San Pedro Hospital,06/05/2024,O+,Cryosupernate,1,5,19
6156,3,San Pedro Hospital,13/05/2024,O+,Cryosupernate,0,5,20
6157,3,San Pedro Hospital,20/05/2024,O+,Cryosupernate,1,5,21
6158,3,San Pedro Hospital,27/05/2024,O+,Cryosupernate,0,5,22
6159,3,San Pedro Hospital,03/06/2024,O+,Cryosupernate,0,6,23
6160,3,San Pedro Hospital,10/06/2024,O+,Cryosupernate,0,6,24
6161,3,San Pedro Hospital,17/06/2024,O+,Cryosupernate,1,6,25
6162,3,San Pedro Hospital,24/06/2024,O+,Cryosupernate,0,6,26
6163,3,San Pedro Hospital,01/07/2024,O+,Cryosupernate,0,7,27
6164,3,San Pedro Hospital,08/07/2024,O+,Cryosupernate,1,7,28
6165,3,San Pedro Hospital,15/07/2024,O+,Cryosupernate,1,7,29
6166,3,San Pedro Hospital,22/07/2024,O+,Cryosupernate,1,7,30
6167,3,San Pedro Hospital,29/07/2024,O+,Cryosupernate,0,7,31
6168,3,San Pedro Hospital,05/08/2024,O+,Cryosupernate,1,8,32
6169,3,San Pedro Hospital,12/08/2024,O+,Cryosupernate,1,8,33
6170,3,San Pedro Hospital,19/08/2024,O+,Cryosupernate,1,8,34
6171,3,San Pedro Hospital,26/08/2024,O+,Cryosupernate,1,8,35
6172,3,San Pedro Hospital,02/09/2024,O+,Cryosupernate,0,9,36
6173,3,San Pedro Hospital,09/09/2024,O+,Cryosupernate,1,9,37
6174,3,San Pedro Hospital,16/09/2024,O+,Cryosupernate,1,9,38
6175,3,San Pedro Hospital,23/09/2024,O+,Cryosupernate,1,9,39
6176,3,San Pedro Hospital,30/09/2024,O+,Cryosupernate,0,9,40
6177,3,San Pedro Hospital,07/10/2024,O+,Cryosupernate,0,10,41
6178,3,San Pedro Hospital,14/10/2024,O+,Cryosupernate,0,10,42
6179,3,San Pedro Hospital,21/10/2024,O+,Cryosupernate,0,10,43
6180,3,San Pedro Hospital,28/10/2024,O+,Cryosupernate,1,10,44
6181,3,San Pedro Hospital,04/11/2024,O+,Cryosupernate,1,11,45
6182,3,San Pedro Hospital,11/11/2024,O+,Cryosupernate,0,11,46
6183,3,San Pedro Hospital,18/11/2024,O+,Cryosupernate,1,11,47
6184,3,San Pedro Hospital,25/11/2024,O+,Cryosupernate,1,11,48
6185,3,San Pedro Hospital,02/12/2024,O+,Cryosupernate,0,12,49
6186,3,San Pedro Hospital,09/12/2024,O+,Cryosupernate,0,12,50
6187,3,San Pedro Hospital,16/12/2024,O+,Cryosupernate,0,12,51
6188,3,San Pedro Hospital,23/12/2024,O+,Cryosupernate,0,12,52
6189,3,San Pedro Hospital,30/12/2024,O+,Cryosupernate,1,12,53
6190,3,San Pedro Hospital,06/01/2025,O+,Cryosupernate,0,1,54
6191,3,San Pedro Hospital,13/01/2025,O+,Cryosupernate,0,1,55
6192,3,San Pedro Hospital,20/01/2025,O+,Cryosupernate,0,1,56
6193,3,San Pedro Hospital,27/01/2025,O+,Cryosupernate,1,1,57
6194,3,San Pedro Hospital,03/02/2025,O+,Cryosupernate,1,2,58
6195,3,San Pedro Hospital,10/02/2025,O+,Cryosupernate,0,2,59
6196,3,San Pedro Hospital,17/02/2025,O+,Cryosupernate,0,2,60
6197,3,San Pedro Hospital,24/02/2025,O+,Cryosupernate,1,2,61
6198,3,San Pedro Hospital,03/03/2025,O+,Cryosupernate,1,3,62
6199,3,San Pedro Hospital,10/03/2025,O+,Cryosupernate,0,3,63
6200,3,San Pedro Hospital,17/03/2025,O+,Cryosupernate,1,3,64
6201,3,San Pedro Hospital,24/03/2025,O+,Cryosupernate,0,3,65
6202,3,San Pedro Hospital,31/03/2025,O+,Cryosupernate,0,3,66
6203,3,San Pedro Hospital,07/04/2025,O+,Cryosupernate,0,4,67
6204,3,San Pedro Hospital,14/04/2025,O+,Cryosupernate,0,4,68
6205,3,San Pedro Hospital,21/04/2025,O+,Cryosupernate,0,4,69
6206,3,San Pedro Hospital,28/04/2025,O+,Cryosupernate,0,4,70
6207,3,San Pedro Hospital,05/05/2025,O+,Cryosupernate,1,5,71
6208,3,San Pedro Hospital,12/05/2025,O+,Cryosupernate,0,5,72
6209,3,San Pedro Hospital,19/05/2025,O+,Cryosupernate,0,5,73
6210,3,San Pedro Hospital,26/05/2025,O+,Cryosupernate,0,5,74
6211,3,San Pedro Hospital,02/06/2025,O+,Cryosupernate,0,6,75
6212,3,San Pedro Hospital,09/06/2025,O+,Cryosupernate,0,6,76
6213,3,San Pedro Hospital,16/06/2025,O+,Cryosupernate,1,6,77
6214,3,San Pedro Hospital,23/06/2025,O+,Cryosupernate,1,6,78
6215,3,San Pedro Hospital,30/06/2025,O+,Cryosupernate,0,6,79
6216,3,San Pedro Hospital,07/07/2025,O+,Cryosupernate,0,7,80
6217,3,San Pedro Hospital,14/07/2025,O+,Cryosupernate,1,7,81
6218,3,San Pedro Hospital,21/07/2025,O+,Cryosupernate,0,7,82
6219,3,San Pedro Hospital,28/07/2025,O+,Cryosupernate,1,7,83
6220,3,San Pedro Hospital,04/08/2025,O+,Cryosupernate,1,8,84
6221,3,San Pedro Hospital,11/08/2025,O+,Cryosupernate,0,8,85
6222,3,San Pedro Hospital,18/08/2025,O+,Cryosupernate,0,8,86
6223,3,San Pedro Hospital,25/08/2025,O+,Cryosupernate,0,8,87
6224,3,San Pedro Hospital,01/09/2025,O+,Cryosupernate,1,9,88
6225,3,San Pedro Hospital,08/09/2025,O+,Cryosupernate,1,9,89
6226,3,San Pedro Hospital,15/09/2025,O+,Cryosupernate,0,9,90
6227,3,San Pedro Hospital,22/09/2025,O+,Cryosupernate,1,9,91
6228,3,San Pedro Hospital,29/09/2025,O+,Cryosupernate,0,9,92
6229,3,San Pedro Hospital,06/10/2025,O+,Cryosupernate,0,10,93
6230,3,San Pedro Hospital,13/10/2025,O+,Cryosupernate,1,10,94
6231,3,San Pedro Hospital,20/10/2025,O+,Cryosupernate,0,10,95
6232,3,San Pedro Hospital,27/10/2025,O+,Cryosupernate,1,10,96
6233,3,San Pedro Hospital,03/11/2025,O+,Cryosupernate,1,11,97
6234,3,San Pedro Hospital,10/11/2025,O+,Cryosupernate,1,11,98
6235,3,San Pedro Hospital,17/11/2025,O+,Cryosupernate,1,11,99
6236,3,San Pedro Hospital,24/11/2025,O+,Cryosupernate,1,11,100
6237,3,San Pedro Hospital,01/12/2025,O+,Cryosupernate,1,12,101
6238,3,San Pedro Hospital,08/12/2025,O+,Cryosupernate,0,12,102
6239,3,San Pedro Hospital,15/12/2025,O+,Cryosupernate,0,12,103
6240,3,San Pedro Hospital,22/12/2025,O+,Cryosupernate,1,12,104
6241,3,San Pedro Hospital,01/01/2024,O-,PRBC,1,1,1
6242,3,San Pedro Hospital,08/01/2024,O-,PRBC,1,1,2
6243,3,San Pedro Hospital,15/01/2024,O-,PRBC,0,1,3
6244,3,San Pedro Hospital,22/01/2024,O-,PRBC,1,1,4
6245,3,San Pedro Hospital,29/01/2024,O-,PRBC,1,1,5
6246,3,San Pedro Hospital,05/02/2024,O-,PRBC,1,2,6
6247,3,San Pedro Hospital,12/02/2024,O-,PRBC,1,2,7
6248,3,San Pedro Hospital,19/02/2024,O-,PRBC,0,2,8
6249,3,San Pedro Hospital,26/02/2024,O-,PRBC,1,2,9
6250,3,San Pedro Hospital,04/03/2024,O-,PRBC,1,3,10
6251,3,San Pedro Hospital,11/03/2024,O-,PRBC,1,3,11
6252,3,San Pedro Hospital,18/03/2024,O-,PRBC,1,3,12
6253,3,San Pedro Hospital,25/03/2024,O-,PRBC,1,3,13
6254,3,San Pedro Hospital,01/04/2024,O-,PRBC,1,4,14
6255,3,San Pedro Hospital,08/04/2024,O-,PRBC,1,4,15
6256,3,San Pedro Hospital,15/04/2024,O-,PRBC,1,4,16
6257,3,San Pedro Hospital,22/04/2024,O-,PRBC,1,4,17
6258,3,San Pedro Hospital,29/04/2024,O-,PRBC,1,4,18
6259,3,San Pedro Hospital,06/05/2024,O-,PRBC,1,5,19
6260,3,San Pedro Hospital,13/05/2024,O-,PRBC,0,5,20
6261,3,San Pedro Hospital,20/05/2024,O-,PRBC,1,5,21
6262,3,San Pedro Hospital,27/05/2024,O-,PRBC,1,5,22
6263,3,San Pedro Hospital,03/06/2024,O-,PRBC,1,6,23
6264,3,San Pedro Hospital,10/06/2024,O-,PRBC,1,6,24
6265,3,San Pedro Hospital,17/06/2024,O-,PRBC,1,6,25
6266,3,San Pedro Hospital,24/06/2024,O-,PRBC,1,6,26
6267,3,San Pedro Hospital,01/07/2024,O-,PRBC,1,7,27
6268,3,San Pedro Hospital,08/07/2024,O-,PRBC,1,7,28
6269,3,San Pedro Hospital,15/07/2024,O-,PRBC,1,7,29
6270,3,San Pedro Hospital,22/07/2024,O-,PRBC,1,7,30
6271,3,San Pedro Hospital,29/07/2024,O-,PRBC,0,7,31
6272,3,San Pedro Hospital,05/08/2024,O-,PRBC,1,8,32
6273,3,San Pedro Hospital,12/08/2024,O-,PRBC,1,8,33
6274,3,San Pedro Hospital,19/08/2024,O-,PRBC,1,8,34
6275,3,San Pedro Hospital,26/08/2024,O-,PRBC,0,8,35
6276,3,San Pedro Hospital,02/09/2024,O-,PRBC,1,9,36
6277,3,San Pedro Hospital,09/09/2024,O-,PRBC,1,9,37
6278,3,San Pedro Hospital,16/09/2024,O-,PRBC,1,9,38
6279,3,San Pedro Hospital,23/09/2024,O-,PRBC,1,9,39
6280,3,San Pedro Hospital,30/09/2024,O-,PRBC,0,9,40
6281,3,San Pedro Hospital,07/10/2024,O-,PRBC,1,10,41
6282,3,San Pedro Hospital,14/10/2024,O-,PRBC,1,10,42
6283,3,San Pedro Hospital,21/10/2024,O-,PRBC,1,10,43
6284,3,San Pedro Hospital,28/10/2024,O-,PRBC,1,10,44
6285,3,San Pedro Hospital,04/11/2024,O-,PRBC,1,11,45
6286,3,San Pedro Hospital,11/11/2024,O-,PRBC,1,11,46
6287,3,San Pedro Hospital,18/11/2024,O-,PRBC,0,11,47
6288,3,San Pedro Hospital,25/11/2024,O-,PRBC,1,11,48
6289,3,San Pedro Hospital,02/12/2024,O-,PRBC,1,12,49
6290,3,San Pedro Hospital,09/12/2024,O-,PRBC,2,12,50
6291,3,San Pedro Hospital,16/12/2024,O-,PRBC,1,12,51
6292,3,San Pedro Hospital,23/12/2024,O-,PRBC,1,12,52
6293,3,San Pedro Hospital,30/12/2024,O-,PRBC,1,12,53
6294,3,San Pedro Hospital,06/01/2025,O-,PRBC,1,1,54
6295,3,San Pedro Hospital,13/01/2025,O-,PRBC,1,1,55
6296,3,San Pedro Hospital,20/01/2025,O-,PRBC,1,1,56
6297,3,San Pedro Hospital,27/01/2025,O-,PRBC,1,1,57
6298,3,San Pedro Hospital,03/02/2025,O-,PRBC,1,2,58
6299,3,San Pedro Hospital,10/02/2025,O-,PRBC,2,2,59
6300,3,San Pedro Hospital,17/02/2025,O-,PRBC,1,2,60
6301,3,San Pedro Hospital,24/02/2025,O-,PRBC,1,2,61
6302,3,San Pedro Hospital,03/03/2025,O-,PRBC,1,3,62
6303,3,San Pedro Hospital,10/03/2025,O-,PRBC,1,3,63
6304,3,San Pedro Hospital,17/03/2025,O-,PRBC,1,3,64
6305,3,San Pedro Hospital,24/03/2025,O-,PRBC,1,3,65
6306,3,San Pedro Hospital,31/03/2025,O-,PRBC,1,3,66
6307,3,San Pedro Hospital,07/04/2025,O-,PRBC,1,4,67
6308,3,San Pedro Hospital,14/04/2025,O-,PRBC,1,4,68
6309,3,San Pedro Hospital,21/04/2025,O-,PRBC,1,4,69
6310,3,San Pedro Hospital,28/04/2025,O-,PRBC,1,4,70
6311,3,San Pedro Hospital,05/05/2025,O-,PRBC,1,5,71
6312,3,San Pedro Hospital,12/05/2025,O-,PRBC,1,5,72
6313,3,San Pedro Hospital,19/05/2025,O-,PRBC,1,5,73
6314,3,San Pedro Hospital,26/05/2025,O-,PRBC,1,5,74
6315,3,San Pedro Hospital,02/06/2025,O-,PRBC,1,6,75
6316,3,San Pedro Hospital,09/06/2025,O-,PRBC,1,6,76
6317,3,San Pedro Hospital,16/06/2025,O-,PRBC,2,6,77
6318,3,San Pedro Hospital,23/06/2025,O-,PRBC,1,6,78
6319,3,San Pedro Hospital,30/06/2025,O-,PRBC,1,6,79
6320,3,San Pedro Hospital,07/07/2025,O-,PRBC,1,7,80
6321,3,San Pedro Hospital,14/07/2025,O-,PRBC,1,7,81
6322,3,San Pedro Hospital,21/07/2025,O-,PRBC,1,7,82
6323,3,San Pedro Hospital,28/07/2025,O-,PRBC,0,7,83
6324,3,San Pedro Hospital,04/08/2025,O-,PRBC,1,8,84
6325,3,San Pedro Hospital,11/08/2025,O-,PRBC,1,8,85
6326,3,San Pedro Hospital,18/08/2025,O-,PRBC,1,8,86
6327,3,San Pedro Hospital,25/08/2025,O-,PRBC,1,8,87
6328,3,San Pedro Hospital,01/09/2025,O-,PRBC,1,9,88
6329,3,San Pedro Hospital,08/09/2025,O-,PRBC,1,9,89
6330,3,San Pedro Hospital,15/09/2025,O-,PRBC,1,9,90
6331,3,San Pedro Hospital,22/09/2025,O-,PRBC,1,9,91
6332,3,San Pedro Hospital,29/09/2025,O-,PRBC,1,9,92
6333,3,San Pedro Hospital,06/10/2025,O-,PRBC,1,10,93
6334,3,San Pedro Hospital,13/10/2025,O-,PRBC,1,10,94
6335,3,San Pedro Hospital,20/10/2025,O-,PRBC,1,10,95
6336,3,San Pedro Hospital,27/10/2025,O-,PRBC,1,10,96
6337,3,San Pedro Hospital,03/11/2025,O-,PRBC,1,11,97
6338,3,San Pedro Hospital,10/11/2025,O-,PRBC,1,11,98
6339,3,San Pedro Hospital,17/11/2025,O-,PRBC,1,11,99
6340,3,San Pedro Hospital,24/11/2025,O-,PRBC,1,11,100
6341,3,San Pedro Hospital,01/12/2025,O-,PRBC,1,12,101
6342,3,San Pedro Hospital,08/12/2025,O-,PRBC,1,12,102
6343,3,San Pedro Hospital,15/12/2025,O-,PRBC,1,12,103
6344,3,San Pedro Hospital,22/12/2025,O-,PRBC,1,12,104
6345,3,San Pedro Hospital,01/01/2024,O-,FFP,1,1,1
6346,3,San Pedro Hospital,08/01/2024,O-,FFP,1,1,2
6347,3,San Pedro Hospital,15/01/2024,O-,FFP,1,1,3
6348,3,San Pedro Hospital,22/01/2024,O-,FFP,0,1,4
6349,3,San Pedro Hospital,29/01/2024,O-,FFP,0,1,5
6350,3,San Pedro Hospital,05/02/2024,O-,FFP,0,2,6
6351,3,San Pedro Hospital,12/02/2024,O-,FFP,1,2,7
6352,3,San Pedro Hospital,19/02/2024,O-,FFP,0,2,8
6353,3,San Pedro Hospital,26/02/2024,O-,FFP,0,2,9
6354,3,San Pedro Hospital,04/03/2024,O-,FFP,0,3,10
6355,3,San Pedro Hospital,11/03/2024,O-,FFP,1,3,11
6356,3,San Pedro Hospital,18/03/2024,O-,FFP,0,3,12
6357,3,San Pedro Hospital,25/03/2024,O-,FFP,1,3,13
6358,3,San Pedro Hospital,01/04/2024,O-,FFP,0,4,14
6359,3,San Pedro Hospital,08/04/2024,O-,FFP,0,4,15
6360,3,San Pedro Hospital,15/04/2024,O-,FFP,0,4,16
6361,3,San Pedro Hospital,22/04/2024,O-,FFP,0,4,17
6362,3,San Pedro Hospital,29/04/2024,O-,FFP,1,4,18
6363,3,San Pedro Hospital,06/05/2024,O-,FFP,1,5,19
6364,3,San Pedro Hospital,13/05/2024,O-,FFP,0,5,20
6365,3,San Pedro Hospital,20/05/2024,O-,FFP,0,5,21
6366,3,San Pedro Hospital,27/05/2024,O-,FFP,1,5,22
6367,3,San Pedro Hospital,03/06/2024,O-,FFP,0,6,23
6368,3,San Pedro Hospital,10/06/2024,O-,FFP,0,6,24
6369,3,San Pedro Hospital,17/06/2024,O-,FFP,0,6,25
6370,3,San Pedro Hospital,24/06/2024,O-,FFP,0,6,26
6371,3,San Pedro Hospital,01/07/2024,O-,FFP,0,7,27
6372,3,San Pedro Hospital,08/07/2024,O-,FFP,1,7,28
6373,3,San Pedro Hospital,15/07/2024,O-,FFP,1,7,29
6374,3,San Pedro Hospital,22/07/2024,O-,FFP,1,7,30
6375,3,San Pedro Hospital,29/07/2024,O-,FFP,0,7,31
6376,3,San Pedro Hospital,05/08/2024,O-,FFP,0,8,32
6377,3,San Pedro Hospital,12/08/2024,O-,FFP,0,8,33
6378,3,San Pedro Hospital,19/08/2024,O-,FFP,1,8,34
6379,3,San Pedro Hospital,26/08/2024,O-,FFP,0,8,35
6380,3,San Pedro Hospital,02/09/2024,O-,FFP,1,9,36
6381,3,San Pedro Hospital,09/09/2024,O-,FFP,0,9,37
6382,3,San Pedro Hospital,16/09/2024,O-,FFP,0,9,38
6383,3,San Pedro Hospital,23/09/2024,O-,FFP,0,9,39
6384,3,San Pedro Hospital,30/09/2024,O-,FFP,0,9,40
6385,3,San Pedro Hospital,07/10/2024,O-,FFP,1,10,41
6386,3,San Pedro Hospital,14/10/2024,O-,FFP,0,10,42
6387,3,San Pedro Hospital,21/10/2024,O-,FFP,0,10,43
6388,3,San Pedro Hospital,28/10/2024,O-,FFP,0,10,44
6389,3,San Pedro Hospital,04/11/2024,O-,FFP,0,11,45
6390,3,San Pedro Hospital,11/11/2024,O-,FFP,0,11,46
6391,3,San Pedro Hospital,18/11/2024,O-,FFP,1,11,47
6392,3,San Pedro Hospital,25/11/2024,O-,FFP,0,11,48
6393,3,San Pedro Hospital,02/12/2024,O-,FFP,1,12,49
6394,3,San Pedro Hospital,09/12/2024,O-,FFP,0,12,50
6395,3,San Pedro Hospital,16/12/2024,O-,FFP,0,12,51
6396,3,San Pedro Hospital,23/12/2024,O-,FFP,1,12,52
6397,3,San Pedro Hospital,30/12/2024,O-,FFP,1,12,53
6398,3,San Pedro Hospital,06/01/2025,O-,FFP,0,1,54
6399,3,San Pedro Hospital,13/01/2025,O-,FFP,0,1,55
6400,3,San Pedro Hospital,20/01/2025,O-,FFP,0,1,56
6401,3,San Pedro Hospital,27/01/2025,O-,FFP,0,1,57
6402,3,San Pedro Hospital,03/02/2025,O-,FFP,0,2,58
6403,3,San Pedro Hospital,10/02/2025,O-,FFP,1,2,59
6404,3,San Pedro Hospital,17/02/2025,O-,FFP,0,2,60
6405,3,San Pedro Hospital,24/02/2025,O-,FFP,0,2,61
6406,3,San Pedro Hospital,03/03/2025,O-,FFP,1,3,62
6407,3,San Pedro Hospital,10/03/2025,O-,FFP,1,3,63
6408,3,San Pedro Hospital,17/03/2025,O-,FFP,0,3,64
6409,3,San Pedro Hospital,24/03/2025,O-,FFP,0,3,65
6410,3,San Pedro Hospital,31/03/2025,O-,FFP,0,3,66
6411,3,San Pedro Hospital,07/04/2025,O-,FFP,0,4,67
6412,3,San Pedro Hospital,14/04/2025,O-,FFP,0,4,68
6413,3,San Pedro Hospital,21/04/2025,O-,FFP,0,4,69
6414,3,San Pedro Hospital,28/04/2025,O-,FFP,1,4,70
6415,3,San Pedro Hospital,05/05/2025,O-,FFP,0,5,71
6416,3,San Pedro Hospital,12/05/2025,O-,FFP,0,5,72
6417,3,San Pedro Hospital,19/05/2025,O-,FFP,1,5,73
6418,3,San Pedro Hospital,26/05/2025,O-,FFP,1,5,74
6419,3,San Pedro Hospital,02/06/2025,O-,FFP,0,6,75
6420,3,San Pedro Hospital,09/06/2025,O-,FFP,0,6,76
6421,3,San Pedro Hospital,16/06/2025,O-,FFP,0,6,77
6422,3,San Pedro Hospital,23/06/2025,O-,FFP,1,6,78
6423,3,San Pedro Hospital,30/06/2025,O-,FFP,0,6,79
6424,3,San Pedro Hospital,07/07/2025,O-,FFP,0,7,80
6425,3,San Pedro Hospital,14/07/2025,O-,FFP,0,7,81
6426,3,San Pedro Hospital,21/07/2025,O-,FFP,0,7,82
6427,3,San Pedro Hospital,28/07/2025,O-,FFP,1,7,83
6428,3,San Pedro Hospital,04/08/2025,O-,FFP,1,8,84
6429,3,San Pedro Hospital,11/08/2025,O-,FFP,0,8,85
6430,3,San Pedro Hospital,18/08/2025,O-,FFP,0,8,86
6431,3,San Pedro Hospital,25/08/2025,O-,FFP,1,8,87
6432,3,San Pedro Hospital,01/09/2025,O-,FFP,1,9,88
6433,3,San Pedro Hospital,08/09/2025,O-,FFP,0,9,89
6434,3,San Pedro Hospital,15/09/2025,O-,FFP,0,9,90
6435,3,San Pedro Hospital,22/09/2025,O-,FFP,0,9,91
6436,3,San Pedro Hospital,29/09/2025,O-,FFP,0,9,92
6437,3,San Pedro Hospital,06/10/2025,O-,FFP,0,10,93
6438,3,San Pedro Hospital,13/10/2025,O-,FFP,0,10,94
6439,3,San Pedro Hospital,20/10/2025,O-,FFP,0,10,95
6440,3,San Pedro Hospital,27/10/2025,O-,FFP,0,10,96
6441,3,San Pedro Hospital,03/11/2025,O-,FFP,0,11,97
6442,3,San Pedro Hospital,10/11/2025,O-,FFP,0,11,98
6443,3,San Pedro Hospital,17/11/2025,O-,FFP,0,11,99
6444,3,San Pedro Hospital,24/11/2025,O-,FFP,0,11,100
6445,3,San Pedro Hospital,01/12/2025,O-,FFP,0,12,101
6446,3,San Pedro Hospital,08/12/2025,O-,FFP,0,12,102
6447,3,San Pedro Hospital,15/12/2025,O-,FFP,0,12,103
6448,3,San Pedro Hospital,22/12/2025,O-,FFP,0,12,104
6449,3,San Pedro Hospital,01/01/2024,A+,PRBC,4,1,1
6450,3,San Pedro Hospital,08/01/2024,A+,PRBC,5,1,2
6451,3,San Pedro Hospital,15/01/2024,A+,PRBC,3,1,3
6452,3,San Pedro Hospital,22/01/2024,A+,PRBC,4,1,4
6453,3,San Pedro Hospital,29/01/2024,A+,PRBC,3,1,5
6454,3,San Pedro Hospital,05/02/2024,A+,PRBC,4,2,6
6455,3,San Pedro Hospital,12/02/2024,A+,PRBC,5,2,7
6456,3,San Pedro Hospital,19/02/2024,A+,PRBC,4,2,8
6457,3,San Pedro Hospital,26/02/2024,A+,PRBC,3,2,9
6458,3,San Pedro Hospital,04/03/2024,A+,PRBC,5,3,10
6459,3,San Pedro Hospital,11/03/2024,A+,PRBC,3,3,11
6460,3,San Pedro Hospital,18/03/2024,A+,PRBC,4,3,12
6461,3,San Pedro Hospital,25/03/2024,A+,PRBC,4,3,13
6462,3,San Pedro Hospital,01/04/2024,A+,PRBC,4,4,14
6463,3,San Pedro Hospital,08/04/2024,A+,PRBC,4,4,15
6464,3,San Pedro Hospital,15/04/2024,A+,PRBC,3,4,16
6465,3,San Pedro Hospital,22/04/2024,A+,PRBC,4,4,17
6466,3,San Pedro Hospital,29/04/2024,A+,PRBC,4,4,18
6467,3,San Pedro Hospital,06/05/2024,A+,PRBC,3,5,19
6468,3,San Pedro Hospital,13/05/2024,A+,PRBC,5,5,20
6469,3,San Pedro Hospital,20/05/2024,A+,PRBC,4,5,21
6470,3,San Pedro Hospital,27/05/2024,A+,PRBC,4,5,22
6471,3,San Pedro Hospital,03/06/2024,A+,PRBC,3,6,23
6472,3,San Pedro Hospital,10/06/2024,A+,PRBC,4,6,24
6473,3,San Pedro Hospital,17/06/2024,A+,PRBC,5,6,25
6474,3,San Pedro Hospital,24/06/2024,A+,PRBC,4,6,26
6475,3,San Pedro Hospital,01/07/2024,A+,PRBC,4,7,27
6476,3,San Pedro Hospital,08/07/2024,A+,PRBC,4,7,28
6477,3,San Pedro Hospital,15/07/2024,A+,PRBC,4,7,29
6478,3,San Pedro Hospital,22/07/2024,A+,PRBC,4,7,30
6479,3,San Pedro Hospital,29/07/2024,A+,PRBC,4,7,31
6480,3,San Pedro Hospital,05/08/2024,A+,PRBC,4,8,32
6481,3,San Pedro Hospital,12/08/2024,A+,PRBC,4,8,33
6482,3,San Pedro Hospital,19/08/2024,A+,PRBC,4,8,34
6483,3,San Pedro Hospital,26/08/2024,A+,PRBC,4,8,35
6484,3,San Pedro Hospital,02/09/2024,A+,PRBC,5,9,36
6485,3,San Pedro Hospital,09/09/2024,A+,PRBC,4,9,37
6486,3,San Pedro Hospital,16/09/2024,A+,PRBC,3,9,38
6487,3,San Pedro Hospital,23/09/2024,A+,PRBC,2,9,39
6488,3,San Pedro Hospital,30/09/2024,A+,PRBC,3,9,40
6489,3,San Pedro Hospital,07/10/2024,A+,PRBC,3,10,41
6490,3,San Pedro Hospital,14/10/2024,A+,PRBC,4,10,42
6491,3,San Pedro Hospital,21/10/2024,A+,PRBC,3,10,43
6492,3,San Pedro Hospital,28/10/2024,A+,PRBC,3,10,44
6493,3,San Pedro Hospital,04/11/2024,A+,PRBC,4,11,45
6494,3,San Pedro Hospital,11/11/2024,A+,PRBC,3,11,46
6495,3,San Pedro Hospital,18/11/2024,A+,PRBC,4,11,47
6496,3,San Pedro Hospital,25/11/2024,A+,PRBC,4,11,48
6497,3,San Pedro Hospital,02/12/2024,A+,PRBC,5,12,49
6498,3,San Pedro Hospital,09/12/2024,A+,PRBC,3,12,50
6499,3,San Pedro Hospital,16/12/2024,A+,PRBC,4,12,51
6500,3,San Pedro Hospital,23/12/2024,A+,PRBC,4,12,52
6501,3,San Pedro Hospital,30/12/2024,A+,PRBC,4,12,53
6502,3,San Pedro Hospital,06/01/2025,A+,PRBC,3,1,54
6503,3,San Pedro Hospital,13/01/2025,A+,PRBC,4,1,55
6504,3,San Pedro Hospital,20/01/2025,A+,PRBC,5,1,56
6505,3,San Pedro Hospital,27/01/2025,A+,PRBC,3,1,57
6506,3,San Pedro Hospital,03/02/2025,A+,PRBC,3,2,58
6507,3,San Pedro Hospital,10/02/2025,A+,PRBC,4,2,59
6508,3,San Pedro Hospital,17/02/2025,A+,PRBC,5,2,60
6509,3,San Pedro Hospital,24/02/2025,A+,PRBC,4,2,61
6510,3,San Pedro Hospital,03/03/2025,A+,PRBC,5,3,62
6511,3,San Pedro Hospital,10/03/2025,A+,PRBC,3,3,63
6512,3,San Pedro Hospital,17/03/2025,A+,PRBC,3,3,64
6513,3,San Pedro Hospital,24/03/2025,A+,PRBC,5,3,65
6514,3,San Pedro Hospital,31/03/2025,A+,PRBC,3,3,66
6515,3,San Pedro Hospital,07/04/2025,A+,PRBC,4,4,67
6516,3,San Pedro Hospital,14/04/2025,A+,PRBC,4,4,68
6517,3,San Pedro Hospital,21/04/2025,A+,PRBC,3,4,69
6518,3,San Pedro Hospital,28/04/2025,A+,PRBC,4,4,70
6519,3,San Pedro Hospital,05/05/2025,A+,PRBC,3,5,71
6520,3,San Pedro Hospital,12/05/2025,A+,PRBC,4,5,72
6521,3,San Pedro Hospital,19/05/2025,A+,PRBC,4,5,73
6522,3,San Pedro Hospital,26/05/2025,A+,PRBC,4,5,74
6523,3,San Pedro Hospital,02/06/2025,A+,PRBC,4,6,75
6524,3,San Pedro Hospital,09/06/2025,A+,PRBC,4,6,76
6525,3,San Pedro Hospital,16/06/2025,A+,PRBC,5,6,77
6526,3,San Pedro Hospital,23/06/2025,A+,PRBC,4,6,78
6527,3,San Pedro Hospital,30/06/2025,A+,PRBC,4,6,79
6528,3,San Pedro Hospital,07/07/2025,A+,PRBC,3,7,80
6529,3,San Pedro Hospital,14/07/2025,A+,PRBC,3,7,81
6530,3,San Pedro Hospital,21/07/2025,A+,PRBC,4,7,82
6531,3,San Pedro Hospital,28/07/2025,A+,PRBC,4,7,83
6532,3,San Pedro Hospital,04/08/2025,A+,PRBC,5,8,84
6533,3,San Pedro Hospital,11/08/2025,A+,PRBC,5,8,85
6534,3,San Pedro Hospital,18/08/2025,A+,PRBC,4,8,86
6535,3,San Pedro Hospital,25/08/2025,A+,PRBC,4,8,87
6536,3,San Pedro Hospital,01/09/2025,A+,PRBC,2,9,88
6537,3,San Pedro Hospital,08/09/2025,A+,PRBC,4,9,89
6538,3,San Pedro Hospital,15/09/2025,A+,PRBC,5,9,90
6539,3,San Pedro Hospital,22/09/2025,A+,PRBC,3,9,91
6540,3,San Pedro Hospital,29/09/2025,A+,PRBC,4,9,92
6541,3,San Pedro Hospital,06/10/2025,A+,PRBC,3,10,93
6542,3,San Pedro Hospital,13/10/2025,A+,PRBC,5,10,94
6543,3,San Pedro Hospital,20/10/2025,A+,PRBC,4,10,95
6544,3,San Pedro Hospital,27/10/2025,A+,PRBC,4,10,96
6545,3,San Pedro Hospital,03/11/2025,A+,PRBC,4,11,97
6546,3,San Pedro Hospital,10/11/2025,A+,PRBC,5,11,98
6547,3,San Pedro Hospital,17/11/2025,A+,PRBC,5,11,99
6548,3,San Pedro Hospital,24/11/2025,A+,PRBC,5,11,100
6549,3,San Pedro Hospital,01/12/2025,A+,PRBC,4,12,101
6550,3,San Pedro Hospital,08/12/2025,A+,PRBC,4,12,102
6551,3,San Pedro Hospital,15/12/2025,A+,PRBC,5,12,103
6552,3,San Pedro Hospital,22/12/2025,A+,PRBC,4,12,104
6553,3,San Pedro Hospital,01/01/2024,A+,Platelet Concentrate,1,1,1
6554,3,San Pedro Hospital,08/01/2024,A+,Platelet Concentrate,2,1,2
6555,3,San Pedro Hospital,15/01/2024,A+,Platelet Concentrate,1,1,3
6556,3,San Pedro Hospital,22/01/2024,A+,Platelet Concentrate,1,1,4
6557,3,San Pedro Hospital,29/01/2024,A+,Platelet Concentrate,1,1,5
6558,3,San Pedro Hospital,05/02/2024,A+,Platelet Concentrate,0,2,6
6559,3,San Pedro Hospital,12/02/2024,A+,Platelet Concentrate,1,2,7
6560,3,San Pedro Hospital,19/02/2024,A+,Platelet Concentrate,1,2,8
6561,3,San Pedro Hospital,26/02/2024,A+,Platelet Concentrate,1,2,9
6562,3,San Pedro Hospital,04/03/2024,A+,Platelet Concentrate,1,3,10
6563,3,San Pedro Hospital,11/03/2024,A+,Platelet Concentrate,1,3,11
6564,3,San Pedro Hospital,18/03/2024,A+,Platelet Concentrate,1,3,12
6565,3,San Pedro Hospital,25/03/2024,A+,Platelet Concentrate,1,3,13
6566,3,San Pedro Hospital,01/04/2024,A+,Platelet Concentrate,1,4,14
6567,3,San Pedro Hospital,08/04/2024,A+,Platelet Concentrate,1,4,15
6568,3,San Pedro Hospital,15/04/2024,A+,Platelet Concentrate,1,4,16
6569,3,San Pedro Hospital,22/04/2024,A+,Platelet Concentrate,1,4,17
6570,3,San Pedro Hospital,29/04/2024,A+,Platelet Concentrate,1,4,18
6571,3,San Pedro Hospital,06/05/2024,A+,Platelet Concentrate,1,5,19
6572,3,San Pedro Hospital,13/05/2024,A+,Platelet Concentrate,0,5,20
6573,3,San Pedro Hospital,20/05/2024,A+,Platelet Concentrate,1,5,21
6574,3,San Pedro Hospital,27/05/2024,A+,Platelet Concentrate,1,5,22
6575,3,San Pedro Hospital,03/06/2024,A+,Platelet Concentrate,1,6,23
6576,3,San Pedro Hospital,10/06/2024,A+,Platelet Concentrate,1,6,24
6577,3,San Pedro Hospital,17/06/2024,A+,Platelet Concentrate,1,6,25
6578,3,San Pedro Hospital,24/06/2024,A+,Platelet Concentrate,1,6,26
6579,3,San Pedro Hospital,01/07/2024,A+,Platelet Concentrate,1,7,27
6580,3,San Pedro Hospital,08/07/2024,A+,Platelet Concentrate,2,7,28
6581,3,San Pedro Hospital,15/07/2024,A+,Platelet Concentrate,1,7,29
6582,3,San Pedro Hospital,22/07/2024,A+,Platelet Concentrate,1,7,30
6583,3,San Pedro Hospital,29/07/2024,A+,Platelet Concentrate,1,7,31
6584,3,San Pedro Hospital,05/08/2024,A+,Platelet Concentrate,1,8,32
6585,3,San Pedro Hospital,12/08/2024,A+,Platelet Concentrate,1,8,33
6586,3,San Pedro Hospital,19/08/2024,A+,Platelet Concentrate,1,8,34
6587,3,San Pedro Hospital,26/08/2024,A+,Platelet Concentrate,1,8,35
6588,3,San Pedro Hospital,02/09/2024,A+,Platelet Concentrate,1,9,36
6589,3,San Pedro Hospital,09/09/2024,A+,Platelet Concentrate,1,9,37
6590,3,San Pedro Hospital,16/09/2024,A+,Platelet Concentrate,1,9,38
6591,3,San Pedro Hospital,23/09/2024,A+,Platelet Concentrate,1,9,39
6592,3,San Pedro Hospital,30/09/2024,A+,Platelet Concentrate,1,9,40
6593,3,San Pedro Hospital,07/10/2024,A+,Platelet Concentrate,1,10,41
6594,3,San Pedro Hospital,14/10/2024,A+,Platelet Concentrate,1,10,42
6595,3,San Pedro Hospital,21/10/2024,A+,Platelet Concentrate,0,10,43
6596,3,San Pedro Hospital,28/10/2024,A+,Platelet Concentrate,1,10,44
6597,3,San Pedro Hospital,04/11/2024,A+,Platelet Concentrate,1,11,45
6598,3,San Pedro Hospital,11/11/2024,A+,Platelet Concentrate,1,11,46
6599,3,San Pedro Hospital,18/11/2024,A+,Platelet Concentrate,1,11,47
6600,3,San Pedro Hospital,25/11/2024,A+,Platelet Concentrate,1,11,48
6601,3,San Pedro Hospital,02/12/2024,A+,Platelet Concentrate,1,12,49
6602,3,San Pedro Hospital,09/12/2024,A+,Platelet Concentrate,1,12,50
6603,3,San Pedro Hospital,16/12/2024,A+,Platelet Concentrate,1,12,51
6604,3,San Pedro Hospital,23/12/2024,A+,Platelet Concentrate,1,12,52
6605,3,San Pedro Hospital,30/12/2024,A+,Platelet Concentrate,1,12,53
6606,3,San Pedro Hospital,06/01/2025,A+,Platelet Concentrate,1,1,54
6607,3,San Pedro Hospital,13/01/2025,A+,Platelet Concentrate,1,1,55
6608,3,San Pedro Hospital,20/01/2025,A+,Platelet Concentrate,2,1,56
6609,3,San Pedro Hospital,27/01/2025,A+,Platelet Concentrate,1,1,57
6610,3,San Pedro Hospital,03/02/2025,A+,Platelet Concentrate,1,2,58
6611,3,San Pedro Hospital,10/02/2025,A+,Platelet Concentrate,1,2,59
6612,3,San Pedro Hospital,17/02/2025,A+,Platelet Concentrate,1,2,60
6613,3,San Pedro Hospital,24/02/2025,A+,Platelet Concentrate,1,2,61
6614,3,San Pedro Hospital,03/03/2025,A+,Platelet Concentrate,1,3,62
6615,3,San Pedro Hospital,10/03/2025,A+,Platelet Concentrate,1,3,63
6616,3,San Pedro Hospital,17/03/2025,A+,Platelet Concentrate,1,3,64
6617,3,San Pedro Hospital,24/03/2025,A+,Platelet Concentrate,1,3,65
6618,3,San Pedro Hospital,31/03/2025,A+,Platelet Concentrate,1,3,66
6619,3,San Pedro Hospital,07/04/2025,A+,Platelet Concentrate,1,4,67
6620,3,San Pedro Hospital,14/04/2025,A+,Platelet Concentrate,1,4,68
6621,3,San Pedro Hospital,21/04/2025,A+,Platelet Concentrate,1,4,69
6622,3,San Pedro Hospital,28/04/2025,A+,Platelet Concentrate,1,4,70
6623,3,San Pedro Hospital,05/05/2025,A+,Platelet Concentrate,1,5,71
6624,3,San Pedro Hospital,12/05/2025,A+,Platelet Concentrate,1,5,72
6625,3,San Pedro Hospital,19/05/2025,A+,Platelet Concentrate,1,5,73
6626,3,San Pedro Hospital,26/05/2025,A+,Platelet Concentrate,1,5,74
6627,3,San Pedro Hospital,02/06/2025,A+,Platelet Concentrate,1,6,75
6628,3,San Pedro Hospital,09/06/2025,A+,Platelet Concentrate,1,6,76
6629,3,San Pedro Hospital,16/06/2025,A+,Platelet Concentrate,1,6,77
6630,3,San Pedro Hospital,23/06/2025,A+,Platelet Concentrate,1,6,78
6631,3,San Pedro Hospital,30/06/2025,A+,Platelet Concentrate,1,6,79
6632,3,San Pedro Hospital,07/07/2025,A+,Platelet Concentrate,1,7,80
6633,3,San Pedro Hospital,14/07/2025,A+,Platelet Concentrate,1,7,81
6634,3,San Pedro Hospital,21/07/2025,A+,Platelet Concentrate,1,7,82
6635,3,San Pedro Hospital,28/07/2025,A+,Platelet Concentrate,2,7,83
6636,3,San Pedro Hospital,04/08/2025,A+,Platelet Concentrate,1,8,84
6637,3,San Pedro Hospital,11/08/2025,A+,Platelet Concentrate,1,8,85
6638,3,San Pedro Hospital,18/08/2025,A+,Platelet Concentrate,1,8,86
6639,3,San Pedro Hospital,25/08/2025,A+,Platelet Concentrate,1,8,87
6640,3,San Pedro Hospital,01/09/2025,A+,Platelet Concentrate,2,9,88
6641,3,San Pedro Hospital,08/09/2025,A+,Platelet Concentrate,1,9,89
6642,3,San Pedro Hospital,15/09/2025,A+,Platelet Concentrate,1,9,90
6643,3,San Pedro Hospital,22/09/2025,A+,Platelet Concentrate,1,9,91
6644,3,San Pedro Hospital,29/09/2025,A+,Platelet Concentrate,1,9,92
6645,3,San Pedro Hospital,06/10/2025,A+,Platelet Concentrate,1,10,93
6646,3,San Pedro Hospital,13/10/2025,A+,Platelet Concentrate,1,10,94
6647,3,San Pedro Hospital,20/10/2025,A+,Platelet Concentrate,1,10,95
6648,3,San Pedro Hospital,27/10/2025,A+,Platelet Concentrate,1,10,96
6649,3,San Pedro Hospital,03/11/2025,A+,Platelet Concentrate,1,11,97
6650,3,San Pedro Hospital,10/11/2025,A+,Platelet Concentrate,2,11,98
6651,3,San Pedro Hospital,17/11/2025,A+,Platelet Concentrate,1,11,99
6652,3,San Pedro Hospital,24/11/2025,A+,Platelet Concentrate,1,11,100
6653,3,San Pedro Hospital,01/12/2025,A+,Platelet Concentrate,1,12,101
6654,3,San Pedro Hospital,08/12/2025,A+,Platelet Concentrate,1,12,102
6655,3,San Pedro Hospital,15/12/2025,A+,Platelet Concentrate,1,12,103
6656,3,San Pedro Hospital,22/12/2025,A+,Platelet Concentrate,1,12,104
6657,3,San Pedro Hospital,01/01/2024,A+,FFP,1,1,1
6658,3,San Pedro Hospital,08/01/2024,A+,FFP,2,1,2
6659,3,San Pedro Hospital,15/01/2024,A+,FFP,1,1,3
6660,3,San Pedro Hospital,22/01/2024,A+,FFP,1,1,4
6661,3,San Pedro Hospital,29/01/2024,A+,FFP,2,1,5
6662,3,San Pedro Hospital,05/02/2024,A+,FFP,2,2,6
6663,3,San Pedro Hospital,12/02/2024,A+,FFP,1,2,7
6664,3,San Pedro Hospital,19/02/2024,A+,FFP,2,2,8
6665,3,San Pedro Hospital,26/02/2024,A+,FFP,1,2,9
6666,3,San Pedro Hospital,04/03/2024,A+,FFP,1,3,10
6667,3,San Pedro Hospital,11/03/2024,A+,FFP,1,3,11
6668,3,San Pedro Hospital,18/03/2024,A+,FFP,1,3,12
6669,3,San Pedro Hospital,25/03/2024,A+,FFP,1,3,13
6670,3,San Pedro Hospital,01/04/2024,A+,FFP,1,4,14
6671,3,San Pedro Hospital,08/04/2024,A+,FFP,2,4,15
6672,3,San Pedro Hospital,15/04/2024,A+,FFP,1,4,16
6673,3,San Pedro Hospital,22/04/2024,A+,FFP,2,4,17
6674,3,San Pedro Hospital,29/04/2024,A+,FFP,1,4,18
6675,3,San Pedro Hospital,06/05/2024,A+,FFP,1,5,19
6676,3,San Pedro Hospital,13/05/2024,A+,FFP,2,5,20
6677,3,San Pedro Hospital,20/05/2024,A+,FFP,1,5,21
6678,3,San Pedro Hospital,27/05/2024,A+,FFP,1,5,22
6679,3,San Pedro Hospital,03/06/2024,A+,FFP,1,6,23
6680,3,San Pedro Hospital,10/06/2024,A+,FFP,2,6,24
6681,3,San Pedro Hospital,17/06/2024,A+,FFP,1,6,25
6682,3,San Pedro Hospital,24/06/2024,A+,FFP,1,6,26
6683,3,San Pedro Hospital,01/07/2024,A+,FFP,2,7,27
6684,3,San Pedro Hospital,08/07/2024,A+,FFP,1,7,28
6685,3,San Pedro Hospital,15/07/2024,A+,FFP,2,7,29
6686,3,San Pedro Hospital,22/07/2024,A+,FFP,1,7,30
6687,3,San Pedro Hospital,29/07/2024,A+,FFP,1,7,31
6688,3,San Pedro Hospital,05/08/2024,A+,FFP,1,8,32
6689,3,San Pedro Hospital,12/08/2024,A+,FFP,1,8,33
6690,3,San Pedro Hospital,19/08/2024,A+,FFP,1,8,34
6691,3,San Pedro Hospital,26/08/2024,A+,FFP,2,8,35
6692,3,San Pedro Hospital,02/09/2024,A+,FFP,1,9,36
6693,3,San Pedro Hospital,09/09/2024,A+,FFP,1,9,37
6694,3,San Pedro Hospital,16/09/2024,A+,FFP,1,9,38
6695,3,San Pedro Hospital,23/09/2024,A+,FFP,1,9,39
6696,3,San Pedro Hospital,30/09/2024,A+,FFP,1,9,40
6697,3,San Pedro Hospital,07/10/2024,A+,FFP,1,10,41
6698,3,San Pedro Hospital,14/10/2024,A+,FFP,1,10,42
6699,3,San Pedro Hospital,21/10/2024,A+,FFP,2,10,43
6700,3,San Pedro Hospital,28/10/2024,A+,FFP,2,10,44
6701,3,San Pedro Hospital,04/11/2024,A+,FFP,1,11,45
6702,3,San Pedro Hospital,11/11/2024,A+,FFP,1,11,46
6703,3,San Pedro Hospital,18/11/2024,A+,FFP,1,11,47
6704,3,San Pedro Hospital,25/11/2024,A+,FFP,2,11,48
6705,3,San Pedro Hospital,02/12/2024,A+,FFP,1,12,49
6706,3,San Pedro Hospital,09/12/2024,A+,FFP,1,12,50
6707,3,San Pedro Hospital,16/12/2024,A+,FFP,2,12,51
6708,3,San Pedro Hospital,23/12/2024,A+,FFP,2,12,52
6709,3,San Pedro Hospital,30/12/2024,A+,FFP,1,12,53
6710,3,San Pedro Hospital,06/01/2025,A+,FFP,1,1,54
6711,3,San Pedro Hospital,13/01/2025,A+,FFP,2,1,55
6712,3,San Pedro Hospital,20/01/2025,A+,FFP,2,1,56
6713,3,San Pedro Hospital,27/01/2025,A+,FFP,1,1,57
6714,3,San Pedro Hospital,03/02/2025,A+,FFP,1,2,58
6715,3,San Pedro Hospital,10/02/2025,A+,FFP,2,2,59
6716,3,San Pedro Hospital,17/02/2025,A+,FFP,1,2,60
6717,3,San Pedro Hospital,24/02/2025,A+,FFP,1,2,61
6718,3,San Pedro Hospital,03/03/2025,A+,FFP,2,3,62
6719,3,San Pedro Hospital,10/03/2025,A+,FFP,1,3,63
6720,3,San Pedro Hospital,17/03/2025,A+,FFP,1,3,64
6721,3,San Pedro Hospital,24/03/2025,A+,FFP,1,3,65
6722,3,San Pedro Hospital,31/03/2025,A+,FFP,1,3,66
6723,3,San Pedro Hospital,07/04/2025,A+,FFP,2,4,67
6724,3,San Pedro Hospital,14/04/2025,A+,FFP,1,4,68
6725,3,San Pedro Hospital,21/04/2025,A+,FFP,1,4,69
6726,3,San Pedro Hospital,28/04/2025,A+,FFP,2,4,70
6727,3,San Pedro Hospital,05/05/2025,A+,FFP,1,5,71
6728,3,San Pedro Hospital,12/05/2025,A+,FFP,2,5,72
6729,3,San Pedro Hospital,19/05/2025,A+,FFP,1,5,73
6730,3,San Pedro Hospital,26/05/2025,A+,FFP,1,5,74
6731,3,San Pedro Hospital,02/06/2025,A+,FFP,2,6,75
6732,3,San Pedro Hospital,09/06/2025,A+,FFP,1,6,76
6733,3,San Pedro Hospital,16/06/2025,A+,FFP,1,6,77
6734,3,San Pedro Hospital,23/06/2025,A+,FFP,1,6,78
6735,3,San Pedro Hospital,30/06/2025,A+,FFP,1,6,79
6736,3,San Pedro Hospital,07/07/2025,A+,FFP,1,7,80
6737,3,San Pedro Hospital,14/07/2025,A+,FFP,1,7,81
6738,3,San Pedro Hospital,21/07/2025,A+,FFP,1,7,82
6739,3,San Pedro Hospital,28/07/2025,A+,FFP,2,7,83
6740,3,San Pedro Hospital,04/08/2025,A+,FFP,2,8,84
6741,3,San Pedro Hospital,11/08/2025,A+,FFP,1,8,85
6742,3,San Pedro Hospital,18/08/2025,A+,FFP,1,8,86
6743,3,San Pedro Hospital,25/08/2025,A+,FFP,2,8,87
6744,3,San Pedro Hospital,01/09/2025,A+,FFP,2,9,88
6745,3,San Pedro Hospital,08/09/2025,A+,FFP,1,9,89
6746,3,San Pedro Hospital,15/09/2025,A+,FFP,2,9,90
6747,3,San Pedro Hospital,22/09/2025,A+,FFP,2,9,91
6748,3,San Pedro Hospital,29/09/2025,A+,FFP,1,9,92
6749,3,San Pedro Hospital,06/10/2025,A+,FFP,1,10,93
6750,3,San Pedro Hospital,13/10/2025,A+,FFP,1,10,94
6751,3,San Pedro Hospital,20/10/2025,A+,FFP,1,10,95
6752,3,San Pedro Hospital,27/10/2025,A+,FFP,2,10,96
6753,3,San Pedro Hospital,03/11/2025,A+,FFP,1,11,97
6754,3,San Pedro Hospital,10/11/2025,A+,FFP,1,11,98
6755,3,San Pedro Hospital,17/11/2025,A+,FFP,1,11,99
6756,3,San Pedro Hospital,24/11/2025,A+,FFP,2,11,100
6757,3,San Pedro Hospital,01/12/2025,A+,FFP,2,12,101
6758,3,San Pedro Hospital,08/12/2025,A+,FFP,2,12,102
6759,3,San Pedro Hospital,15/12/2025,A+,FFP,1,12,103
6760,3,San Pedro Hospital,22/12/2025,A+,FFP,2,12,104
6761,3,San Pedro Hospital,01/01/2024,A+,Cryoprecipitate,1,1,1
6762,3,San Pedro Hospital,08/01/2024,A+,Cryoprecipitate,1,1,2
6763,3,San Pedro Hospital,15/01/2024,A+,Cryoprecipitate,0,1,3
6764,3,San Pedro Hospital,22/01/2024,A+,Cryoprecipitate,0,1,4
6765,3,San Pedro Hospital,29/01/2024,A+,Cryoprecipitate,0,1,5
6766,3,San Pedro Hospital,05/02/2024,A+,Cryoprecipitate,1,2,6
6767,3,San Pedro Hospital,12/02/2024,A+,Cryoprecipitate,1,2,7
6768,3,San Pedro Hospital,19/02/2024,A+,Cryoprecipitate,1,2,8
6769,3,San Pedro Hospital,26/02/2024,A+,Cryoprecipitate,0,2,9
6770,3,San Pedro Hospital,04/03/2024,A+,Cryoprecipitate,0,3,10
6771,3,San Pedro Hospital,11/03/2024,A+,Cryoprecipitate,1,3,11
6772,3,San Pedro Hospital,18/03/2024,A+,Cryoprecipitate,1,3,12
6773,3,San Pedro Hospital,25/03/2024,A+,Cryoprecipitate,1,3,13
6774,3,San Pedro Hospital,01/04/2024,A+,Cryoprecipitate,1,4,14
6775,3,San Pedro Hospital,08/04/2024,A+,Cryoprecipitate,0,4,15
6776,3,San Pedro Hospital,15/04/2024,A+,Cryoprecipitate,0,4,16
6777,3,San Pedro Hospital,22/04/2024,A+,Cryoprecipitate,0,4,17
6778,3,San Pedro Hospital,29/04/2024,A+,Cryoprecipitate,1,4,18
6779,3,San Pedro Hospital,06/05/2024,A+,Cryoprecipitate,1,5,19
6780,3,San Pedro Hospital,13/05/2024,A+,Cryoprecipitate,1,5,20
6781,3,San Pedro Hospital,20/05/2024,A+,Cryoprecipitate,0,5,21
6782,3,San Pedro Hospital,27/05/2024,A+,Cryoprecipitate,0,5,22
6783,3,San Pedro Hospital,03/06/2024,A+,Cryoprecipitate,1,6,23
6784,3,San Pedro Hospital,10/06/2024,A+,Cryoprecipitate,0,6,24
6785,3,San Pedro Hospital,17/06/2024,A+,Cryoprecipitate,0,6,25
6786,3,San Pedro Hospital,24/06/2024,A+,Cryoprecipitate,0,6,26
6787,3,San Pedro Hospital,01/07/2024,A+,Cryoprecipitate,1,7,27
6788,3,San Pedro Hospital,08/07/2024,A+,Cryoprecipitate,0,7,28
6789,3,San Pedro Hospital,15/07/2024,A+,Cryoprecipitate,1,7,29
6790,3,San Pedro Hospital,22/07/2024,A+,Cryoprecipitate,0,7,30
6791,3,San Pedro Hospital,29/07/2024,A+,Cryoprecipitate,0,7,31
6792,3,San Pedro Hospital,05/08/2024,A+,Cryoprecipitate,0,8,32
6793,3,San Pedro Hospital,12/08/2024,A+,Cryoprecipitate,0,8,33
6794,3,San Pedro Hospital,19/08/2024,A+,Cryoprecipitate,1,8,34
6795,3,San Pedro Hospital,26/08/2024,A+,Cryoprecipitate,1,8,35
6796,3,San Pedro Hospital,02/09/2024,A+,Cryoprecipitate,1,9,36
6797,3,San Pedro Hospital,09/09/2024,A+,Cryoprecipitate,0,9,37
6798,3,San Pedro Hospital,16/09/2024,A+,Cryoprecipitate,0,9,38
6799,3,San Pedro Hospital,23/09/2024,A+,Cryoprecipitate,1,9,39
6800,3,San Pedro Hospital,30/09/2024,A+,Cryoprecipitate,0,9,40
6801,3,San Pedro Hospital,07/10/2024,A+,Cryoprecipitate,0,10,41
6802,3,San Pedro Hospital,14/10/2024,A+,Cryoprecipitate,1,10,42
6803,3,San Pedro Hospital,21/10/2024,A+,Cryoprecipitate,0,10,43
6804,3,San Pedro Hospital,28/10/2024,A+,Cryoprecipitate,0,10,44
6805,3,San Pedro Hospital,04/11/2024,A+,Cryoprecipitate,0,11,45
6806,3,San Pedro Hospital,11/11/2024,A+,Cryoprecipitate,1,11,46
6807,3,San Pedro Hospital,18/11/2024,A+,Cryoprecipitate,1,11,47
6808,3,San Pedro Hospital,25/11/2024,A+,Cryoprecipitate,0,11,48
6809,3,San Pedro Hospital,02/12/2024,A+,Cryoprecipitate,0,12,49
6810,3,San Pedro Hospital,09/12/2024,A+,Cryoprecipitate,0,12,50
6811,3,San Pedro Hospital,16/12/2024,A+,Cryoprecipitate,0,12,51
6812,3,San Pedro Hospital,23/12/2024,A+,Cryoprecipitate,1,12,52
6813,3,San Pedro Hospital,30/12/2024,A+,Cryoprecipitate,0,12,53
6814,3,San Pedro Hospital,06/01/2025,A+,Cryoprecipitate,1,1,54
6815,3,San Pedro Hospital,13/01/2025,A+,Cryoprecipitate,0,1,55
6816,3,San Pedro Hospital,20/01/2025,A+,Cryoprecipitate,0,1,56
6817,3,San Pedro Hospital,27/01/2025,A+,Cryoprecipitate,0,1,57
6818,3,San Pedro Hospital,03/02/2025,A+,Cryoprecipitate,1,2,58
6819,3,San Pedro Hospital,10/02/2025,A+,Cryoprecipitate,0,2,59
6820,3,San Pedro Hospital,17/02/2025,A+,Cryoprecipitate,0,2,60
6821,3,San Pedro Hospital,24/02/2025,A+,Cryoprecipitate,0,2,61
6822,3,San Pedro Hospital,03/03/2025,A+,Cryoprecipitate,0,3,62
6823,3,San Pedro Hospital,10/03/2025,A+,Cryoprecipitate,0,3,63
6824,3,San Pedro Hospital,17/03/2025,A+,Cryoprecipitate,0,3,64
6825,3,San Pedro Hospital,24/03/2025,A+,Cryoprecipitate,0,3,65
6826,3,San Pedro Hospital,31/03/2025,A+,Cryoprecipitate,0,3,66
6827,3,San Pedro Hospital,07/04/2025,A+,Cryoprecipitate,1,4,67
6828,3,San Pedro Hospital,14/04/2025,A+,Cryoprecipitate,1,4,68
6829,3,San Pedro Hospital,21/04/2025,A+,Cryoprecipitate,0,4,69
6830,3,San Pedro Hospital,28/04/2025,A+,Cryoprecipitate,0,4,70
6831,3,San Pedro Hospital,05/05/2025,A+,Cryoprecipitate,1,5,71
6832,3,San Pedro Hospital,12/05/2025,A+,Cryoprecipitate,0,5,72
6833,3,San Pedro Hospital,19/05/2025,A+,Cryoprecipitate,0,5,73
6834,3,San Pedro Hospital,26/05/2025,A+,Cryoprecipitate,0,5,74
6835,3,San Pedro Hospital,02/06/2025,A+,Cryoprecipitate,0,6,75
6836,3,San Pedro Hospital,09/06/2025,A+,Cryoprecipitate,0,6,76
6837,3,San Pedro Hospital,16/06/2025,A+,Cryoprecipitate,0,6,77
6838,3,San Pedro Hospital,23/06/2025,A+,Cryoprecipitate,1,6,78
6839,3,San Pedro Hospital,30/06/2025,A+,Cryoprecipitate,1,6,79
6840,3,San Pedro Hospital,07/07/2025,A+,Cryoprecipitate,1,7,80
6841,3,San Pedro Hospital,14/07/2025,A+,Cryoprecipitate,0,7,81
6842,3,San Pedro Hospital,21/07/2025,A+,Cryoprecipitate,1,7,82
6843,3,San Pedro Hospital,28/07/2025,A+,Cryoprecipitate,1,7,83
6844,3,San Pedro Hospital,04/08/2025,A+,Cryoprecipitate,0,8,84
6845,3,San Pedro Hospital,11/08/2025,A+,Cryoprecipitate,0,8,85
6846,3,San Pedro Hospital,18/08/2025,A+,Cryoprecipitate,0,8,86
6847,3,San Pedro Hospital,25/08/2025,A+,Cryoprecipitate,0,8,87
6848,3,San Pedro Hospital,01/09/2025,A+,Cryoprecipitate,0,9,88
6849,3,San Pedro Hospital,08/09/2025,A+,Cryoprecipitate,0,9,89
6850,3,San Pedro Hospital,15/09/2025,A+,Cryoprecipitate,1,9,90
6851,3,San Pedro Hospital,22/09/2025,A+,Cryoprecipitate,1,9,91
6852,3,San Pedro Hospital,29/09/2025,A+,Cryoprecipitate,0,9,92
6853,3,San Pedro Hospital,06/10/2025,A+,Cryoprecipitate,0,10,93
6854,3,San Pedro Hospital,13/10/2025,A+,Cryoprecipitate,1,10,94
6855,3,San Pedro Hospital,20/10/2025,A+,Cryoprecipitate,0,10,95
6856,3,San Pedro Hospital,27/10/2025,A+,Cryoprecipitate,1,10,96
6857,3,San Pedro Hospital,03/11/2025,A+,Cryoprecipitate,0,11,97
6858,3,San Pedro Hospital,10/11/2025,A+,Cryoprecipitate,1,11,98
6859,3,San Pedro Hospital,17/11/2025,A+,Cryoprecipitate,0,11,99
6860,3,San Pedro Hospital,24/11/2025,A+,Cryoprecipitate,1,11,100
6861,3,San Pedro Hospital,01/12/2025,A+,Cryoprecipitate,0,12,101
6862,3,San Pedro Hospital,08/12/2025,A+,Cryoprecipitate,1,12,102
6863,3,San Pedro Hospital,15/12/2025,A+,Cryoprecipitate,0,12,103
6864,3,San Pedro Hospital,22/12/2025,A+,Cryoprecipitate,0,12,104
6865,3,San Pedro Hospital,01/01/2024,A-,PRBC,1,1,1
6866,3,San Pedro Hospital,08/01/2024,A-,PRBC,1,1,2
6867,3,San Pedro Hospital,15/01/2024,A-,PRBC,2,1,3
6868,3,San Pedro Hospital,22/01/2024,A-,PRBC,1,1,4
6869,3,San Pedro Hospital,29/01/2024,A-,PRBC,0,1,5
6870,3,San Pedro Hospital,05/02/2024,A-,PRBC,1,2,6
6871,3,San Pedro Hospital,12/02/2024,A-,PRBC,1,2,7
6872,3,San Pedro Hospital,19/02/2024,A-,PRBC,0,2,8
6873,3,San Pedro Hospital,26/02/2024,A-,PRBC,1,2,9
6874,3,San Pedro Hospital,04/03/2024,A-,PRBC,1,3,10
6875,3,San Pedro Hospital,11/03/2024,A-,PRBC,1,3,11
6876,3,San Pedro Hospital,18/03/2024,A-,PRBC,1,3,12
6877,3,San Pedro Hospital,25/03/2024,A-,PRBC,1,3,13
6878,3,San Pedro Hospital,01/04/2024,A-,PRBC,1,4,14
6879,3,San Pedro Hospital,08/04/2024,A-,PRBC,1,4,15
6880,3,San Pedro Hospital,15/04/2024,A-,PRBC,0,4,16
6881,3,San Pedro Hospital,22/04/2024,A-,PRBC,1,4,17
6882,3,San Pedro Hospital,29/04/2024,A-,PRBC,0,4,18
6883,3,San Pedro Hospital,06/05/2024,A-,PRBC,1,5,19
6884,3,San Pedro Hospital,13/05/2024,A-,PRBC,0,5,20
6885,3,San Pedro Hospital,20/05/2024,A-,PRBC,0,5,21
6886,3,San Pedro Hospital,27/05/2024,A-,PRBC,0,5,22
6887,3,San Pedro Hospital,03/06/2024,A-,PRBC,1,6,23
6888,3,San Pedro Hospital,10/06/2024,A-,PRBC,1,6,24
6889,3,San Pedro Hospital,17/06/2024,A-,PRBC,0,6,25
6890,3,San Pedro Hospital,24/06/2024,A-,PRBC,0,6,26
6891,3,San Pedro Hospital,01/07/2024,A-,PRBC,1,7,27
6892,3,San Pedro Hospital,08/07/2024,A-,PRBC,1,7,28
6893,3,San Pedro Hospital,15/07/2024,A-,PRBC,0,7,29
6894,3,San Pedro Hospital,22/07/2024,A-,PRBC,1,7,30
6895,3,San Pedro Hospital,29/07/2024,A-,PRBC,0,7,31
6896,3,San Pedro Hospital,05/08/2024,A-,PRBC,1,8,32
6897,3,San Pedro Hospital,12/08/2024,A-,PRBC,1,8,33
6898,3,San Pedro Hospital,19/08/2024,A-,PRBC,1,8,34
6899,3,San Pedro Hospital,26/08/2024,A-,PRBC,1,8,35
6900,3,San Pedro Hospital,02/09/2024,A-,PRBC,1,9,36
6901,3,San Pedro Hospital,09/09/2024,A-,PRBC,1,9,37
6902,3,San Pedro Hospital,16/09/2024,A-,PRBC,1,9,38
6903,3,San Pedro Hospital,23/09/2024,A-,PRBC,1,9,39
6904,3,San Pedro Hospital,30/09/2024,A-,PRBC,0,9,40
6905,3,San Pedro Hospital,07/10/2024,A-,PRBC,1,10,41
6906,3,San Pedro Hospital,14/10/2024,A-,PRBC,1,10,42
6907,3,San Pedro Hospital,21/10/2024,A-,PRBC,0,10,43
6908,3,San Pedro Hospital,28/10/2024,A-,PRBC,0,10,44
6909,3,San Pedro Hospital,04/11/2024,A-,PRBC,1,11,45
6910,3,San Pedro Hospital,11/11/2024,A-,PRBC,0,11,46
6911,3,San Pedro Hospital,18/11/2024,A-,PRBC,1,11,47
6912,3,San Pedro Hospital,25/11/2024,A-,PRBC,1,11,48
6913,3,San Pedro Hospital,02/12/2024,A-,PRBC,1,12,49
6914,3,San Pedro Hospital,09/12/2024,A-,PRBC,1,12,50
6915,3,San Pedro Hospital,16/12/2024,A-,PRBC,1,12,51
6916,3,San Pedro Hospital,23/12/2024,A-,PRBC,1,12,52
6917,3,San Pedro Hospital,30/12/2024,A-,PRBC,1,12,53
6918,3,San Pedro Hospital,06/01/2025,A-,PRBC,1,1,54
6919,3,San Pedro Hospital,13/01/2025,A-,PRBC,1,1,55
6920,3,San Pedro Hospital,20/01/2025,A-,PRBC,1,1,56
6921,3,San Pedro Hospital,27/01/2025,A-,PRBC,1,1,57
6922,3,San Pedro Hospital,03/02/2025,A-,PRBC,1,2,58
6923,3,San Pedro Hospital,10/02/2025,A-,PRBC,1,2,59
6924,3,San Pedro Hospital,17/02/2025,A-,PRBC,1,2,60
6925,3,San Pedro Hospital,24/02/2025,A-,PRBC,1,2,61
6926,3,San Pedro Hospital,03/03/2025,A-,PRBC,1,3,62
6927,3,San Pedro Hospital,10/03/2025,A-,PRBC,1,3,63
6928,3,San Pedro Hospital,17/03/2025,A-,PRBC,1,3,64
6929,3,San Pedro Hospital,24/03/2025,A-,PRBC,1,3,65
6930,3,San Pedro Hospital,31/03/2025,A-,PRBC,1,3,66
6931,3,San Pedro Hospital,07/04/2025,A-,PRBC,1,4,67
6932,3,San Pedro Hospital,14/04/2025,A-,PRBC,1,4,68
6933,3,San Pedro Hospital,21/04/2025,A-,PRBC,1,4,69
6934,3,San Pedro Hospital,28/04/2025,A-,PRBC,0,4,70
6935,3,San Pedro Hospital,05/05/2025,A-,PRBC,1,5,71
6936,3,San Pedro Hospital,12/05/2025,A-,PRBC,1,5,72
6937,3,San Pedro Hospital,19/05/2025,A-,PRBC,1,5,73
6938,3,San Pedro Hospital,26/05/2025,A-,PRBC,1,5,74
6939,3,San Pedro Hospital,02/06/2025,A-,PRBC,1,6,75
6940,3,San Pedro Hospital,09/06/2025,A-,PRBC,1,6,76
6941,3,San Pedro Hospital,16/06/2025,A-,PRBC,1,6,77
6942,3,San Pedro Hospital,23/06/2025,A-,PRBC,1,6,78
6943,3,San Pedro Hospital,30/06/2025,A-,PRBC,1,6,79
6944,3,San Pedro Hospital,07/07/2025,A-,PRBC,1,7,80
6945,3,San Pedro Hospital,14/07/2025,A-,PRBC,1,7,81
6946,3,San Pedro Hospital,21/07/2025,A-,PRBC,1,7,82
6947,3,San Pedro Hospital,28/07/2025,A-,PRBC,1,7,83
6948,3,San Pedro Hospital,04/08/2025,A-,PRBC,1,8,84
6949,3,San Pedro Hospital,11/08/2025,A-,PRBC,1,8,85
6950,3,San Pedro Hospital,18/08/2025,A-,PRBC,1,8,86
6951,3,San Pedro Hospital,25/08/2025,A-,PRBC,1,8,87
6952,3,San Pedro Hospital,01/09/2025,A-,PRBC,1,9,88
6953,3,San Pedro Hospital,08/09/2025,A-,PRBC,1,9,89
6954,3,San Pedro Hospital,15/09/2025,A-,PRBC,1,9,90
6955,3,San Pedro Hospital,22/09/2025,A-,PRBC,0,9,91
6956,3,San Pedro Hospital,29/09/2025,A-,PRBC,1,9,92
6957,3,San Pedro Hospital,06/10/2025,A-,PRBC,1,10,93
6958,3,San Pedro Hospital,13/10/2025,A-,PRBC,1,10,94
6959,3,San Pedro Hospital,20/10/2025,A-,PRBC,1,10,95
6960,3,San Pedro Hospital,27/10/2025,A-,PRBC,1,10,96
6961,3,San Pedro Hospital,03/11/2025,A-,PRBC,1,11,97
6962,3,San Pedro Hospital,10/11/2025,A-,PRBC,1,11,98
6963,3,San Pedro Hospital,17/11/2025,A-,PRBC,0,11,99
6964,3,San Pedro Hospital,24/11/2025,A-,PRBC,1,11,100
6965,3,San Pedro Hospital,01/12/2025,A-,PRBC,1,12,101
6966,3,San Pedro Hospital,08/12/2025,A-,PRBC,1,12,102
6967,3,San Pedro Hospital,15/12/2025,A-,PRBC,1,12,103
6968,3,San Pedro Hospital,22/12/2025,A-,PRBC,1,12,104
6969,3,San Pedro Hospital,01/01/2024,B+,PRBC,3,1,1
6970,3,San Pedro Hospital,08/01/2024,B+,PRBC,2,1,2
6971,3,San Pedro Hospital,15/01/2024,B+,PRBC,2,1,3
6972,3,San Pedro Hospital,22/01/2024,B+,PRBC,3,1,4
6973,3,San Pedro Hospital,29/01/2024,B+,PRBC,3,1,5
6974,3,San Pedro Hospital,05/02/2024,B+,PRBC,2,2,6
6975,3,San Pedro Hospital,12/02/2024,B+,PRBC,3,2,7
6976,3,San Pedro Hospital,19/02/2024,B+,PRBC,3,2,8
6977,3,San Pedro Hospital,26/02/2024,B+,PRBC,3,2,9
6978,3,San Pedro Hospital,04/03/2024,B+,PRBC,2,3,10
6979,3,San Pedro Hospital,11/03/2024,B+,PRBC,3,3,11
6980,3,San Pedro Hospital,18/03/2024,B+,PRBC,3,3,12
6981,3,San Pedro Hospital,25/03/2024,B+,PRBC,3,3,13
6982,3,San Pedro Hospital,01/04/2024,B+,PRBC,2,4,14
6983,3,San Pedro Hospital,08/04/2024,B+,PRBC,3,4,15
6984,3,San Pedro Hospital,15/04/2024,B+,PRBC,2,4,16
6985,3,San Pedro Hospital,22/04/2024,B+,PRBC,2,4,17
6986,3,San Pedro Hospital,29/04/2024,B+,PRBC,2,4,18
6987,3,San Pedro Hospital,06/05/2024,B+,PRBC,3,5,19
6988,3,San Pedro Hospital,13/05/2024,B+,PRBC,3,5,20
6989,3,San Pedro Hospital,20/05/2024,B+,PRBC,3,5,21
6990,3,San Pedro Hospital,27/05/2024,B+,PRBC,3,5,22
6991,3,San Pedro Hospital,03/06/2024,B+,PRBC,3,6,23
6992,3,San Pedro Hospital,10/06/2024,B+,PRBC,3,6,24
6993,3,San Pedro Hospital,17/06/2024,B+,PRBC,2,6,25
6994,3,San Pedro Hospital,24/06/2024,B+,PRBC,2,6,26
6995,3,San Pedro Hospital,01/07/2024,B+,PRBC,3,7,27
6996,3,San Pedro Hospital,08/07/2024,B+,PRBC,3,7,28
6997,3,San Pedro Hospital,15/07/2024,B+,PRBC,3,7,29
6998,3,San Pedro Hospital,22/07/2024,B+,PRBC,2,7,30
6999,3,San Pedro Hospital,29/07/2024,B+,PRBC,3,7,31
7000,3,San Pedro Hospital,05/08/2024,B+,PRBC,3,8,32
7001,3,San Pedro Hospital,12/08/2024,B+,PRBC,3,8,33
7002,3,San Pedro Hospital,19/08/2024,B+,PRBC,2,8,34
7003,3,San Pedro Hospital,26/08/2024,B+,PRBC,3,8,35
7004,3,San Pedro Hospital,02/09/2024,B+,PRBC,3,9,36
7005,3,San Pedro Hospital,09/09/2024,B+,PRBC,3,9,37
7006,3,San Pedro Hospital,16/09/2024,B+,PRBC,3,9,38
7007,3,San Pedro Hospital,23/09/2024,B+,PRBC,3,9,39
7008,3,San Pedro Hospital,30/09/2024,B+,PRBC,2,9,40
7009,3,San Pedro Hospital,07/10/2024,B+,PRBC,3,10,41
7010,3,San Pedro Hospital,14/10/2024,B+,PRBC,3,10,42
7011,3,San Pedro Hospital,21/10/2024,B+,PRBC,2,10,43
7012,3,San Pedro Hospital,28/10/2024,B+,PRBC,2,10,44
7013,3,San Pedro Hospital,04/11/2024,B+,PRBC,2,11,45
7014,3,San Pedro Hospital,11/11/2024,B+,PRBC,2,11,46
7015,3,San Pedro Hospital,18/11/2024,B+,PRBC,3,11,47
7016,3,San Pedro Hospital,25/11/2024,B+,PRBC,3,11,48
7017,3,San Pedro Hospital,02/12/2024,B+,PRBC,3,12,49
7018,3,San Pedro Hospital,09/12/2024,B+,PRBC,3,12,50
7019,3,San Pedro Hospital,16/12/2024,B+,PRBC,4,12,51
7020,3,San Pedro Hospital,23/12/2024,B+,PRBC,4,12,52
7021,3,San Pedro Hospital,30/12/2024,B+,PRBC,3,12,53
7022,3,San Pedro Hospital,06/01/2025,B+,PRBC,3,1,54
7023,3,San Pedro Hospital,13/01/2025,B+,PRBC,3,1,55
7024,3,San Pedro Hospital,20/01/2025,B+,PRBC,4,1,56
7025,3,San Pedro Hospital,27/01/2025,B+,PRBC,3,1,57
7026,3,San Pedro Hospital,03/02/2025,B+,PRBC,3,2,58
7027,3,San Pedro Hospital,10/02/2025,B+,PRBC,3,2,59
7028,3,San Pedro Hospital,17/02/2025,B+,PRBC,3,2,60
7029,3,San Pedro Hospital,24/02/2025,B+,PRBC,2,2,61
7030,3,San Pedro Hospital,03/03/2025,B+,PRBC,3,3,62
7031,3,San Pedro Hospital,10/03/2025,B+,PRBC,3,3,63
7032,3,San Pedro Hospital,17/03/2025,B+,PRBC,3,3,64
7033,3,San Pedro Hospital,24/03/2025,B+,PRBC,4,3,65
7034,3,San Pedro Hospital,31/03/2025,B+,PRBC,3,3,66
7035,3,San Pedro Hospital,07/04/2025,B+,PRBC,3,4,67
7036,3,San Pedro Hospital,14/04/2025,B+,PRBC,3,4,68
7037,3,San Pedro Hospital,21/04/2025,B+,PRBC,3,4,69
7038,3,San Pedro Hospital,28/04/2025,B+,PRBC,3,4,70
7039,3,San Pedro Hospital,05/05/2025,B+,PRBC,3,5,71
7040,3,San Pedro Hospital,12/05/2025,B+,PRBC,2,5,72
7041,3,San Pedro Hospital,19/05/2025,B+,PRBC,3,5,73
7042,3,San Pedro Hospital,26/05/2025,B+,PRBC,3,5,74
7043,3,San Pedro Hospital,02/06/2025,B+,PRBC,3,6,75
7044,3,San Pedro Hospital,09/06/2025,B+,PRBC,4,6,76
7045,3,San Pedro Hospital,16/06/2025,B+,PRBC,2,6,77
7046,3,San Pedro Hospital,23/06/2025,B+,PRBC,3,6,78
7047,3,San Pedro Hospital,30/06/2025,B+,PRBC,2,6,79
7048,3,San Pedro Hospital,07/07/2025,B+,PRBC,3,7,80
7049,3,San Pedro Hospital,14/07/2025,B+,PRBC,3,7,81
7050,3,San Pedro Hospital,21/07/2025,B+,PRBC,4,7,82
7051,3,San Pedro Hospital,28/07/2025,B+,PRBC,3,7,83
7052,3,San Pedro Hospital,04/08/2025,B+,PRBC,3,8,84
7053,3,San Pedro Hospital,11/08/2025,B+,PRBC,3,8,85
7054,3,San Pedro Hospital,18/08/2025,B+,PRBC,2,8,86
7055,3,San Pedro Hospital,25/08/2025,B+,PRBC,3,8,87
7056,3,San Pedro Hospital,01/09/2025,B+,PRBC,3,9,88
7057,3,San Pedro Hospital,08/09/2025,B+,PRBC,3,9,89
7058,3,San Pedro Hospital,15/09/2025,B+,PRBC,3,9,90
7059,3,San Pedro Hospital,22/09/2025,B+,PRBC,3,9,91
7060,3,San Pedro Hospital,29/09/2025,B+,PRBC,3,9,92
7061,3,San Pedro Hospital,06/10/2025,B+,PRBC,4,10,93
7062,3,San Pedro Hospital,13/10/2025,B+,PRBC,2,10,94
7063,3,San Pedro Hospital,20/10/2025,B+,PRBC,2,10,95
7064,3,San Pedro Hospital,27/10/2025,B+,PRBC,3,10,96
7065,3,San Pedro Hospital,03/11/2025,B+,PRBC,4,11,97
7066,3,San Pedro Hospital,10/11/2025,B+,PRBC,3,11,98
7067,3,San Pedro Hospital,17/11/2025,B+,PRBC,2,11,99
7068,3,San Pedro Hospital,24/11/2025,B+,PRBC,3,11,100
7069,3,San Pedro Hospital,01/12/2025,B+,PRBC,3,12,101
7070,3,San Pedro Hospital,08/12/2025,B+,PRBC,4,12,102
7071,3,San Pedro Hospital,15/12/2025,B+,PRBC,4,12,103
7072,3,San Pedro Hospital,22/12/2025,B+,PRBC,3,12,104
7073,3,San Pedro Hospital,01/01/2024,B+,Platelet Concentrate,1,1,1
7074,3,San Pedro Hospital,08/01/2024,B+,Platelet Concentrate,1,1,2
7075,3,San Pedro Hospital,15/01/2024,B+,Platelet Concentrate,0,1,3
7076,3,San Pedro Hospital,22/01/2024,B+,Platelet Concentrate,1,1,4
7077,3,San Pedro Hospital,29/01/2024,B+,Platelet Concentrate,0,1,5
7078,3,San Pedro Hospital,05/02/2024,B+,Platelet Concentrate,1,2,6
7079,3,San Pedro Hospital,12/02/2024,B+,Platelet Concentrate,1,2,7
7080,3,San Pedro Hospital,19/02/2024,B+,Platelet Concentrate,1,2,8
7081,3,San Pedro Hospital,26/02/2024,B+,Platelet Concentrate,1,2,9
7082,3,San Pedro Hospital,04/03/2024,B+,Platelet Concentrate,1,3,10
7083,3,San Pedro Hospital,11/03/2024,B+,Platelet Concentrate,0,3,11
7084,3,San Pedro Hospital,18/03/2024,B+,Platelet Concentrate,1,3,12
7085,3,San Pedro Hospital,25/03/2024,B+,Platelet Concentrate,1,3,13
7086,3,San Pedro Hospital,01/04/2024,B+,Platelet Concentrate,1,4,14
7087,3,San Pedro Hospital,08/04/2024,B+,Platelet Concentrate,1,4,15
7088,3,San Pedro Hospital,15/04/2024,B+,Platelet Concentrate,1,4,16
7089,3,San Pedro Hospital,22/04/2024,B+,Platelet Concentrate,1,4,17
7090,3,San Pedro Hospital,29/04/2024,B+,Platelet Concentrate,1,4,18
7091,3,San Pedro Hospital,06/05/2024,B+,Platelet Concentrate,0,5,19
7092,3,San Pedro Hospital,13/05/2024,B+,Platelet Concentrate,0,5,20
7093,3,San Pedro Hospital,20/05/2024,B+,Platelet Concentrate,1,5,21
7094,3,San Pedro Hospital,27/05/2024,B+,Platelet Concentrate,1,5,22
7095,3,San Pedro Hospital,03/06/2024,B+,Platelet Concentrate,1,6,23
7096,3,San Pedro Hospital,10/06/2024,B+,Platelet Concentrate,1,6,24
7097,3,San Pedro Hospital,17/06/2024,B+,Platelet Concentrate,1,6,25
7098,3,San Pedro Hospital,24/06/2024,B+,Platelet Concentrate,1,6,26
7099,3,San Pedro Hospital,01/07/2024,B+,Platelet Concentrate,0,7,27
7100,3,San Pedro Hospital,08/07/2024,B+,Platelet Concentrate,1,7,28
7101,3,San Pedro Hospital,15/07/2024,B+,Platelet Concentrate,1,7,29
7102,3,San Pedro Hospital,22/07/2024,B+,Platelet Concentrate,0,7,30
7103,3,San Pedro Hospital,29/07/2024,B+,Platelet Concentrate,0,7,31
7104,3,San Pedro Hospital,05/08/2024,B+,Platelet Concentrate,1,8,32
7105,3,San Pedro Hospital,12/08/2024,B+,Platelet Concentrate,1,8,33
7106,3,San Pedro Hospital,19/08/2024,B+,Platelet Concentrate,1,8,34
7107,3,San Pedro Hospital,26/08/2024,B+,Platelet Concentrate,1,8,35
7108,3,San Pedro Hospital,02/09/2024,B+,Platelet Concentrate,1,9,36
7109,3,San Pedro Hospital,09/09/2024,B+,Platelet Concentrate,1,9,37
7110,3,San Pedro Hospital,16/09/2024,B+,Platelet Concentrate,0,9,38
7111,3,San Pedro Hospital,23/09/2024,B+,Platelet Concentrate,1,9,39
7112,3,San Pedro Hospital,30/09/2024,B+,Platelet Concentrate,1,9,40
7113,3,San Pedro Hospital,07/10/2024,B+,Platelet Concentrate,1,10,41
7114,3,San Pedro Hospital,14/10/2024,B+,Platelet Concentrate,0,10,42
7115,3,San Pedro Hospital,21/10/2024,B+,Platelet Concentrate,1,10,43
7116,3,San Pedro Hospital,28/10/2024,B+,Platelet Concentrate,0,10,44
7117,3,San Pedro Hospital,04/11/2024,B+,Platelet Concentrate,1,11,45
7118,3,San Pedro Hospital,11/11/2024,B+,Platelet Concentrate,1,11,46
7119,3,San Pedro Hospital,18/11/2024,B+,Platelet Concentrate,1,11,47
7120,3,San Pedro Hospital,25/11/2024,B+,Platelet Concentrate,1,11,48
7121,3,San Pedro Hospital,02/12/2024,B+,Platelet Concentrate,1,12,49
7122,3,San Pedro Hospital,09/12/2024,B+,Platelet Concentrate,1,12,50
7123,3,San Pedro Hospital,16/12/2024,B+,Platelet Concentrate,1,12,51
7124,3,San Pedro Hospital,23/12/2024,B+,Platelet Concentrate,1,12,52
7125,3,San Pedro Hospital,30/12/2024,B+,Platelet Concentrate,0,12,53
7126,3,San Pedro Hospital,06/01/2025,B+,Platelet Concentrate,0,1,54
7127,3,San Pedro Hospital,13/01/2025,B+,Platelet Concentrate,1,1,55
7128,3,San Pedro Hospital,20/01/2025,B+,Platelet Concentrate,1,1,56
7129,3,San Pedro Hospital,27/01/2025,B+,Platelet Concentrate,0,1,57
7130,3,San Pedro Hospital,03/02/2025,B+,Platelet Concentrate,1,2,58
7131,3,San Pedro Hospital,10/02/2025,B+,Platelet Concentrate,1,2,59
7132,3,San Pedro Hospital,17/02/2025,B+,Platelet Concentrate,1,2,60
7133,3,San Pedro Hospital,24/02/2025,B+,Platelet Concentrate,1,2,61
7134,3,San Pedro Hospital,03/03/2025,B+,Platelet Concentrate,0,3,62
7135,3,San Pedro Hospital,10/03/2025,B+,Platelet Concentrate,1,3,63
7136,3,San Pedro Hospital,17/03/2025,B+,Platelet Concentrate,1,3,64
7137,3,San Pedro Hospital,24/03/2025,B+,Platelet Concentrate,1,3,65
7138,3,San Pedro Hospital,31/03/2025,B+,Platelet Concentrate,0,3,66
7139,3,San Pedro Hospital,07/04/2025,B+,Platelet Concentrate,1,4,67
7140,3,San Pedro Hospital,14/04/2025,B+,Platelet Concentrate,1,4,68
7141,3,San Pedro Hospital,21/04/2025,B+,Platelet Concentrate,1,4,69
7142,3,San Pedro Hospital,28/04/2025,B+,Platelet Concentrate,1,4,70
7143,3,San Pedro Hospital,05/05/2025,B+,Platelet Concentrate,1,5,71
7144,3,San Pedro Hospital,12/05/2025,B+,Platelet Concentrate,0,5,72
7145,3,San Pedro Hospital,19/05/2025,B+,Platelet Concentrate,1,5,73
7146,3,San Pedro Hospital,26/05/2025,B+,Platelet Concentrate,1,5,74
7147,3,San Pedro Hospital,02/06/2025,B+,Platelet Concentrate,1,6,75
7148,3,San Pedro Hospital,09/06/2025,B+,Platelet Concentrate,1,6,76
7149,3,San Pedro Hospital,16/06/2025,B+,Platelet Concentrate,1,6,77
7150,3,San Pedro Hospital,23/06/2025,B+,Platelet Concentrate,1,6,78
7151,3,San Pedro Hospital,30/06/2025,B+,Platelet Concentrate,1,6,79
7152,3,San Pedro Hospital,07/07/2025,B+,Platelet Concentrate,1,7,80
7153,3,San Pedro Hospital,14/07/2025,B+,Platelet Concentrate,0,7,81
7154,3,San Pedro Hospital,21/07/2025,B+,Platelet Concentrate,1,7,82
7155,3,San Pedro Hospital,28/07/2025,B+,Platelet Concentrate,0,7,83
7156,3,San Pedro Hospital,04/08/2025,B+,Platelet Concentrate,1,8,84
7157,3,San Pedro Hospital,11/08/2025,B+,Platelet Concentrate,1,8,85
7158,3,San Pedro Hospital,18/08/2025,B+,Platelet Concentrate,1,8,86
7159,3,San Pedro Hospital,25/08/2025,B+,Platelet Concentrate,1,8,87
7160,3,San Pedro Hospital,01/09/2025,B+,Platelet Concentrate,1,9,88
7161,3,San Pedro Hospital,08/09/2025,B+,Platelet Concentrate,1,9,89
7162,3,San Pedro Hospital,15/09/2025,B+,Platelet Concentrate,0,9,90
7163,3,San Pedro Hospital,22/09/2025,B+,Platelet Concentrate,1,9,91
7164,3,San Pedro Hospital,29/09/2025,B+,Platelet Concentrate,1,9,92
7165,3,San Pedro Hospital,06/10/2025,B+,Platelet Concentrate,1,10,93
7166,3,San Pedro Hospital,13/10/2025,B+,Platelet Concentrate,1,10,94
7167,3,San Pedro Hospital,20/10/2025,B+,Platelet Concentrate,1,10,95
7168,3,San Pedro Hospital,27/10/2025,B+,Platelet Concentrate,1,10,96
7169,3,San Pedro Hospital,03/11/2025,B+,Platelet Concentrate,1,11,97
7170,3,San Pedro Hospital,10/11/2025,B+,Platelet Concentrate,1,11,98
7171,3,San Pedro Hospital,17/11/2025,B+,Platelet Concentrate,1,11,99
7172,3,San Pedro Hospital,24/11/2025,B+,Platelet Concentrate,1,11,100
7173,3,San Pedro Hospital,01/12/2025,B+,Platelet Concentrate,1,12,101
7174,3,San Pedro Hospital,08/12/2025,B+,Platelet Concentrate,1,12,102
7175,3,San Pedro Hospital,15/12/2025,B+,Platelet Concentrate,1,12,103
7176,3,San Pedro Hospital,22/12/2025,B+,Platelet Concentrate,1,12,104
7177,3,San Pedro Hospital,01/01/2024,B+,FFP,1,1,1
7178,3,San Pedro Hospital,08/01/2024,B+,FFP,1,1,2
7179,3,San Pedro Hospital,15/01/2024,B+,FFP,1,1,3
7180,3,San Pedro Hospital,22/01/2024,B+,FFP,2,1,4
7181,3,San Pedro Hospital,29/01/2024,B+,FFP,1,1,5
7182,3,San Pedro Hospital,05/02/2024,B+,FFP,1,2,6
7183,3,San Pedro Hospital,12/02/2024,B+,FFP,0,2,7
7184,3,San Pedro Hospital,19/02/2024,B+,FFP,1,2,8
7185,3,San Pedro Hospital,26/02/2024,B+,FFP,1,2,9
7186,3,San Pedro Hospital,04/03/2024,B+,FFP,1,3,10
7187,3,San Pedro Hospital,11/03/2024,B+,FFP,1,3,11
7188,3,San Pedro Hospital,18/03/2024,B+,FFP,1,3,12
7189,3,San Pedro Hospital,25/03/2024,B+,FFP,1,3,13
7190,3,San Pedro Hospital,01/04/2024,B+,FFP,1,4,14
7191,3,San Pedro Hospital,08/04/2024,B+,FFP,1,4,15
7192,3,San Pedro Hospital,15/04/2024,B+,FFP,2,4,16
7193,3,San Pedro Hospital,22/04/2024,B+,FFP,1,4,17
7194,3,San Pedro Hospital,29/04/2024,B+,FFP,1,4,18
7195,3,San Pedro Hospital,06/05/2024,B+,FFP,1,5,19
7196,3,San Pedro Hospital,13/05/2024,B+,FFP,1,5,20
7197,3,San Pedro Hospital,20/05/2024,B+,FFP,1,5,21
7198,3,San Pedro Hospital,27/05/2024,B+,FFP,1,5,22
7199,3,San Pedro Hospital,03/06/2024,B+,FFP,1,6,23
7200,3,San Pedro Hospital,10/06/2024,B+,FFP,1,6,24
7201,3,San Pedro Hospital,17/06/2024,B+,FFP,1,6,25
7202,3,San Pedro Hospital,24/06/2024,B+,FFP,1,6,26
7203,3,San Pedro Hospital,01/07/2024,B+,FFP,1,7,27
7204,3,San Pedro Hospital,08/07/2024,B+,FFP,1,7,28
7205,3,San Pedro Hospital,15/07/2024,B+,FFP,1,7,29
7206,3,San Pedro Hospital,22/07/2024,B+,FFP,1,7,30
7207,3,San Pedro Hospital,29/07/2024,B+,FFP,1,7,31
7208,3,San Pedro Hospital,05/08/2024,B+,FFP,1,8,32
7209,3,San Pedro Hospital,12/08/2024,B+,FFP,1,8,33
7210,3,San Pedro Hospital,19/08/2024,B+,FFP,1,8,34
7211,3,San Pedro Hospital,26/08/2024,B+,FFP,1,8,35
7212,3,San Pedro Hospital,02/09/2024,B+,FFP,1,9,36
7213,3,San Pedro Hospital,09/09/2024,B+,FFP,0,9,37
7214,3,San Pedro Hospital,16/09/2024,B+,FFP,1,9,38
7215,3,San Pedro Hospital,23/09/2024,B+,FFP,1,9,39
7216,3,San Pedro Hospital,30/09/2024,B+,FFP,0,9,40
7217,3,San Pedro Hospital,07/10/2024,B+,FFP,1,10,41
7218,3,San Pedro Hospital,14/10/2024,B+,FFP,1,10,42
7219,3,San Pedro Hospital,21/10/2024,B+,FFP,1,10,43
7220,3,San Pedro Hospital,28/10/2024,B+,FFP,1,10,44
7221,3,San Pedro Hospital,04/11/2024,B+,FFP,1,11,45
7222,3,San Pedro Hospital,11/11/2024,B+,FFP,1,11,46
7223,3,San Pedro Hospital,18/11/2024,B+,FFP,1,11,47
7224,3,San Pedro Hospital,25/11/2024,B+,FFP,1,11,48
7225,3,San Pedro Hospital,02/12/2024,B+,FFP,1,12,49
7226,3,San Pedro Hospital,09/12/2024,B+,FFP,1,12,50
7227,3,San Pedro Hospital,16/12/2024,B+,FFP,1,12,51
7228,3,San Pedro Hospital,23/12/2024,B+,FFP,1,12,52
7229,3,San Pedro Hospital,30/12/2024,B+,FFP,1,12,53
7230,3,San Pedro Hospital,06/01/2025,B+,FFP,1,1,54
7231,3,San Pedro Hospital,13/01/2025,B+,FFP,1,1,55
7232,3,San Pedro Hospital,20/01/2025,B+,FFP,1,1,56
7233,3,San Pedro Hospital,27/01/2025,B+,FFP,1,1,57
7234,3,San Pedro Hospital,03/02/2025,B+,FFP,1,2,58
7235,3,San Pedro Hospital,10/02/2025,B+,FFP,1,2,59
7236,3,San Pedro Hospital,17/02/2025,B+,FFP,1,2,60
7237,3,San Pedro Hospital,24/02/2025,B+,FFP,1,2,61
7238,3,San Pedro Hospital,03/03/2025,B+,FFP,1,3,62
7239,3,San Pedro Hospital,10/03/2025,B+,FFP,1,3,63
7240,3,San Pedro Hospital,17/03/2025,B+,FFP,1,3,64
7241,3,San Pedro Hospital,24/03/2025,B+,FFP,1,3,65
7242,3,San Pedro Hospital,31/03/2025,B+,FFP,1,3,66
7243,3,San Pedro Hospital,07/04/2025,B+,FFP,1,4,67
7244,3,San Pedro Hospital,14/04/2025,B+,FFP,1,4,68
7245,3,San Pedro Hospital,21/04/2025,B+,FFP,1,4,69
7246,3,San Pedro Hospital,28/04/2025,B+,FFP,1,4,70
7247,3,San Pedro Hospital,05/05/2025,B+,FFP,1,5,71
7248,3,San Pedro Hospital,12/05/2025,B+,FFP,1,5,72
7249,3,San Pedro Hospital,19/05/2025,B+,FFP,1,5,73
7250,3,San Pedro Hospital,26/05/2025,B+,FFP,1,5,74
7251,3,San Pedro Hospital,02/06/2025,B+,FFP,1,6,75
7252,3,San Pedro Hospital,09/06/2025,B+,FFP,1,6,76
7253,3,San Pedro Hospital,16/06/2025,B+,FFP,0,6,77
7254,3,San Pedro Hospital,23/06/2025,B+,FFP,1,6,78
7255,3,San Pedro Hospital,30/06/2025,B+,FFP,1,6,79
7256,3,San Pedro Hospital,07/07/2025,B+,FFP,1,7,80
7257,3,San Pedro Hospital,14/07/2025,B+,FFP,1,7,81
7258,3,San Pedro Hospital,21/07/2025,B+,FFP,0,7,82
7259,3,San Pedro Hospital,28/07/2025,B+,FFP,1,7,83
7260,3,San Pedro Hospital,04/08/2025,B+,FFP,1,8,84
7261,3,San Pedro Hospital,11/08/2025,B+,FFP,1,8,85
7262,3,San Pedro Hospital,18/08/2025,B+,FFP,1,8,86
7263,3,San Pedro Hospital,25/08/2025,B+,FFP,1,8,87
7264,3,San Pedro Hospital,01/09/2025,B+,FFP,1,9,88
7265,3,San Pedro Hospital,08/09/2025,B+,FFP,1,9,89
7266,3,San Pedro Hospital,15/09/2025,B+,FFP,1,9,90
7267,3,San Pedro Hospital,22/09/2025,B+,FFP,1,9,91
7268,3,San Pedro Hospital,29/09/2025,B+,FFP,1,9,92
7269,3,San Pedro Hospital,06/10/2025,B+,FFP,1,10,93
7270,3,San Pedro Hospital,13/10/2025,B+,FFP,1,10,94
7271,3,San Pedro Hospital,20/10/2025,B+,FFP,1,10,95
7272,3,San Pedro Hospital,27/10/2025,B+,FFP,1,10,96
7273,3,San Pedro Hospital,03/11/2025,B+,FFP,1,11,97
7274,3,San Pedro Hospital,10/11/2025,B+,FFP,1,11,98
7275,3,San Pedro Hospital,17/11/2025,B+,FFP,1,11,99
7276,3,San Pedro Hospital,24/11/2025,B+,FFP,1,11,100
7277,3,San Pedro Hospital,01/12/2025,B+,FFP,1,12,101
7278,3,San Pedro Hospital,08/12/2025,B+,FFP,1,12,102
7279,3,San Pedro Hospital,15/12/2025,B+,FFP,1,12,103
7280,3,San Pedro Hospital,22/12/2025,B+,FFP,2,12,104
7281,3,San Pedro Hospital,01/01/2024,B-,PRBC,0,1,1
7282,3,San Pedro Hospital,08/01/2024,B-,PRBC,1,1,2
7283,3,San Pedro Hospital,15/01/2024,B-,PRBC,1,1,3
7284,3,San Pedro Hospital,22/01/2024,B-,PRBC,0,1,4
7285,3,San Pedro Hospital,29/01/2024,B-,PRBC,0,1,5
7286,3,San Pedro Hospital,05/02/2024,B-,PRBC,1,2,6
7287,3,San Pedro Hospital,12/02/2024,B-,PRBC,0,2,7
7288,3,San Pedro Hospital,19/02/2024,B-,PRBC,0,2,8
7289,3,San Pedro Hospital,26/02/2024,B-,PRBC,0,2,9
7290,3,San Pedro Hospital,04/03/2024,B-,PRBC,0,3,10
7291,3,San Pedro Hospital,11/03/2024,B-,PRBC,1,3,11
7292,3,San Pedro Hospital,18/03/2024,B-,PRBC,0,3,12
7293,3,San Pedro Hospital,25/03/2024,B-,PRBC,0,3,13
7294,3,San Pedro Hospital,01/04/2024,B-,PRBC,1,4,14
7295,3,San Pedro Hospital,08/04/2024,B-,PRBC,0,4,15
7296,3,San Pedro Hospital,15/04/2024,B-,PRBC,0,4,16
7297,3,San Pedro Hospital,22/04/2024,B-,PRBC,1,4,17
7298,3,San Pedro Hospital,29/04/2024,B-,PRBC,1,4,18
7299,3,San Pedro Hospital,06/05/2024,B-,PRBC,1,5,19
7300,3,San Pedro Hospital,13/05/2024,B-,PRBC,1,5,20
7301,3,San Pedro Hospital,20/05/2024,B-,PRBC,0,5,21
7302,3,San Pedro Hospital,27/05/2024,B-,PRBC,1,5,22
7303,3,San Pedro Hospital,03/06/2024,B-,PRBC,1,6,23
7304,3,San Pedro Hospital,10/06/2024,B-,PRBC,0,6,24
7305,3,San Pedro Hospital,17/06/2024,B-,PRBC,1,6,25
7306,3,San Pedro Hospital,24/06/2024,B-,PRBC,0,6,26
7307,3,San Pedro Hospital,01/07/2024,B-,PRBC,1,7,27
7308,3,San Pedro Hospital,08/07/2024,B-,PRBC,1,7,28
7309,3,San Pedro Hospital,15/07/2024,B-,PRBC,1,7,29
7310,3,San Pedro Hospital,22/07/2024,B-,PRBC,0,7,30
7311,3,San Pedro Hospital,29/07/2024,B-,PRBC,1,7,31
7312,3,San Pedro Hospital,05/08/2024,B-,PRBC,1,8,32
7313,3,San Pedro Hospital,12/08/2024,B-,PRBC,1,8,33
7314,3,San Pedro Hospital,19/08/2024,B-,PRBC,1,8,34
7315,3,San Pedro Hospital,26/08/2024,B-,PRBC,0,8,35
7316,3,San Pedro Hospital,02/09/2024,B-,PRBC,1,9,36
7317,3,San Pedro Hospital,09/09/2024,B-,PRBC,1,9,37
7318,3,San Pedro Hospital,16/09/2024,B-,PRBC,0,9,38
7319,3,San Pedro Hospital,23/09/2024,B-,PRBC,1,9,39
7320,3,San Pedro Hospital,30/09/2024,B-,PRBC,1,9,40
7321,3,San Pedro Hospital,07/10/2024,B-,PRBC,1,10,41
7322,3,San Pedro Hospital,14/10/2024,B-,PRBC,0,10,42
7323,3,San Pedro Hospital,21/10/2024,B-,PRBC,1,10,43
7324,3,San Pedro Hospital,28/10/2024,B-,PRBC,1,10,44
7325,3,San Pedro Hospital,04/11/2024,B-,PRBC,0,11,45
7326,3,San Pedro Hospital,11/11/2024,B-,PRBC,1,11,46
7327,3,San Pedro Hospital,18/11/2024,B-,PRBC,1,11,47
7328,3,San Pedro Hospital,25/11/2024,B-,PRBC,1,11,48
7329,3,San Pedro Hospital,02/12/2024,B-,PRBC,0,12,49
7330,3,San Pedro Hospital,09/12/2024,B-,PRBC,0,12,50
7331,3,San Pedro Hospital,16/12/2024,B-,PRBC,0,12,51
7332,3,San Pedro Hospital,23/12/2024,B-,PRBC,1,12,52
7333,3,San Pedro Hospital,30/12/2024,B-,PRBC,1,12,53
7334,3,San Pedro Hospital,06/01/2025,B-,PRBC,0,1,54
7335,3,San Pedro Hospital,13/01/2025,B-,PRBC,1,1,55
7336,3,San Pedro Hospital,20/01/2025,B-,PRBC,1,1,56
7337,3,San Pedro Hospital,27/01/2025,B-,PRBC,1,1,57
7338,3,San Pedro Hospital,03/02/2025,B-,PRBC,0,2,58
7339,3,San Pedro Hospital,10/02/2025,B-,PRBC,1,2,59
7340,3,San Pedro Hospital,17/02/2025,B-,PRBC,0,2,60
7341,3,San Pedro Hospital,24/02/2025,B-,PRBC,1,2,61
7342,3,San Pedro Hospital,03/03/2025,B-,PRBC,1,3,62
7343,3,San Pedro Hospital,10/03/2025,B-,PRBC,1,3,63
7344,3,San Pedro Hospital,17/03/2025,B-,PRBC,0,3,64
7345,3,San Pedro Hospital,24/03/2025,B-,PRBC,0,3,65
7346,3,San Pedro Hospital,31/03/2025,B-,PRBC,0,3,66
7347,3,San Pedro Hospital,07/04/2025,B-,PRBC,1,4,67
7348,3,San Pedro Hospital,14/04/2025,B-,PRBC,1,4,68
7349,3,San Pedro Hospital,21/04/2025,B-,PRBC,1,4,69
7350,3,San Pedro Hospital,28/04/2025,B-,PRBC,0,4,70
7351,3,San Pedro Hospital,05/05/2025,B-,PRBC,1,5,71
7352,3,San Pedro Hospital,12/05/2025,B-,PRBC,1,5,72
7353,3,San Pedro Hospital,19/05/2025,B-,PRBC,1,5,73
7354,3,San Pedro Hospital,26/05/2025,B-,PRBC,1,5,74
7355,3,San Pedro Hospital,02/06/2025,B-,PRBC,1,6,75
7356,3,San Pedro Hospital,09/06/2025,B-,PRBC,1,6,76
7357,3,San Pedro Hospital,16/06/2025,B-,PRBC,1,6,77
7358,3,San Pedro Hospital,23/06/2025,B-,PRBC,1,6,78
7359,3,San Pedro Hospital,30/06/2025,B-,PRBC,0,6,79
7360,3,San Pedro Hospital,07/07/2025,B-,PRBC,0,7,80
7361,3,San Pedro Hospital,14/07/2025,B-,PRBC,0,7,81
7362,3,San Pedro Hospital,21/07/2025,B-,PRBC,1,7,82
7363,3,San Pedro Hospital,28/07/2025,B-,PRBC,1,7,83
7364,3,San Pedro Hospital,04/08/2025,B-,PRBC,0,8,84
7365,3,San Pedro Hospital,11/08/2025,B-,PRBC,1,8,85
7366,3,San Pedro Hospital,18/08/2025,B-,PRBC,1,8,86
7367,3,San Pedro Hospital,25/08/2025,B-,PRBC,1,8,87
7368,3,San Pedro Hospital,01/09/2025,B-,PRBC,1,9,88
7369,3,San Pedro Hospital,08/09/2025,B-,PRBC,0,9,89
7370,3,San Pedro Hospital,15/09/2025,B-,PRBC,1,9,90
7371,3,San Pedro Hospital,22/09/2025,B-,PRBC,1,9,91
7372,3,San Pedro Hospital,29/09/2025,B-,PRBC,1,9,92
7373,3,San Pedro Hospital,06/10/2025,B-,PRBC,1,10,93
7374,3,San Pedro Hospital,13/10/2025,B-,PRBC,0,10,94
7375,3,San Pedro Hospital,20/10/2025,B-,PRBC,1,10,95
7376,3,San Pedro Hospital,27/10/2025,B-,PRBC,1,10,96
7377,3,San Pedro Hospital,03/11/2025,B-,PRBC,0,11,97
7378,3,San Pedro Hospital,10/11/2025,B-,PRBC,1,11,98
7379,3,San Pedro Hospital,17/11/2025,B-,PRBC,0,11,99
7380,3,San Pedro Hospital,24/11/2025,B-,PRBC,1,11,100
7381,3,San Pedro Hospital,01/12/2025,B-,PRBC,1,12,101
7382,3,San Pedro Hospital,08/12/2025,B-,PRBC,1,12,102
7383,3,San Pedro Hospital,15/12/2025,B-,PRBC,1,12,103
7384,3,San Pedro Hospital,22/12/2025,B-,PRBC,1,12,104
7385,3,San Pedro Hospital,01/01/2024,AB+,PRBC,1,1,1
7386,3,San Pedro Hospital,08/01/2024,AB+,PRBC,0,1,2
7387,3,San Pedro Hospital,15/01/2024,AB+,PRBC,1,1,3
7388,3,San Pedro Hospital,22/01/2024,AB+,PRBC,1,1,4
7389,3,San Pedro Hospital,29/01/2024,AB+,PRBC,0,1,5
7390,3,San Pedro Hospital,05/02/2024,AB+,PRBC,0,2,6
7391,3,San Pedro Hospital,12/02/2024,AB+,PRBC,1,2,7
7392,3,San Pedro Hospital,19/02/2024,AB+,PRBC,1,2,8
7393,3,San Pedro Hospital,26/02/2024,AB+,PRBC,0,2,9
7394,3,San Pedro Hospital,04/03/2024,AB+,PRBC,0,3,10
7395,3,San Pedro Hospital,11/03/2024,AB+,PRBC,1,3,11
7396,3,San Pedro Hospital,18/03/2024,AB+,PRBC,1,3,12
7397,3,San Pedro Hospital,25/03/2024,AB+,PRBC,0,3,13
7398,3,San Pedro Hospital,01/04/2024,AB+,PRBC,1,4,14
7399,3,San Pedro Hospital,08/04/2024,AB+,PRBC,1,4,15
7400,3,San Pedro Hospital,15/04/2024,AB+,PRBC,1,4,16
7401,3,San Pedro Hospital,22/04/2024,AB+,PRBC,1,4,17
7402,3,San Pedro Hospital,29/04/2024,AB+,PRBC,1,4,18
7403,3,San Pedro Hospital,06/05/2024,AB+,PRBC,1,5,19
7404,3,San Pedro Hospital,13/05/2024,AB+,PRBC,1,5,20
7405,3,San Pedro Hospital,20/05/2024,AB+,PRBC,1,5,21
7406,3,San Pedro Hospital,27/05/2024,AB+,PRBC,1,5,22
7407,3,San Pedro Hospital,03/06/2024,AB+,PRBC,1,6,23
7408,3,San Pedro Hospital,10/06/2024,AB+,PRBC,1,6,24
7409,3,San Pedro Hospital,17/06/2024,AB+,PRBC,1,6,25
7410,3,San Pedro Hospital,24/06/2024,AB+,PRBC,0,6,26
7411,3,San Pedro Hospital,01/07/2024,AB+,PRBC,1,7,27
7412,3,San Pedro Hospital,08/07/2024,AB+,PRBC,1,7,28
7413,3,San Pedro Hospital,15/07/2024,AB+,PRBC,0,7,29
7414,3,San Pedro Hospital,22/07/2024,AB+,PRBC,1,7,30
7415,3,San Pedro Hospital,29/07/2024,AB+,PRBC,1,7,31
7416,3,San Pedro Hospital,05/08/2024,AB+,PRBC,0,8,32
7417,3,San Pedro Hospital,12/08/2024,AB+,PRBC,1,8,33
7418,3,San Pedro Hospital,19/08/2024,AB+,PRBC,1,8,34
7419,3,San Pedro Hospital,26/08/2024,AB+,PRBC,1,8,35
7420,3,San Pedro Hospital,02/09/2024,AB+,PRBC,1,9,36
7421,3,San Pedro Hospital,09/09/2024,AB+,PRBC,1,9,37
7422,3,San Pedro Hospital,16/09/2024,AB+,PRBC,1,9,38
7423,3,San Pedro Hospital,23/09/2024,AB+,PRBC,0,9,39
7424,3,San Pedro Hospital,30/09/2024,AB+,PRBC,1,9,40
7425,3,San Pedro Hospital,07/10/2024,AB+,PRBC,1,10,41
7426,3,San Pedro Hospital,14/10/2024,AB+,PRBC,1,10,42
7427,3,San Pedro Hospital,21/10/2024,AB+,PRBC,1,10,43
7428,3,San Pedro Hospital,28/10/2024,AB+,PRBC,1,10,44
7429,3,San Pedro Hospital,04/11/2024,AB+,PRBC,1,11,45
7430,3,San Pedro Hospital,11/11/2024,AB+,PRBC,0,11,46
7431,3,San Pedro Hospital,18/11/2024,AB+,PRBC,1,11,47
7432,3,San Pedro Hospital,25/11/2024,AB+,PRBC,1,11,48
7433,3,San Pedro Hospital,02/12/2024,AB+,PRBC,1,12,49
7434,3,San Pedro Hospital,09/12/2024,AB+,PRBC,1,12,50
7435,3,San Pedro Hospital,16/12/2024,AB+,PRBC,0,12,51
7436,3,San Pedro Hospital,23/12/2024,AB+,PRBC,1,12,52
7437,3,San Pedro Hospital,30/12/2024,AB+,PRBC,1,12,53
7438,3,San Pedro Hospital,06/01/2025,AB+,PRBC,1,1,54
7439,3,San Pedro Hospital,13/01/2025,AB+,PRBC,1,1,55
7440,3,San Pedro Hospital,20/01/2025,AB+,PRBC,1,1,56
7441,3,San Pedro Hospital,27/01/2025,AB+,PRBC,0,1,57
7442,3,San Pedro Hospital,03/02/2025,AB+,PRBC,1,2,58
7443,3,San Pedro Hospital,10/02/2025,AB+,PRBC,1,2,59
7444,3,San Pedro Hospital,17/02/2025,AB+,PRBC,1,2,60
7445,3,San Pedro Hospital,24/02/2025,AB+,PRBC,1,2,61
7446,3,San Pedro Hospital,03/03/2025,AB+,PRBC,1,3,62
7447,3,San Pedro Hospital,10/03/2025,AB+,PRBC,1,3,63
7448,3,San Pedro Hospital,17/03/2025,AB+,PRBC,1,3,64
7449,3,San Pedro Hospital,24/03/2025,AB+,PRBC,0,3,65
7450,3,San Pedro Hospital,31/03/2025,AB+,PRBC,0,3,66
7451,3,San Pedro Hospital,07/04/2025,AB+,PRBC,0,4,67
7452,3,San Pedro Hospital,14/04/2025,AB+,PRBC,0,4,68
7453,3,San Pedro Hospital,21/04/2025,AB+,PRBC,0,4,69
7454,3,San Pedro Hospital,28/04/2025,AB+,PRBC,1,4,70
7455,3,San Pedro Hospital,05/05/2025,AB+,PRBC,0,5,71
7456,3,San Pedro Hospital,12/05/2025,AB+,PRBC,1,5,72
7457,3,San Pedro Hospital,19/05/2025,AB+,PRBC,1,5,73
7458,3,San Pedro Hospital,26/05/2025,AB+,PRBC,1,5,74
7459,3,San Pedro Hospital,02/06/2025,AB+,PRBC,1,6,75
7460,3,San Pedro Hospital,09/06/2025,AB+,PRBC,1,6,76
7461,3,San Pedro Hospital,16/06/2025,AB+,PRBC,1,6,77
7462,3,San Pedro Hospital,23/06/2025,AB+,PRBC,1,6,78
7463,3,San Pedro Hospital,30/06/2025,AB+,PRBC,1,6,79
7464,3,San Pedro Hospital,07/07/2025,AB+,PRBC,1,7,80
7465,3,San Pedro Hospital,14/07/2025,AB+,PRBC,1,7,81
7466,3,San Pedro Hospital,21/07/2025,AB+,PRBC,1,7,82
7467,3,San Pedro Hospital,28/07/2025,AB+,PRBC,1,7,83
7468,3,San Pedro Hospital,04/08/2025,AB+,PRBC,1,8,84
7469,3,San Pedro Hospital,11/08/2025,AB+,PRBC,1,8,85
7470,3,San Pedro Hospital,18/08/2025,AB+,PRBC,1,8,86
7471,3,San Pedro Hospital,25/08/2025,AB+,PRBC,1,8,87
7472,3,San Pedro Hospital,01/09/2025,AB+,PRBC,1,9,88
7473,3,San Pedro Hospital,08/09/2025,AB+,PRBC,1,9,89
7474,3,San Pedro Hospital,15/09/2025,AB+,PRBC,1,9,90
7475,3,San Pedro Hospital,22/09/2025,AB+,PRBC,1,9,91
7476,3,San Pedro Hospital,29/09/2025,AB+,PRBC,1,9,92
7477,3,San Pedro Hospital,06/10/2025,AB+,PRBC,1,10,93
7478,3,San Pedro Hospital,13/10/2025,AB+,PRBC,1,10,94
7479,3,San Pedro Hospital,20/10/2025,AB+,PRBC,1,10,95
7480,3,San Pedro Hospital,27/10/2025,AB+,PRBC,1,10,96
7481,3,San Pedro Hospital,03/11/2025,AB+,PRBC,1,11,97
7482,3,San Pedro Hospital,10/11/2025,AB+,PRBC,1,11,98
7483,3,San Pedro Hospital,17/11/2025,AB+,PRBC,1,11,99
7484,3,San Pedro Hospital,24/11/2025,AB+,PRBC,1,11,100
7485,3,San Pedro Hospital,01/12/2025,AB+,PRBC,1,12,101
7486,3,San Pedro Hospital,08/12/2025,AB+,PRBC,1,12,102
7487,3,San Pedro Hospital,15/12/2025,AB+,PRBC,1,12,103
7488,3,San Pedro Hospital,22/12/2025,AB+,PRBC,1,12,104
7489,4,Philippine Red Cross - Davao Chapter,01/01/2024,O+,PRBC,3,1,1
7490,4,Philippine Red Cross - Davao Chapter,08/01/2024,O+,PRBC,5,1,2
7491,4,Philippine Red Cross - Davao Chapter,15/01/2024,O+,PRBC,4,1,3
7492,4,Philippine Red Cross - Davao Chapter,22/01/2024,O+,PRBC,5,1,4
7493,4,Philippine Red Cross - Davao Chapter,29/01/2024,O+,PRBC,4,1,5
7494,4,Philippine Red Cross - Davao Chapter,05/02/2024,O+,PRBC,4,2,6
7495,4,Philippine Red Cross - Davao Chapter,12/02/2024,O+,PRBC,5,2,7
7496,4,Philippine Red Cross - Davao Chapter,19/02/2024,O+,PRBC,4,2,8
7497,4,Philippine Red Cross - Davao Chapter,26/02/2024,O+,PRBC,3,2,9
7498,4,Philippine Red Cross - Davao Chapter,04/03/2024,O+,PRBC,4,3,10
7499,4,Philippine Red Cross - Davao Chapter,11/03/2024,O+,PRBC,4,3,11
7500,4,Philippine Red Cross - Davao Chapter,18/03/2024,O+,PRBC,4,3,12
7501,4,Philippine Red Cross - Davao Chapter,25/03/2024,O+,PRBC,3,3,13
7502,4,Philippine Red Cross - Davao Chapter,01/04/2024,O+,PRBC,4,4,14
7503,4,Philippine Red Cross - Davao Chapter,08/04/2024,O+,PRBC,2,4,15
7504,4,Philippine Red Cross - Davao Chapter,15/04/2024,O+,PRBC,4,4,16
7505,4,Philippine Red Cross - Davao Chapter,22/04/2024,O+,PRBC,4,4,17
7506,4,Philippine Red Cross - Davao Chapter,29/04/2024,O+,PRBC,5,4,18
7507,4,Philippine Red Cross - Davao Chapter,06/05/2024,O+,PRBC,2,5,19
7508,4,Philippine Red Cross - Davao Chapter,13/05/2024,O+,PRBC,4,5,20
7509,4,Philippine Red Cross - Davao Chapter,20/05/2024,O+,PRBC,5,5,21
7510,4,Philippine Red Cross - Davao Chapter,27/05/2024,O+,PRBC,4,5,22
7511,4,Philippine Red Cross - Davao Chapter,03/06/2024,O+,PRBC,4,6,23
7512,4,Philippine Red Cross - Davao Chapter,10/06/2024,O+,PRBC,2,6,24
7513,4,Philippine Red Cross - Davao Chapter,17/06/2024,O+,PRBC,2,6,25
7514,4,Philippine Red Cross - Davao Chapter,24/06/2024,O+,PRBC,5,6,26
7515,4,Philippine Red Cross - Davao Chapter,01/07/2024,O+,PRBC,3,7,27
7516,4,Philippine Red Cross - Davao Chapter,08/07/2024,O+,PRBC,4,7,28
7517,4,Philippine Red Cross - Davao Chapter,15/07/2024,O+,PRBC,4,7,29
7518,4,Philippine Red Cross - Davao Chapter,22/07/2024,O+,PRBC,4,7,30
7519,4,Philippine Red Cross - Davao Chapter,29/07/2024,O+,PRBC,4,7,31
7520,4,Philippine Red Cross - Davao Chapter,05/08/2024,O+,PRBC,6,8,32
7521,4,Philippine Red Cross - Davao Chapter,12/08/2024,O+,PRBC,3,8,33
7522,4,Philippine Red Cross - Davao Chapter,19/08/2024,O+,PRBC,4,8,34
7523,4,Philippine Red Cross - Davao Chapter,26/08/2024,O+,PRBC,4,8,35
7524,4,Philippine Red Cross - Davao Chapter,02/09/2024,O+,PRBC,3,9,36
7525,4,Philippine Red Cross - Davao Chapter,09/09/2024,O+,PRBC,3,9,37
7526,4,Philippine Red Cross - Davao Chapter,16/09/2024,O+,PRBC,3,9,38
7527,4,Philippine Red Cross - Davao Chapter,23/09/2024,O+,PRBC,3,9,39
7528,4,Philippine Red Cross - Davao Chapter,30/09/2024,O+,PRBC,3,9,40
7529,4,Philippine Red Cross - Davao Chapter,07/10/2024,O+,PRBC,4,10,41
7530,4,Philippine Red Cross - Davao Chapter,14/10/2024,O+,PRBC,4,10,42
7531,4,Philippine Red Cross - Davao Chapter,21/10/2024,O+,PRBC,5,10,43
7532,4,Philippine Red Cross - Davao Chapter,28/10/2024,O+,PRBC,4,10,44
7533,4,Philippine Red Cross - Davao Chapter,04/11/2024,O+,PRBC,5,11,45
7534,4,Philippine Red Cross - Davao Chapter,11/11/2024,O+,PRBC,3,11,46
7535,4,Philippine Red Cross - Davao Chapter,18/11/2024,O+,PRBC,4,11,47
7536,4,Philippine Red Cross - Davao Chapter,25/11/2024,O+,PRBC,5,11,48
7537,4,Philippine Red Cross - Davao Chapter,02/12/2024,O+,PRBC,6,12,49
7538,4,Philippine Red Cross - Davao Chapter,09/12/2024,O+,PRBC,5,12,50
7539,4,Philippine Red Cross - Davao Chapter,16/12/2024,O+,PRBC,4,12,51
7540,4,Philippine Red Cross - Davao Chapter,23/12/2024,O+,PRBC,4,12,52
7541,4,Philippine Red Cross - Davao Chapter,30/12/2024,O+,PRBC,4,12,53
7542,4,Philippine Red Cross - Davao Chapter,06/01/2025,O+,PRBC,6,1,54
7543,4,Philippine Red Cross - Davao Chapter,13/01/2025,O+,PRBC,4,1,55
7544,4,Philippine Red Cross - Davao Chapter,20/01/2025,O+,PRBC,4,1,56
7545,4,Philippine Red Cross - Davao Chapter,27/01/2025,O+,PRBC,4,1,57
7546,4,Philippine Red Cross - Davao Chapter,03/02/2025,O+,PRBC,4,2,58
7547,4,Philippine Red Cross - Davao Chapter,10/02/2025,O+,PRBC,5,2,59
7548,4,Philippine Red Cross - Davao Chapter,17/02/2025,O+,PRBC,5,2,60
7549,4,Philippine Red Cross - Davao Chapter,24/02/2025,O+,PRBC,4,2,61
7550,4,Philippine Red Cross - Davao Chapter,03/03/2025,O+,PRBC,4,3,62
7551,4,Philippine Red Cross - Davao Chapter,10/03/2025,O+,PRBC,4,3,63
7552,4,Philippine Red Cross - Davao Chapter,17/03/2025,O+,PRBC,4,3,64
7553,4,Philippine Red Cross - Davao Chapter,24/03/2025,O+,PRBC,3,3,65
7554,4,Philippine Red Cross - Davao Chapter,31/03/2025,O+,PRBC,5,3,66
7555,4,Philippine Red Cross - Davao Chapter,07/04/2025,O+,PRBC,5,4,67
7556,4,Philippine Red Cross - Davao Chapter,14/04/2025,O+,PRBC,5,4,68
7557,4,Philippine Red Cross - Davao Chapter,21/04/2025,O+,PRBC,5,4,69
7558,4,Philippine Red Cross - Davao Chapter,28/04/2025,O+,PRBC,4,4,70
7559,4,Philippine Red Cross - Davao Chapter,05/05/2025,O+,PRBC,4,5,71
7560,4,Philippine Red Cross - Davao Chapter,12/05/2025,O+,PRBC,6,5,72
7561,4,Philippine Red Cross - Davao Chapter,19/05/2025,O+,PRBC,5,5,73
7562,4,Philippine Red Cross - Davao Chapter,26/05/2025,O+,PRBC,5,5,74
7563,4,Philippine Red Cross - Davao Chapter,02/06/2025,O+,PRBC,3,6,75
7564,4,Philippine Red Cross - Davao Chapter,09/06/2025,O+,PRBC,5,6,76
7565,4,Philippine Red Cross - Davao Chapter,16/06/2025,O+,PRBC,3,6,77
7566,4,Philippine Red Cross - Davao Chapter,23/06/2025,O+,PRBC,5,6,78
7567,4,Philippine Red Cross - Davao Chapter,30/06/2025,O+,PRBC,5,6,79
7568,4,Philippine Red Cross - Davao Chapter,07/07/2025,O+,PRBC,4,7,80
7569,4,Philippine Red Cross - Davao Chapter,14/07/2025,O+,PRBC,5,7,81
7570,4,Philippine Red Cross - Davao Chapter,21/07/2025,O+,PRBC,4,7,82
7571,4,Philippine Red Cross - Davao Chapter,28/07/2025,O+,PRBC,5,7,83
7572,4,Philippine Red Cross - Davao Chapter,04/08/2025,O+,PRBC,4,8,84
7573,4,Philippine Red Cross - Davao Chapter,11/08/2025,O+,PRBC,3,8,85
7574,4,Philippine Red Cross - Davao Chapter,18/08/2025,O+,PRBC,4,8,86
7575,4,Philippine Red Cross - Davao Chapter,25/08/2025,O+,PRBC,5,8,87
7576,4,Philippine Red Cross - Davao Chapter,01/09/2025,O+,PRBC,4,9,88
7577,4,Philippine Red Cross - Davao Chapter,08/09/2025,O+,PRBC,4,9,89
7578,4,Philippine Red Cross - Davao Chapter,15/09/2025,O+,PRBC,5,9,90
7579,4,Philippine Red Cross - Davao Chapter,22/09/2025,O+,PRBC,3,9,91
7580,4,Philippine Red Cross - Davao Chapter,29/09/2025,O+,PRBC,4,9,92
7581,4,Philippine Red Cross - Davao Chapter,06/10/2025,O+,PRBC,5,10,93
7582,4,Philippine Red Cross - Davao Chapter,13/10/2025,O+,PRBC,4,10,94
7583,4,Philippine Red Cross - Davao Chapter,20/10/2025,O+,PRBC,4,10,95
7584,4,Philippine Red Cross - Davao Chapter,27/10/2025,O+,PRBC,4,10,96
7585,4,Philippine Red Cross - Davao Chapter,03/11/2025,O+,PRBC,5,11,97
7586,4,Philippine Red Cross - Davao Chapter,10/11/2025,O+,PRBC,6,11,98
7587,4,Philippine Red Cross - Davao Chapter,17/11/2025,O+,PRBC,4,11,99
7588,4,Philippine Red Cross - Davao Chapter,24/11/2025,O+,PRBC,4,11,100
7589,4,Philippine Red Cross - Davao Chapter,01/12/2025,O+,PRBC,4,12,101
7590,4,Philippine Red Cross - Davao Chapter,08/12/2025,O+,PRBC,6,12,102
7591,4,Philippine Red Cross - Davao Chapter,15/12/2025,O+,PRBC,4,12,103
7592,4,Philippine Red Cross - Davao Chapter,22/12/2025,O+,PRBC,5,12,104
7593,4,Philippine Red Cross - Davao Chapter,01/01/2024,O+,Platelet Concentrate,1,1,1
7594,4,Philippine Red Cross - Davao Chapter,08/01/2024,O+,Platelet Concentrate,1,1,2
7595,4,Philippine Red Cross - Davao Chapter,15/01/2024,O+,Platelet Concentrate,2,1,3
7596,4,Philippine Red Cross - Davao Chapter,22/01/2024,O+,Platelet Concentrate,1,1,4
7597,4,Philippine Red Cross - Davao Chapter,29/01/2024,O+,Platelet Concentrate,1,1,5
7598,4,Philippine Red Cross - Davao Chapter,05/02/2024,O+,Platelet Concentrate,1,2,6
7599,4,Philippine Red Cross - Davao Chapter,12/02/2024,O+,Platelet Concentrate,1,2,7
7600,4,Philippine Red Cross - Davao Chapter,19/02/2024,O+,Platelet Concentrate,1,2,8
7601,4,Philippine Red Cross - Davao Chapter,26/02/2024,O+,Platelet Concentrate,1,2,9
7602,4,Philippine Red Cross - Davao Chapter,04/03/2024,O+,Platelet Concentrate,2,3,10
7603,4,Philippine Red Cross - Davao Chapter,11/03/2024,O+,Platelet Concentrate,1,3,11
7604,4,Philippine Red Cross - Davao Chapter,18/03/2024,O+,Platelet Concentrate,1,3,12
7605,4,Philippine Red Cross - Davao Chapter,25/03/2024,O+,Platelet Concentrate,1,3,13
7606,4,Philippine Red Cross - Davao Chapter,01/04/2024,O+,Platelet Concentrate,1,4,14
7607,4,Philippine Red Cross - Davao Chapter,08/04/2024,O+,Platelet Concentrate,2,4,15
7608,4,Philippine Red Cross - Davao Chapter,15/04/2024,O+,Platelet Concentrate,1,4,16
7609,4,Philippine Red Cross - Davao Chapter,22/04/2024,O+,Platelet Concentrate,1,4,17
7610,4,Philippine Red Cross - Davao Chapter,29/04/2024,O+,Platelet Concentrate,1,4,18
7611,4,Philippine Red Cross - Davao Chapter,06/05/2024,O+,Platelet Concentrate,2,5,19
7612,4,Philippine Red Cross - Davao Chapter,13/05/2024,O+,Platelet Concentrate,1,5,20
7613,4,Philippine Red Cross - Davao Chapter,20/05/2024,O+,Platelet Concentrate,1,5,21
7614,4,Philippine Red Cross - Davao Chapter,27/05/2024,O+,Platelet Concentrate,2,5,22
7615,4,Philippine Red Cross - Davao Chapter,03/06/2024,O+,Platelet Concentrate,1,6,23
7616,4,Philippine Red Cross - Davao Chapter,10/06/2024,O+,Platelet Concentrate,1,6,24
7617,4,Philippine Red Cross - Davao Chapter,17/06/2024,O+,Platelet Concentrate,1,6,25
7618,4,Philippine Red Cross - Davao Chapter,24/06/2024,O+,Platelet Concentrate,1,6,26
7619,4,Philippine Red Cross - Davao Chapter,01/07/2024,O+,Platelet Concentrate,1,7,27
7620,4,Philippine Red Cross - Davao Chapter,08/07/2024,O+,Platelet Concentrate,1,7,28
7621,4,Philippine Red Cross - Davao Chapter,15/07/2024,O+,Platelet Concentrate,1,7,29
7622,4,Philippine Red Cross - Davao Chapter,22/07/2024,O+,Platelet Concentrate,1,7,30
7623,4,Philippine Red Cross - Davao Chapter,29/07/2024,O+,Platelet Concentrate,1,7,31
7624,4,Philippine Red Cross - Davao Chapter,05/08/2024,O+,Platelet Concentrate,2,8,32
7625,4,Philippine Red Cross - Davao Chapter,12/08/2024,O+,Platelet Concentrate,1,8,33
7626,4,Philippine Red Cross - Davao Chapter,19/08/2024,O+,Platelet Concentrate,1,8,34
7627,4,Philippine Red Cross - Davao Chapter,26/08/2024,O+,Platelet Concentrate,1,8,35
7628,4,Philippine Red Cross - Davao Chapter,02/09/2024,O+,Platelet Concentrate,1,9,36
7629,4,Philippine Red Cross - Davao Chapter,09/09/2024,O+,Platelet Concentrate,1,9,37
7630,4,Philippine Red Cross - Davao Chapter,16/09/2024,O+,Platelet Concentrate,1,9,38
7631,4,Philippine Red Cross - Davao Chapter,23/09/2024,O+,Platelet Concentrate,1,9,39
7632,4,Philippine Red Cross - Davao Chapter,30/09/2024,O+,Platelet Concentrate,1,9,40
7633,4,Philippine Red Cross - Davao Chapter,07/10/2024,O+,Platelet Concentrate,1,10,41
7634,4,Philippine Red Cross - Davao Chapter,14/10/2024,O+,Platelet Concentrate,2,10,42
7635,4,Philippine Red Cross - Davao Chapter,21/10/2024,O+,Platelet Concentrate,1,10,43
7636,4,Philippine Red Cross - Davao Chapter,28/10/2024,O+,Platelet Concentrate,1,10,44
7637,4,Philippine Red Cross - Davao Chapter,04/11/2024,O+,Platelet Concentrate,1,11,45
7638,4,Philippine Red Cross - Davao Chapter,11/11/2024,O+,Platelet Concentrate,1,11,46
7639,4,Philippine Red Cross - Davao Chapter,18/11/2024,O+,Platelet Concentrate,1,11,47
7640,4,Philippine Red Cross - Davao Chapter,25/11/2024,O+,Platelet Concentrate,1,11,48
7641,4,Philippine Red Cross - Davao Chapter,02/12/2024,O+,Platelet Concentrate,1,12,49
7642,4,Philippine Red Cross - Davao Chapter,09/12/2024,O+,Platelet Concentrate,1,12,50
7643,4,Philippine Red Cross - Davao Chapter,16/12/2024,O+,Platelet Concentrate,1,12,51
7644,4,Philippine Red Cross - Davao Chapter,23/12/2024,O+,Platelet Concentrate,1,12,52
7645,4,Philippine Red Cross - Davao Chapter,30/12/2024,O+,Platelet Concentrate,2,12,53
7646,4,Philippine Red Cross - Davao Chapter,06/01/2025,O+,Platelet Concentrate,1,1,54
7647,4,Philippine Red Cross - Davao Chapter,13/01/2025,O+,Platelet Concentrate,1,1,55
7648,4,Philippine Red Cross - Davao Chapter,20/01/2025,O+,Platelet Concentrate,1,1,56
7649,4,Philippine Red Cross - Davao Chapter,27/01/2025,O+,Platelet Concentrate,1,1,57
7650,4,Philippine Red Cross - Davao Chapter,03/02/2025,O+,Platelet Concentrate,1,2,58
7651,4,Philippine Red Cross - Davao Chapter,10/02/2025,O+,Platelet Concentrate,2,2,59
7652,4,Philippine Red Cross - Davao Chapter,17/02/2025,O+,Platelet Concentrate,1,2,60
7653,4,Philippine Red Cross - Davao Chapter,24/02/2025,O+,Platelet Concentrate,1,2,61
7654,4,Philippine Red Cross - Davao Chapter,03/03/2025,O+,Platelet Concentrate,1,3,62
7655,4,Philippine Red Cross - Davao Chapter,10/03/2025,O+,Platelet Concentrate,1,3,63
7656,4,Philippine Red Cross - Davao Chapter,17/03/2025,O+,Platelet Concentrate,2,3,64
7657,4,Philippine Red Cross - Davao Chapter,24/03/2025,O+,Platelet Concentrate,1,3,65
7658,4,Philippine Red Cross - Davao Chapter,31/03/2025,O+,Platelet Concentrate,1,3,66
7659,4,Philippine Red Cross - Davao Chapter,07/04/2025,O+,Platelet Concentrate,1,4,67
7660,4,Philippine Red Cross - Davao Chapter,14/04/2025,O+,Platelet Concentrate,1,4,68
7661,4,Philippine Red Cross - Davao Chapter,21/04/2025,O+,Platelet Concentrate,1,4,69
7662,4,Philippine Red Cross - Davao Chapter,28/04/2025,O+,Platelet Concentrate,1,4,70
7663,4,Philippine Red Cross - Davao Chapter,05/05/2025,O+,Platelet Concentrate,1,5,71
7664,4,Philippine Red Cross - Davao Chapter,12/05/2025,O+,Platelet Concentrate,2,5,72
7665,4,Philippine Red Cross - Davao Chapter,19/05/2025,O+,Platelet Concentrate,1,5,73
7666,4,Philippine Red Cross - Davao Chapter,26/05/2025,O+,Platelet Concentrate,1,5,74
7667,4,Philippine Red Cross - Davao Chapter,02/06/2025,O+,Platelet Concentrate,1,6,75
7668,4,Philippine Red Cross - Davao Chapter,09/06/2025,O+,Platelet Concentrate,2,6,76
7669,4,Philippine Red Cross - Davao Chapter,16/06/2025,O+,Platelet Concentrate,1,6,77
7670,4,Philippine Red Cross - Davao Chapter,23/06/2025,O+,Platelet Concentrate,1,6,78
7671,4,Philippine Red Cross - Davao Chapter,30/06/2025,O+,Platelet Concentrate,1,6,79
7672,4,Philippine Red Cross - Davao Chapter,07/07/2025,O+,Platelet Concentrate,1,7,80
7673,4,Philippine Red Cross - Davao Chapter,14/07/2025,O+,Platelet Concentrate,1,7,81
7674,4,Philippine Red Cross - Davao Chapter,21/07/2025,O+,Platelet Concentrate,1,7,82
7675,4,Philippine Red Cross - Davao Chapter,28/07/2025,O+,Platelet Concentrate,1,7,83
7676,4,Philippine Red Cross - Davao Chapter,04/08/2025,O+,Platelet Concentrate,1,8,84
7677,4,Philippine Red Cross - Davao Chapter,11/08/2025,O+,Platelet Concentrate,1,8,85
7678,4,Philippine Red Cross - Davao Chapter,18/08/2025,O+,Platelet Concentrate,1,8,86
7679,4,Philippine Red Cross - Davao Chapter,25/08/2025,O+,Platelet Concentrate,1,8,87
7680,4,Philippine Red Cross - Davao Chapter,01/09/2025,O+,Platelet Concentrate,1,9,88
7681,4,Philippine Red Cross - Davao Chapter,08/09/2025,O+,Platelet Concentrate,1,9,89
7682,4,Philippine Red Cross - Davao Chapter,15/09/2025,O+,Platelet Concentrate,1,9,90
7683,4,Philippine Red Cross - Davao Chapter,22/09/2025,O+,Platelet Concentrate,1,9,91
7684,4,Philippine Red Cross - Davao Chapter,29/09/2025,O+,Platelet Concentrate,1,9,92
7685,4,Philippine Red Cross - Davao Chapter,06/10/2025,O+,Platelet Concentrate,1,10,93
7686,4,Philippine Red Cross - Davao Chapter,13/10/2025,O+,Platelet Concentrate,1,10,94
7687,4,Philippine Red Cross - Davao Chapter,20/10/2025,O+,Platelet Concentrate,1,10,95
7688,4,Philippine Red Cross - Davao Chapter,27/10/2025,O+,Platelet Concentrate,1,10,96
7689,4,Philippine Red Cross - Davao Chapter,03/11/2025,O+,Platelet Concentrate,1,11,97
7690,4,Philippine Red Cross - Davao Chapter,10/11/2025,O+,Platelet Concentrate,1,11,98
7691,4,Philippine Red Cross - Davao Chapter,17/11/2025,O+,Platelet Concentrate,2,11,99
7692,4,Philippine Red Cross - Davao Chapter,24/11/2025,O+,Platelet Concentrate,1,11,100
7693,4,Philippine Red Cross - Davao Chapter,01/12/2025,O+,Platelet Concentrate,1,12,101
7694,4,Philippine Red Cross - Davao Chapter,08/12/2025,O+,Platelet Concentrate,1,12,102
7695,4,Philippine Red Cross - Davao Chapter,15/12/2025,O+,Platelet Concentrate,1,12,103
7696,4,Philippine Red Cross - Davao Chapter,22/12/2025,O+,Platelet Concentrate,1,12,104
7697,4,Philippine Red Cross - Davao Chapter,01/01/2024,O+,FFP,2,1,1
7698,4,Philippine Red Cross - Davao Chapter,08/01/2024,O+,FFP,3,1,2
7699,4,Philippine Red Cross - Davao Chapter,15/01/2024,O+,FFP,2,1,3
7700,4,Philippine Red Cross - Davao Chapter,22/01/2024,O+,FFP,2,1,4
7701,4,Philippine Red Cross - Davao Chapter,29/01/2024,O+,FFP,2,1,5
7702,4,Philippine Red Cross - Davao Chapter,05/02/2024,O+,FFP,2,2,6
7703,4,Philippine Red Cross - Davao Chapter,12/02/2024,O+,FFP,1,2,7
7704,4,Philippine Red Cross - Davao Chapter,19/02/2024,O+,FFP,1,2,8
7705,4,Philippine Red Cross - Davao Chapter,26/02/2024,O+,FFP,1,2,9
7706,4,Philippine Red Cross - Davao Chapter,04/03/2024,O+,FFP,1,3,10
7707,4,Philippine Red Cross - Davao Chapter,11/03/2024,O+,FFP,1,3,11
7708,4,Philippine Red Cross - Davao Chapter,18/03/2024,O+,FFP,1,3,12
7709,4,Philippine Red Cross - Davao Chapter,25/03/2024,O+,FFP,2,3,13
7710,4,Philippine Red Cross - Davao Chapter,01/04/2024,O+,FFP,1,4,14
7711,4,Philippine Red Cross - Davao Chapter,08/04/2024,O+,FFP,2,4,15
7712,4,Philippine Red Cross - Davao Chapter,15/04/2024,O+,FFP,1,4,16
7713,4,Philippine Red Cross - Davao Chapter,22/04/2024,O+,FFP,1,4,17
7714,4,Philippine Red Cross - Davao Chapter,29/04/2024,O+,FFP,2,4,18
7715,4,Philippine Red Cross - Davao Chapter,06/05/2024,O+,FFP,1,5,19
7716,4,Philippine Red Cross - Davao Chapter,13/05/2024,O+,FFP,1,5,20
7717,4,Philippine Red Cross - Davao Chapter,20/05/2024,O+,FFP,1,5,21
7718,4,Philippine Red Cross - Davao Chapter,27/05/2024,O+,FFP,2,5,22
7719,4,Philippine Red Cross - Davao Chapter,03/06/2024,O+,FFP,1,6,23
7720,4,Philippine Red Cross - Davao Chapter,10/06/2024,O+,FFP,1,6,24
7721,4,Philippine Red Cross - Davao Chapter,17/06/2024,O+,FFP,1,6,25
7722,4,Philippine Red Cross - Davao Chapter,24/06/2024,O+,FFP,1,6,26
7723,4,Philippine Red Cross - Davao Chapter,01/07/2024,O+,FFP,3,7,27
7724,4,Philippine Red Cross - Davao Chapter,08/07/2024,O+,FFP,2,7,28
7725,4,Philippine Red Cross - Davao Chapter,15/07/2024,O+,FFP,1,7,29
7726,4,Philippine Red Cross - Davao Chapter,22/07/2024,O+,FFP,1,7,30
7727,4,Philippine Red Cross - Davao Chapter,29/07/2024,O+,FFP,1,7,31
7728,4,Philippine Red Cross - Davao Chapter,05/08/2024,O+,FFP,2,8,32
7729,4,Philippine Red Cross - Davao Chapter,12/08/2024,O+,FFP,1,8,33
7730,4,Philippine Red Cross - Davao Chapter,19/08/2024,O+,FFP,1,8,34
7731,4,Philippine Red Cross - Davao Chapter,26/08/2024,O+,FFP,2,8,35
7732,4,Philippine Red Cross - Davao Chapter,02/09/2024,O+,FFP,2,9,36
7733,4,Philippine Red Cross - Davao Chapter,09/09/2024,O+,FFP,1,9,37
7734,4,Philippine Red Cross - Davao Chapter,16/09/2024,O+,FFP,1,9,38
7735,4,Philippine Red Cross - Davao Chapter,23/09/2024,O+,FFP,1,9,39
7736,4,Philippine Red Cross - Davao Chapter,30/09/2024,O+,FFP,1,9,40
7737,4,Philippine Red Cross - Davao Chapter,07/10/2024,O+,FFP,2,10,41
7738,4,Philippine Red Cross - Davao Chapter,14/10/2024,O+,FFP,1,10,42
7739,4,Philippine Red Cross - Davao Chapter,21/10/2024,O+,FFP,1,10,43
7740,4,Philippine Red Cross - Davao Chapter,28/10/2024,O+,FFP,2,10,44
7741,4,Philippine Red Cross - Davao Chapter,04/11/2024,O+,FFP,2,11,45
7742,4,Philippine Red Cross - Davao Chapter,11/11/2024,O+,FFP,2,11,46
7743,4,Philippine Red Cross - Davao Chapter,18/11/2024,O+,FFP,1,11,47
7744,4,Philippine Red Cross - Davao Chapter,25/11/2024,O+,FFP,1,11,48
7745,4,Philippine Red Cross - Davao Chapter,02/12/2024,O+,FFP,2,12,49
7746,4,Philippine Red Cross - Davao Chapter,09/12/2024,O+,FFP,1,12,50
7747,4,Philippine Red Cross - Davao Chapter,16/12/2024,O+,FFP,1,12,51
7748,4,Philippine Red Cross - Davao Chapter,23/12/2024,O+,FFP,2,12,52
7749,4,Philippine Red Cross - Davao Chapter,30/12/2024,O+,FFP,1,12,53
7750,4,Philippine Red Cross - Davao Chapter,06/01/2025,O+,FFP,1,1,54
7751,4,Philippine Red Cross - Davao Chapter,13/01/2025,O+,FFP,1,1,55
7752,4,Philippine Red Cross - Davao Chapter,20/01/2025,O+,FFP,1,1,56
7753,4,Philippine Red Cross - Davao Chapter,27/01/2025,O+,FFP,1,1,57
7754,4,Philippine Red Cross - Davao Chapter,03/02/2025,O+,FFP,1,2,58
7755,4,Philippine Red Cross - Davao Chapter,10/02/2025,O+,FFP,2,2,59
7756,4,Philippine Red Cross - Davao Chapter,17/02/2025,O+,FFP,1,2,60
7757,4,Philippine Red Cross - Davao Chapter,24/02/2025,O+,FFP,1,2,61
7758,4,Philippine Red Cross - Davao Chapter,03/03/2025,O+,FFP,1,3,62
7759,4,Philippine Red Cross - Davao Chapter,10/03/2025,O+,FFP,2,3,63
7760,4,Philippine Red Cross - Davao Chapter,17/03/2025,O+,FFP,1,3,64
7761,4,Philippine Red Cross - Davao Chapter,24/03/2025,O+,FFP,2,3,65
7762,4,Philippine Red Cross - Davao Chapter,31/03/2025,O+,FFP,1,3,66
7763,4,Philippine Red Cross - Davao Chapter,07/04/2025,O+,FFP,1,4,67
7764,4,Philippine Red Cross - Davao Chapter,14/04/2025,O+,FFP,1,4,68
7765,4,Philippine Red Cross - Davao Chapter,21/04/2025,O+,FFP,1,4,69
7766,4,Philippine Red Cross - Davao Chapter,28/04/2025,O+,FFP,1,4,70
7767,4,Philippine Red Cross - Davao Chapter,05/05/2025,O+,FFP,1,5,71
7768,4,Philippine Red Cross - Davao Chapter,12/05/2025,O+,FFP,1,5,72
7769,4,Philippine Red Cross - Davao Chapter,19/05/2025,O+,FFP,1,5,73
7770,4,Philippine Red Cross - Davao Chapter,26/05/2025,O+,FFP,2,5,74
7771,4,Philippine Red Cross - Davao Chapter,02/06/2025,O+,FFP,2,6,75
7772,4,Philippine Red Cross - Davao Chapter,09/06/2025,O+,FFP,1,6,76
7773,4,Philippine Red Cross - Davao Chapter,16/06/2025,O+,FFP,2,6,77
7774,4,Philippine Red Cross - Davao Chapter,23/06/2025,O+,FFP,1,6,78
7775,4,Philippine Red Cross - Davao Chapter,30/06/2025,O+,FFP,1,6,79
7776,4,Philippine Red Cross - Davao Chapter,07/07/2025,O+,FFP,2,7,80
7777,4,Philippine Red Cross - Davao Chapter,14/07/2025,O+,FFP,1,7,81
7778,4,Philippine Red Cross - Davao Chapter,21/07/2025,O+,FFP,1,7,82
7779,4,Philippine Red Cross - Davao Chapter,28/07/2025,O+,FFP,1,7,83
7780,4,Philippine Red Cross - Davao Chapter,04/08/2025,O+,FFP,1,8,84
7781,4,Philippine Red Cross - Davao Chapter,11/08/2025,O+,FFP,1,8,85
7782,4,Philippine Red Cross - Davao Chapter,18/08/2025,O+,FFP,2,8,86
7783,4,Philippine Red Cross - Davao Chapter,25/08/2025,O+,FFP,1,8,87
7784,4,Philippine Red Cross - Davao Chapter,01/09/2025,O+,FFP,1,9,88
7785,4,Philippine Red Cross - Davao Chapter,08/09/2025,O+,FFP,2,9,89
7786,4,Philippine Red Cross - Davao Chapter,15/09/2025,O+,FFP,1,9,90
7787,4,Philippine Red Cross - Davao Chapter,22/09/2025,O+,FFP,2,9,91
7788,4,Philippine Red Cross - Davao Chapter,29/09/2025,O+,FFP,2,9,92
7789,4,Philippine Red Cross - Davao Chapter,06/10/2025,O+,FFP,1,10,93
7790,4,Philippine Red Cross - Davao Chapter,13/10/2025,O+,FFP,1,10,94
7791,4,Philippine Red Cross - Davao Chapter,20/10/2025,O+,FFP,2,10,95
7792,4,Philippine Red Cross - Davao Chapter,27/10/2025,O+,FFP,2,10,96
7793,4,Philippine Red Cross - Davao Chapter,03/11/2025,O+,FFP,1,11,97
7794,4,Philippine Red Cross - Davao Chapter,10/11/2025,O+,FFP,1,11,98
7795,4,Philippine Red Cross - Davao Chapter,17/11/2025,O+,FFP,1,11,99
7796,4,Philippine Red Cross - Davao Chapter,24/11/2025,O+,FFP,1,11,100
7797,4,Philippine Red Cross - Davao Chapter,01/12/2025,O+,FFP,2,12,101
7798,4,Philippine Red Cross - Davao Chapter,08/12/2025,O+,FFP,2,12,102
7799,4,Philippine Red Cross - Davao Chapter,15/12/2025,O+,FFP,1,12,103
7800,4,Philippine Red Cross - Davao Chapter,22/12/2025,O+,FFP,2,12,104
7801,4,Philippine Red Cross - Davao Chapter,01/01/2024,O+,Cryoprecipitate,1,1,1
7802,4,Philippine Red Cross - Davao Chapter,08/01/2024,O+,Cryoprecipitate,1,1,2
7803,4,Philippine Red Cross - Davao Chapter,15/01/2024,O+,Cryoprecipitate,1,1,3
7804,4,Philippine Red Cross - Davao Chapter,22/01/2024,O+,Cryoprecipitate,1,1,4
7805,4,Philippine Red Cross - Davao Chapter,29/01/2024,O+,Cryoprecipitate,1,1,5
7806,4,Philippine Red Cross - Davao Chapter,05/02/2024,O+,Cryoprecipitate,1,2,6
7807,4,Philippine Red Cross - Davao Chapter,12/02/2024,O+,Cryoprecipitate,1,2,7
7808,4,Philippine Red Cross - Davao Chapter,19/02/2024,O+,Cryoprecipitate,1,2,8
7809,4,Philippine Red Cross - Davao Chapter,26/02/2024,O+,Cryoprecipitate,1,2,9
7810,4,Philippine Red Cross - Davao Chapter,04/03/2024,O+,Cryoprecipitate,1,3,10
7811,4,Philippine Red Cross - Davao Chapter,11/03/2024,O+,Cryoprecipitate,1,3,11
7812,4,Philippine Red Cross - Davao Chapter,18/03/2024,O+,Cryoprecipitate,1,3,12
7813,4,Philippine Red Cross - Davao Chapter,25/03/2024,O+,Cryoprecipitate,1,3,13
7814,4,Philippine Red Cross - Davao Chapter,01/04/2024,O+,Cryoprecipitate,1,4,14
7815,4,Philippine Red Cross - Davao Chapter,08/04/2024,O+,Cryoprecipitate,1,4,15
7816,4,Philippine Red Cross - Davao Chapter,15/04/2024,O+,Cryoprecipitate,1,4,16
7817,4,Philippine Red Cross - Davao Chapter,22/04/2024,O+,Cryoprecipitate,1,4,17
7818,4,Philippine Red Cross - Davao Chapter,29/04/2024,O+,Cryoprecipitate,1,4,18
7819,4,Philippine Red Cross - Davao Chapter,06/05/2024,O+,Cryoprecipitate,1,5,19
7820,4,Philippine Red Cross - Davao Chapter,13/05/2024,O+,Cryoprecipitate,1,5,20
7821,4,Philippine Red Cross - Davao Chapter,20/05/2024,O+,Cryoprecipitate,1,5,21
7822,4,Philippine Red Cross - Davao Chapter,27/05/2024,O+,Cryoprecipitate,1,5,22
7823,4,Philippine Red Cross - Davao Chapter,03/06/2024,O+,Cryoprecipitate,1,6,23
7824,4,Philippine Red Cross - Davao Chapter,10/06/2024,O+,Cryoprecipitate,1,6,24
7825,4,Philippine Red Cross - Davao Chapter,17/06/2024,O+,Cryoprecipitate,1,6,25
7826,4,Philippine Red Cross - Davao Chapter,24/06/2024,O+,Cryoprecipitate,1,6,26
7827,4,Philippine Red Cross - Davao Chapter,01/07/2024,O+,Cryoprecipitate,1,7,27
7828,4,Philippine Red Cross - Davao Chapter,08/07/2024,O+,Cryoprecipitate,1,7,28
7829,4,Philippine Red Cross - Davao Chapter,15/07/2024,O+,Cryoprecipitate,1,7,29
7830,4,Philippine Red Cross - Davao Chapter,22/07/2024,O+,Cryoprecipitate,1,7,30
7831,4,Philippine Red Cross - Davao Chapter,29/07/2024,O+,Cryoprecipitate,1,7,31
7832,4,Philippine Red Cross - Davao Chapter,05/08/2024,O+,Cryoprecipitate,1,8,32
7833,4,Philippine Red Cross - Davao Chapter,12/08/2024,O+,Cryoprecipitate,1,8,33
7834,4,Philippine Red Cross - Davao Chapter,19/08/2024,O+,Cryoprecipitate,1,8,34
7835,4,Philippine Red Cross - Davao Chapter,26/08/2024,O+,Cryoprecipitate,1,8,35
7836,4,Philippine Red Cross - Davao Chapter,02/09/2024,O+,Cryoprecipitate,1,9,36
7837,4,Philippine Red Cross - Davao Chapter,09/09/2024,O+,Cryoprecipitate,1,9,37
7838,4,Philippine Red Cross - Davao Chapter,16/09/2024,O+,Cryoprecipitate,1,9,38
7839,4,Philippine Red Cross - Davao Chapter,23/09/2024,O+,Cryoprecipitate,1,9,39
7840,4,Philippine Red Cross - Davao Chapter,30/09/2024,O+,Cryoprecipitate,1,9,40
7841,4,Philippine Red Cross - Davao Chapter,07/10/2024,O+,Cryoprecipitate,1,10,41
7842,4,Philippine Red Cross - Davao Chapter,14/10/2024,O+,Cryoprecipitate,1,10,42
7843,4,Philippine Red Cross - Davao Chapter,21/10/2024,O+,Cryoprecipitate,1,10,43
7844,4,Philippine Red Cross - Davao Chapter,28/10/2024,O+,Cryoprecipitate,1,10,44
7845,4,Philippine Red Cross - Davao Chapter,04/11/2024,O+,Cryoprecipitate,1,11,45
7846,4,Philippine Red Cross - Davao Chapter,11/11/2024,O+,Cryoprecipitate,1,11,46
7847,4,Philippine Red Cross - Davao Chapter,18/11/2024,O+,Cryoprecipitate,1,11,47
7848,4,Philippine Red Cross - Davao Chapter,25/11/2024,O+,Cryoprecipitate,1,11,48
7849,4,Philippine Red Cross - Davao Chapter,02/12/2024,O+,Cryoprecipitate,1,12,49
7850,4,Philippine Red Cross - Davao Chapter,09/12/2024,O+,Cryoprecipitate,1,12,50
7851,4,Philippine Red Cross - Davao Chapter,16/12/2024,O+,Cryoprecipitate,1,12,51
7852,4,Philippine Red Cross - Davao Chapter,23/12/2024,O+,Cryoprecipitate,1,12,52
7853,4,Philippine Red Cross - Davao Chapter,30/12/2024,O+,Cryoprecipitate,1,12,53
7854,4,Philippine Red Cross - Davao Chapter,06/01/2025,O+,Cryoprecipitate,1,1,54
7855,4,Philippine Red Cross - Davao Chapter,13/01/2025,O+,Cryoprecipitate,1,1,55
7856,4,Philippine Red Cross - Davao Chapter,20/01/2025,O+,Cryoprecipitate,1,1,56
7857,4,Philippine Red Cross - Davao Chapter,27/01/2025,O+,Cryoprecipitate,1,1,57
7858,4,Philippine Red Cross - Davao Chapter,03/02/2025,O+,Cryoprecipitate,1,2,58
7859,4,Philippine Red Cross - Davao Chapter,10/02/2025,O+,Cryoprecipitate,1,2,59
7860,4,Philippine Red Cross - Davao Chapter,17/02/2025,O+,Cryoprecipitate,1,2,60
7861,4,Philippine Red Cross - Davao Chapter,24/02/2025,O+,Cryoprecipitate,1,2,61
7862,4,Philippine Red Cross - Davao Chapter,03/03/2025,O+,Cryoprecipitate,1,3,62
7863,4,Philippine Red Cross - Davao Chapter,10/03/2025,O+,Cryoprecipitate,1,3,63
7864,4,Philippine Red Cross - Davao Chapter,17/03/2025,O+,Cryoprecipitate,1,3,64
7865,4,Philippine Red Cross - Davao Chapter,24/03/2025,O+,Cryoprecipitate,1,3,65
7866,4,Philippine Red Cross - Davao Chapter,31/03/2025,O+,Cryoprecipitate,1,3,66
7867,4,Philippine Red Cross - Davao Chapter,07/04/2025,O+,Cryoprecipitate,1,4,67
7868,4,Philippine Red Cross - Davao Chapter,14/04/2025,O+,Cryoprecipitate,1,4,68
7869,4,Philippine Red Cross - Davao Chapter,21/04/2025,O+,Cryoprecipitate,1,4,69
7870,4,Philippine Red Cross - Davao Chapter,28/04/2025,O+,Cryoprecipitate,1,4,70
7871,4,Philippine Red Cross - Davao Chapter,05/05/2025,O+,Cryoprecipitate,1,5,71
7872,4,Philippine Red Cross - Davao Chapter,12/05/2025,O+,Cryoprecipitate,1,5,72
7873,4,Philippine Red Cross - Davao Chapter,19/05/2025,O+,Cryoprecipitate,1,5,73
7874,4,Philippine Red Cross - Davao Chapter,26/05/2025,O+,Cryoprecipitate,1,5,74
7875,4,Philippine Red Cross - Davao Chapter,02/06/2025,O+,Cryoprecipitate,1,6,75
7876,4,Philippine Red Cross - Davao Chapter,09/06/2025,O+,Cryoprecipitate,1,6,76
7877,4,Philippine Red Cross - Davao Chapter,16/06/2025,O+,Cryoprecipitate,1,6,77
7878,4,Philippine Red Cross - Davao Chapter,23/06/2025,O+,Cryoprecipitate,1,6,78
7879,4,Philippine Red Cross - Davao Chapter,30/06/2025,O+,Cryoprecipitate,1,6,79
7880,4,Philippine Red Cross - Davao Chapter,07/07/2025,O+,Cryoprecipitate,1,7,80
7881,4,Philippine Red Cross - Davao Chapter,14/07/2025,O+,Cryoprecipitate,1,7,81
7882,4,Philippine Red Cross - Davao Chapter,21/07/2025,O+,Cryoprecipitate,1,7,82
7883,4,Philippine Red Cross - Davao Chapter,28/07/2025,O+,Cryoprecipitate,1,7,83
7884,4,Philippine Red Cross - Davao Chapter,04/08/2025,O+,Cryoprecipitate,1,8,84
7885,4,Philippine Red Cross - Davao Chapter,11/08/2025,O+,Cryoprecipitate,1,8,85
7886,4,Philippine Red Cross - Davao Chapter,18/08/2025,O+,Cryoprecipitate,1,8,86
7887,4,Philippine Red Cross - Davao Chapter,25/08/2025,O+,Cryoprecipitate,1,8,87
7888,4,Philippine Red Cross - Davao Chapter,01/09/2025,O+,Cryoprecipitate,1,9,88
7889,4,Philippine Red Cross - Davao Chapter,08/09/2025,O+,Cryoprecipitate,1,9,89
7890,4,Philippine Red Cross - Davao Chapter,15/09/2025,O+,Cryoprecipitate,1,9,90
7891,4,Philippine Red Cross - Davao Chapter,22/09/2025,O+,Cryoprecipitate,1,9,91
7892,4,Philippine Red Cross - Davao Chapter,29/09/2025,O+,Cryoprecipitate,1,9,92
7893,4,Philippine Red Cross - Davao Chapter,06/10/2025,O+,Cryoprecipitate,1,10,93
7894,4,Philippine Red Cross - Davao Chapter,13/10/2025,O+,Cryoprecipitate,1,10,94
7895,4,Philippine Red Cross - Davao Chapter,20/10/2025,O+,Cryoprecipitate,1,10,95
7896,4,Philippine Red Cross - Davao Chapter,27/10/2025,O+,Cryoprecipitate,1,10,96
7897,4,Philippine Red Cross - Davao Chapter,03/11/2025,O+,Cryoprecipitate,1,11,97
7898,4,Philippine Red Cross - Davao Chapter,10/11/2025,O+,Cryoprecipitate,1,11,98
7899,4,Philippine Red Cross - Davao Chapter,17/11/2025,O+,Cryoprecipitate,1,11,99
7900,4,Philippine Red Cross - Davao Chapter,24/11/2025,O+,Cryoprecipitate,1,11,100
7901,4,Philippine Red Cross - Davao Chapter,01/12/2025,O+,Cryoprecipitate,1,12,101
7902,4,Philippine Red Cross - Davao Chapter,08/12/2025,O+,Cryoprecipitate,1,12,102
7903,4,Philippine Red Cross - Davao Chapter,15/12/2025,O+,Cryoprecipitate,1,12,103
7904,4,Philippine Red Cross - Davao Chapter,22/12/2025,O+,Cryoprecipitate,1,12,104
7905,4,Philippine Red Cross - Davao Chapter,01/01/2024,O+,Cryosupernate,1,1,1
7906,4,Philippine Red Cross - Davao Chapter,08/01/2024,O+,Cryosupernate,1,1,2
7907,4,Philippine Red Cross - Davao Chapter,15/01/2024,O+,Cryosupernate,1,1,3
7908,4,Philippine Red Cross - Davao Chapter,22/01/2024,O+,Cryosupernate,1,1,4
7909,4,Philippine Red Cross - Davao Chapter,29/01/2024,O+,Cryosupernate,1,1,5
7910,4,Philippine Red Cross - Davao Chapter,05/02/2024,O+,Cryosupernate,1,2,6
7911,4,Philippine Red Cross - Davao Chapter,12/02/2024,O+,Cryosupernate,1,2,7
7912,4,Philippine Red Cross - Davao Chapter,19/02/2024,O+,Cryosupernate,1,2,8
7913,4,Philippine Red Cross - Davao Chapter,26/02/2024,O+,Cryosupernate,1,2,9
7914,4,Philippine Red Cross - Davao Chapter,04/03/2024,O+,Cryosupernate,1,3,10
7915,4,Philippine Red Cross - Davao Chapter,11/03/2024,O+,Cryosupernate,1,3,11
7916,4,Philippine Red Cross - Davao Chapter,18/03/2024,O+,Cryosupernate,1,3,12
7917,4,Philippine Red Cross - Davao Chapter,25/03/2024,O+,Cryosupernate,1,3,13
7918,4,Philippine Red Cross - Davao Chapter,01/04/2024,O+,Cryosupernate,1,4,14
7919,4,Philippine Red Cross - Davao Chapter,08/04/2024,O+,Cryosupernate,1,4,15
7920,4,Philippine Red Cross - Davao Chapter,15/04/2024,O+,Cryosupernate,1,4,16
7921,4,Philippine Red Cross - Davao Chapter,22/04/2024,O+,Cryosupernate,1,4,17
7922,4,Philippine Red Cross - Davao Chapter,29/04/2024,O+,Cryosupernate,1,4,18
7923,4,Philippine Red Cross - Davao Chapter,06/05/2024,O+,Cryosupernate,1,5,19
7924,4,Philippine Red Cross - Davao Chapter,13/05/2024,O+,Cryosupernate,1,5,20
7925,4,Philippine Red Cross - Davao Chapter,20/05/2024,O+,Cryosupernate,1,5,21
7926,4,Philippine Red Cross - Davao Chapter,27/05/2024,O+,Cryosupernate,1,5,22
7927,4,Philippine Red Cross - Davao Chapter,03/06/2024,O+,Cryosupernate,1,6,23
7928,4,Philippine Red Cross - Davao Chapter,10/06/2024,O+,Cryosupernate,1,6,24
7929,4,Philippine Red Cross - Davao Chapter,17/06/2024,O+,Cryosupernate,1,6,25
7930,4,Philippine Red Cross - Davao Chapter,24/06/2024,O+,Cryosupernate,1,6,26
7931,4,Philippine Red Cross - Davao Chapter,01/07/2024,O+,Cryosupernate,1,7,27
7932,4,Philippine Red Cross - Davao Chapter,08/07/2024,O+,Cryosupernate,1,7,28
7933,4,Philippine Red Cross - Davao Chapter,15/07/2024,O+,Cryosupernate,1,7,29
7934,4,Philippine Red Cross - Davao Chapter,22/07/2024,O+,Cryosupernate,1,7,30
7935,4,Philippine Red Cross - Davao Chapter,29/07/2024,O+,Cryosupernate,1,7,31
7936,4,Philippine Red Cross - Davao Chapter,05/08/2024,O+,Cryosupernate,1,8,32
7937,4,Philippine Red Cross - Davao Chapter,12/08/2024,O+,Cryosupernate,1,8,33
7938,4,Philippine Red Cross - Davao Chapter,19/08/2024,O+,Cryosupernate,1,8,34
7939,4,Philippine Red Cross - Davao Chapter,26/08/2024,O+,Cryosupernate,1,8,35
7940,4,Philippine Red Cross - Davao Chapter,02/09/2024,O+,Cryosupernate,1,9,36
7941,4,Philippine Red Cross - Davao Chapter,09/09/2024,O+,Cryosupernate,1,9,37
7942,4,Philippine Red Cross - Davao Chapter,16/09/2024,O+,Cryosupernate,1,9,38
7943,4,Philippine Red Cross - Davao Chapter,23/09/2024,O+,Cryosupernate,1,9,39
7944,4,Philippine Red Cross - Davao Chapter,30/09/2024,O+,Cryosupernate,1,9,40
7945,4,Philippine Red Cross - Davao Chapter,07/10/2024,O+,Cryosupernate,1,10,41
7946,4,Philippine Red Cross - Davao Chapter,14/10/2024,O+,Cryosupernate,1,10,42
7947,4,Philippine Red Cross - Davao Chapter,21/10/2024,O+,Cryosupernate,1,10,43
7948,4,Philippine Red Cross - Davao Chapter,28/10/2024,O+,Cryosupernate,1,10,44
7949,4,Philippine Red Cross - Davao Chapter,04/11/2024,O+,Cryosupernate,1,11,45
7950,4,Philippine Red Cross - Davao Chapter,11/11/2024,O+,Cryosupernate,1,11,46
7951,4,Philippine Red Cross - Davao Chapter,18/11/2024,O+,Cryosupernate,1,11,47
7952,4,Philippine Red Cross - Davao Chapter,25/11/2024,O+,Cryosupernate,1,11,48
7953,4,Philippine Red Cross - Davao Chapter,02/12/2024,O+,Cryosupernate,1,12,49
7954,4,Philippine Red Cross - Davao Chapter,09/12/2024,O+,Cryosupernate,1,12,50
7955,4,Philippine Red Cross - Davao Chapter,16/12/2024,O+,Cryosupernate,1,12,51
7956,4,Philippine Red Cross - Davao Chapter,23/12/2024,O+,Cryosupernate,1,12,52
7957,4,Philippine Red Cross - Davao Chapter,30/12/2024,O+,Cryosupernate,1,12,53
7958,4,Philippine Red Cross - Davao Chapter,06/01/2025,O+,Cryosupernate,1,1,54
7959,4,Philippine Red Cross - Davao Chapter,13/01/2025,O+,Cryosupernate,1,1,55
7960,4,Philippine Red Cross - Davao Chapter,20/01/2025,O+,Cryosupernate,1,1,56
7961,4,Philippine Red Cross - Davao Chapter,27/01/2025,O+,Cryosupernate,1,1,57
7962,4,Philippine Red Cross - Davao Chapter,03/02/2025,O+,Cryosupernate,1,2,58
7963,4,Philippine Red Cross - Davao Chapter,10/02/2025,O+,Cryosupernate,1,2,59
7964,4,Philippine Red Cross - Davao Chapter,17/02/2025,O+,Cryosupernate,1,2,60
7965,4,Philippine Red Cross - Davao Chapter,24/02/2025,O+,Cryosupernate,1,2,61
7966,4,Philippine Red Cross - Davao Chapter,03/03/2025,O+,Cryosupernate,1,3,62
7967,4,Philippine Red Cross - Davao Chapter,10/03/2025,O+,Cryosupernate,2,3,63
7968,4,Philippine Red Cross - Davao Chapter,17/03/2025,O+,Cryosupernate,1,3,64
7969,4,Philippine Red Cross - Davao Chapter,24/03/2025,O+,Cryosupernate,1,3,65
7970,4,Philippine Red Cross - Davao Chapter,31/03/2025,O+,Cryosupernate,1,3,66
7971,4,Philippine Red Cross - Davao Chapter,07/04/2025,O+,Cryosupernate,1,4,67
7972,4,Philippine Red Cross - Davao Chapter,14/04/2025,O+,Cryosupernate,1,4,68
7973,4,Philippine Red Cross - Davao Chapter,21/04/2025,O+,Cryosupernate,1,4,69
7974,4,Philippine Red Cross - Davao Chapter,28/04/2025,O+,Cryosupernate,1,4,70
7975,4,Philippine Red Cross - Davao Chapter,05/05/2025,O+,Cryosupernate,1,5,71
7976,4,Philippine Red Cross - Davao Chapter,12/05/2025,O+,Cryosupernate,1,5,72
7977,4,Philippine Red Cross - Davao Chapter,19/05/2025,O+,Cryosupernate,1,5,73
7978,4,Philippine Red Cross - Davao Chapter,26/05/2025,O+,Cryosupernate,1,5,74
7979,4,Philippine Red Cross - Davao Chapter,02/06/2025,O+,Cryosupernate,1,6,75
7980,4,Philippine Red Cross - Davao Chapter,09/06/2025,O+,Cryosupernate,1,6,76
7981,4,Philippine Red Cross - Davao Chapter,16/06/2025,O+,Cryosupernate,1,6,77
7982,4,Philippine Red Cross - Davao Chapter,23/06/2025,O+,Cryosupernate,1,6,78
7983,4,Philippine Red Cross - Davao Chapter,30/06/2025,O+,Cryosupernate,1,6,79
7984,4,Philippine Red Cross - Davao Chapter,07/07/2025,O+,Cryosupernate,1,7,80
7985,4,Philippine Red Cross - Davao Chapter,14/07/2025,O+,Cryosupernate,1,7,81
7986,4,Philippine Red Cross - Davao Chapter,21/07/2025,O+,Cryosupernate,1,7,82
7987,4,Philippine Red Cross - Davao Chapter,28/07/2025,O+,Cryosupernate,1,7,83
7988,4,Philippine Red Cross - Davao Chapter,04/08/2025,O+,Cryosupernate,1,8,84
7989,4,Philippine Red Cross - Davao Chapter,11/08/2025,O+,Cryosupernate,1,8,85
7990,4,Philippine Red Cross - Davao Chapter,18/08/2025,O+,Cryosupernate,1,8,86
7991,4,Philippine Red Cross - Davao Chapter,25/08/2025,O+,Cryosupernate,1,8,87
7992,4,Philippine Red Cross - Davao Chapter,01/09/2025,O+,Cryosupernate,1,9,88
7993,4,Philippine Red Cross - Davao Chapter,08/09/2025,O+,Cryosupernate,1,9,89
7994,4,Philippine Red Cross - Davao Chapter,15/09/2025,O+,Cryosupernate,1,9,90
7995,4,Philippine Red Cross - Davao Chapter,22/09/2025,O+,Cryosupernate,1,9,91
7996,4,Philippine Red Cross - Davao Chapter,29/09/2025,O+,Cryosupernate,1,9,92
7997,4,Philippine Red Cross - Davao Chapter,06/10/2025,O+,Cryosupernate,1,10,93
7998,4,Philippine Red Cross - Davao Chapter,13/10/2025,O+,Cryosupernate,1,10,94
7999,4,Philippine Red Cross - Davao Chapter,20/10/2025,O+,Cryosupernate,1,10,95
8000,4,Philippine Red Cross - Davao Chapter,27/10/2025,O+,Cryosupernate,1,10,96
8001,4,Philippine Red Cross - Davao Chapter,03/11/2025,O+,Cryosupernate,1,11,97
8002,4,Philippine Red Cross - Davao Chapter,10/11/2025,O+,Cryosupernate,1,11,98
8003,4,Philippine Red Cross - Davao Chapter,17/11/2025,O+,Cryosupernate,1,11,99
8004,4,Philippine Red Cross - Davao Chapter,24/11/2025,O+,Cryosupernate,1,11,100
8005,4,Philippine Red Cross - Davao Chapter,01/12/2025,O+,Cryosupernate,1,12,101
8006,4,Philippine Red Cross - Davao Chapter,08/12/2025,O+,Cryosupernate,1,12,102
8007,4,Philippine Red Cross - Davao Chapter,15/12/2025,O+,Cryosupernate,1,12,103
8008,4,Philippine Red Cross - Davao Chapter,22/12/2025,O+,Cryosupernate,1,12,104
8009,4,Philippine Red Cross - Davao Chapter,01/01/2024,O-,PRBC,1,1,1
8010,4,Philippine Red Cross - Davao Chapter,08/01/2024,O-,PRBC,1,1,2
8011,4,Philippine Red Cross - Davao Chapter,15/01/2024,O-,PRBC,1,1,3
8012,4,Philippine Red Cross - Davao Chapter,22/01/2024,O-,PRBC,1,1,4
8013,4,Philippine Red Cross - Davao Chapter,29/01/2024,O-,PRBC,1,1,5
8014,4,Philippine Red Cross - Davao Chapter,05/02/2024,O-,PRBC,1,2,6
8015,4,Philippine Red Cross - Davao Chapter,12/02/2024,O-,PRBC,1,2,7
8016,4,Philippine Red Cross - Davao Chapter,19/02/2024,O-,PRBC,1,2,8
8017,4,Philippine Red Cross - Davao Chapter,26/02/2024,O-,PRBC,1,2,9
8018,4,Philippine Red Cross - Davao Chapter,04/03/2024,O-,PRBC,1,3,10
8019,4,Philippine Red Cross - Davao Chapter,11/03/2024,O-,PRBC,1,3,11
8020,4,Philippine Red Cross - Davao Chapter,18/03/2024,O-,PRBC,1,3,12
8021,4,Philippine Red Cross - Davao Chapter,25/03/2024,O-,PRBC,1,3,13
8022,4,Philippine Red Cross - Davao Chapter,01/04/2024,O-,PRBC,1,4,14
8023,4,Philippine Red Cross - Davao Chapter,08/04/2024,O-,PRBC,1,4,15
8024,4,Philippine Red Cross - Davao Chapter,15/04/2024,O-,PRBC,1,4,16
8025,4,Philippine Red Cross - Davao Chapter,22/04/2024,O-,PRBC,1,4,17
8026,4,Philippine Red Cross - Davao Chapter,29/04/2024,O-,PRBC,1,4,18
8027,4,Philippine Red Cross - Davao Chapter,06/05/2024,O-,PRBC,1,5,19
8028,4,Philippine Red Cross - Davao Chapter,13/05/2024,O-,PRBC,1,5,20
8029,4,Philippine Red Cross - Davao Chapter,20/05/2024,O-,PRBC,1,5,21
8030,4,Philippine Red Cross - Davao Chapter,27/05/2024,O-,PRBC,1,5,22
8031,4,Philippine Red Cross - Davao Chapter,03/06/2024,O-,PRBC,1,6,23
8032,4,Philippine Red Cross - Davao Chapter,10/06/2024,O-,PRBC,1,6,24
8033,4,Philippine Red Cross - Davao Chapter,17/06/2024,O-,PRBC,1,6,25
8034,4,Philippine Red Cross - Davao Chapter,24/06/2024,O-,PRBC,1,6,26
8035,4,Philippine Red Cross - Davao Chapter,01/07/2024,O-,PRBC,1,7,27
8036,4,Philippine Red Cross - Davao Chapter,08/07/2024,O-,PRBC,1,7,28
8037,4,Philippine Red Cross - Davao Chapter,15/07/2024,O-,PRBC,1,7,29
8038,4,Philippine Red Cross - Davao Chapter,22/07/2024,O-,PRBC,1,7,30
8039,4,Philippine Red Cross - Davao Chapter,29/07/2024,O-,PRBC,1,7,31
8040,4,Philippine Red Cross - Davao Chapter,05/08/2024,O-,PRBC,1,8,32
8041,4,Philippine Red Cross - Davao Chapter,12/08/2024,O-,PRBC,1,8,33
8042,4,Philippine Red Cross - Davao Chapter,19/08/2024,O-,PRBC,1,8,34
8043,4,Philippine Red Cross - Davao Chapter,26/08/2024,O-,PRBC,1,8,35
8044,4,Philippine Red Cross - Davao Chapter,02/09/2024,O-,PRBC,1,9,36
8045,4,Philippine Red Cross - Davao Chapter,09/09/2024,O-,PRBC,1,9,37
8046,4,Philippine Red Cross - Davao Chapter,16/09/2024,O-,PRBC,1,9,38
8047,4,Philippine Red Cross - Davao Chapter,23/09/2024,O-,PRBC,1,9,39
8048,4,Philippine Red Cross - Davao Chapter,30/09/2024,O-,PRBC,1,9,40
8049,4,Philippine Red Cross - Davao Chapter,07/10/2024,O-,PRBC,1,10,41
8050,4,Philippine Red Cross - Davao Chapter,14/10/2024,O-,PRBC,2,10,42
8051,4,Philippine Red Cross - Davao Chapter,21/10/2024,O-,PRBC,1,10,43
8052,4,Philippine Red Cross - Davao Chapter,28/10/2024,O-,PRBC,1,10,44
8053,4,Philippine Red Cross - Davao Chapter,04/11/2024,O-,PRBC,1,11,45
8054,4,Philippine Red Cross - Davao Chapter,11/11/2024,O-,PRBC,1,11,46
8055,4,Philippine Red Cross - Davao Chapter,18/11/2024,O-,PRBC,1,11,47
8056,4,Philippine Red Cross - Davao Chapter,25/11/2024,O-,PRBC,1,11,48
8057,4,Philippine Red Cross - Davao Chapter,02/12/2024,O-,PRBC,1,12,49
8058,4,Philippine Red Cross - Davao Chapter,09/12/2024,O-,PRBC,1,12,50
8059,4,Philippine Red Cross - Davao Chapter,16/12/2024,O-,PRBC,1,12,51
8060,4,Philippine Red Cross - Davao Chapter,23/12/2024,O-,PRBC,2,12,52
8061,4,Philippine Red Cross - Davao Chapter,30/12/2024,O-,PRBC,1,12,53
8062,4,Philippine Red Cross - Davao Chapter,06/01/2025,O-,PRBC,1,1,54
8063,4,Philippine Red Cross - Davao Chapter,13/01/2025,O-,PRBC,1,1,55
8064,4,Philippine Red Cross - Davao Chapter,20/01/2025,O-,PRBC,1,1,56
8065,4,Philippine Red Cross - Davao Chapter,27/01/2025,O-,PRBC,1,1,57
8066,4,Philippine Red Cross - Davao Chapter,03/02/2025,O-,PRBC,1,2,58
8067,4,Philippine Red Cross - Davao Chapter,10/02/2025,O-,PRBC,1,2,59
8068,4,Philippine Red Cross - Davao Chapter,17/02/2025,O-,PRBC,1,2,60
8069,4,Philippine Red Cross - Davao Chapter,24/02/2025,O-,PRBC,1,2,61
8070,4,Philippine Red Cross - Davao Chapter,03/03/2025,O-,PRBC,1,3,62
8071,4,Philippine Red Cross - Davao Chapter,10/03/2025,O-,PRBC,1,3,63
8072,4,Philippine Red Cross - Davao Chapter,17/03/2025,O-,PRBC,2,3,64
8073,4,Philippine Red Cross - Davao Chapter,24/03/2025,O-,PRBC,1,3,65
8074,4,Philippine Red Cross - Davao Chapter,31/03/2025,O-,PRBC,1,3,66
8075,4,Philippine Red Cross - Davao Chapter,07/04/2025,O-,PRBC,1,4,67
8076,4,Philippine Red Cross - Davao Chapter,14/04/2025,O-,PRBC,1,4,68
8077,4,Philippine Red Cross - Davao Chapter,21/04/2025,O-,PRBC,1,4,69
8078,4,Philippine Red Cross - Davao Chapter,28/04/2025,O-,PRBC,1,4,70
8079,4,Philippine Red Cross - Davao Chapter,05/05/2025,O-,PRBC,1,5,71
8080,4,Philippine Red Cross - Davao Chapter,12/05/2025,O-,PRBC,1,5,72
8081,4,Philippine Red Cross - Davao Chapter,19/05/2025,O-,PRBC,1,5,73
8082,4,Philippine Red Cross - Davao Chapter,26/05/2025,O-,PRBC,1,5,74
8083,4,Philippine Red Cross - Davao Chapter,02/06/2025,O-,PRBC,1,6,75
8084,4,Philippine Red Cross - Davao Chapter,09/06/2025,O-,PRBC,1,6,76
8085,4,Philippine Red Cross - Davao Chapter,16/06/2025,O-,PRBC,1,6,77
8086,4,Philippine Red Cross - Davao Chapter,23/06/2025,O-,PRBC,1,6,78
8087,4,Philippine Red Cross - Davao Chapter,30/06/2025,O-,PRBC,1,6,79
8088,4,Philippine Red Cross - Davao Chapter,07/07/2025,O-,PRBC,1,7,80
8089,4,Philippine Red Cross - Davao Chapter,14/07/2025,O-,PRBC,1,7,81
8090,4,Philippine Red Cross - Davao Chapter,21/07/2025,O-,PRBC,1,7,82
8091,4,Philippine Red Cross - Davao Chapter,28/07/2025,O-,PRBC,1,7,83
8092,4,Philippine Red Cross - Davao Chapter,04/08/2025,O-,PRBC,1,8,84
8093,4,Philippine Red Cross - Davao Chapter,11/08/2025,O-,PRBC,1,8,85
8094,4,Philippine Red Cross - Davao Chapter,18/08/2025,O-,PRBC,2,8,86
8095,4,Philippine Red Cross - Davao Chapter,25/08/2025,O-,PRBC,1,8,87
8096,4,Philippine Red Cross - Davao Chapter,01/09/2025,O-,PRBC,1,9,88
8097,4,Philippine Red Cross - Davao Chapter,08/09/2025,O-,PRBC,1,9,89
8098,4,Philippine Red Cross - Davao Chapter,15/09/2025,O-,PRBC,2,9,90
8099,4,Philippine Red Cross - Davao Chapter,22/09/2025,O-,PRBC,1,9,91
8100,4,Philippine Red Cross - Davao Chapter,29/09/2025,O-,PRBC,1,9,92
8101,4,Philippine Red Cross - Davao Chapter,06/10/2025,O-,PRBC,1,10,93
8102,4,Philippine Red Cross - Davao Chapter,13/10/2025,O-,PRBC,1,10,94
8103,4,Philippine Red Cross - Davao Chapter,20/10/2025,O-,PRBC,2,10,95
8104,4,Philippine Red Cross - Davao Chapter,27/10/2025,O-,PRBC,1,10,96
8105,4,Philippine Red Cross - Davao Chapter,03/11/2025,O-,PRBC,1,11,97
8106,4,Philippine Red Cross - Davao Chapter,10/11/2025,O-,PRBC,1,11,98
8107,4,Philippine Red Cross - Davao Chapter,17/11/2025,O-,PRBC,1,11,99
8108,4,Philippine Red Cross - Davao Chapter,24/11/2025,O-,PRBC,1,11,100
8109,4,Philippine Red Cross - Davao Chapter,01/12/2025,O-,PRBC,1,12,101
8110,4,Philippine Red Cross - Davao Chapter,08/12/2025,O-,PRBC,1,12,102
8111,4,Philippine Red Cross - Davao Chapter,15/12/2025,O-,PRBC,2,12,103
8112,4,Philippine Red Cross - Davao Chapter,22/12/2025,O-,PRBC,1,12,104
8113,4,Philippine Red Cross - Davao Chapter,01/01/2024,O-,FFP,1,1,1
8114,4,Philippine Red Cross - Davao Chapter,08/01/2024,O-,FFP,1,1,2
8115,4,Philippine Red Cross - Davao Chapter,15/01/2024,O-,FFP,1,1,3
8116,4,Philippine Red Cross - Davao Chapter,22/01/2024,O-,FFP,1,1,4
8117,4,Philippine Red Cross - Davao Chapter,29/01/2024,O-,FFP,1,1,5
8118,4,Philippine Red Cross - Davao Chapter,05/02/2024,O-,FFP,1,2,6
8119,4,Philippine Red Cross - Davao Chapter,12/02/2024,O-,FFP,1,2,7
8120,4,Philippine Red Cross - Davao Chapter,19/02/2024,O-,FFP,1,2,8
8121,4,Philippine Red Cross - Davao Chapter,26/02/2024,O-,FFP,1,2,9
8122,4,Philippine Red Cross - Davao Chapter,04/03/2024,O-,FFP,1,3,10
8123,4,Philippine Red Cross - Davao Chapter,11/03/2024,O-,FFP,1,3,11
8124,4,Philippine Red Cross - Davao Chapter,18/03/2024,O-,FFP,1,3,12
8125,4,Philippine Red Cross - Davao Chapter,25/03/2024,O-,FFP,1,3,13
8126,4,Philippine Red Cross - Davao Chapter,01/04/2024,O-,FFP,1,4,14
8127,4,Philippine Red Cross - Davao Chapter,08/04/2024,O-,FFP,1,4,15
8128,4,Philippine Red Cross - Davao Chapter,15/04/2024,O-,FFP,1,4,16
8129,4,Philippine Red Cross - Davao Chapter,22/04/2024,O-,FFP,1,4,17
8130,4,Philippine Red Cross - Davao Chapter,29/04/2024,O-,FFP,1,4,18
8131,4,Philippine Red Cross - Davao Chapter,06/05/2024,O-,FFP,1,5,19
8132,4,Philippine Red Cross - Davao Chapter,13/05/2024,O-,FFP,1,5,20
8133,4,Philippine Red Cross - Davao Chapter,20/05/2024,O-,FFP,1,5,21
8134,4,Philippine Red Cross - Davao Chapter,27/05/2024,O-,FFP,1,5,22
8135,4,Philippine Red Cross - Davao Chapter,03/06/2024,O-,FFP,1,6,23
8136,4,Philippine Red Cross - Davao Chapter,10/06/2024,O-,FFP,1,6,24
8137,4,Philippine Red Cross - Davao Chapter,17/06/2024,O-,FFP,1,6,25
8138,4,Philippine Red Cross - Davao Chapter,24/06/2024,O-,FFP,1,6,26
8139,4,Philippine Red Cross - Davao Chapter,01/07/2024,O-,FFP,1,7,27
8140,4,Philippine Red Cross - Davao Chapter,08/07/2024,O-,FFP,1,7,28
8141,4,Philippine Red Cross - Davao Chapter,15/07/2024,O-,FFP,1,7,29
8142,4,Philippine Red Cross - Davao Chapter,22/07/2024,O-,FFP,1,7,30
8143,4,Philippine Red Cross - Davao Chapter,29/07/2024,O-,FFP,1,7,31
8144,4,Philippine Red Cross - Davao Chapter,05/08/2024,O-,FFP,1,8,32
8145,4,Philippine Red Cross - Davao Chapter,12/08/2024,O-,FFP,1,8,33
8146,4,Philippine Red Cross - Davao Chapter,19/08/2024,O-,FFP,1,8,34
8147,4,Philippine Red Cross - Davao Chapter,26/08/2024,O-,FFP,1,8,35
8148,4,Philippine Red Cross - Davao Chapter,02/09/2024,O-,FFP,1,9,36
8149,4,Philippine Red Cross - Davao Chapter,09/09/2024,O-,FFP,1,9,37
8150,4,Philippine Red Cross - Davao Chapter,16/09/2024,O-,FFP,1,9,38
8151,4,Philippine Red Cross - Davao Chapter,23/09/2024,O-,FFP,1,9,39
8152,4,Philippine Red Cross - Davao Chapter,30/09/2024,O-,FFP,1,9,40
8153,4,Philippine Red Cross - Davao Chapter,07/10/2024,O-,FFP,1,10,41
8154,4,Philippine Red Cross - Davao Chapter,14/10/2024,O-,FFP,1,10,42
8155,4,Philippine Red Cross - Davao Chapter,21/10/2024,O-,FFP,1,10,43
8156,4,Philippine Red Cross - Davao Chapter,28/10/2024,O-,FFP,1,10,44
8157,4,Philippine Red Cross - Davao Chapter,04/11/2024,O-,FFP,1,11,45
8158,4,Philippine Red Cross - Davao Chapter,11/11/2024,O-,FFP,1,11,46
8159,4,Philippine Red Cross - Davao Chapter,18/11/2024,O-,FFP,1,11,47
8160,4,Philippine Red Cross - Davao Chapter,25/11/2024,O-,FFP,1,11,48
8161,4,Philippine Red Cross - Davao Chapter,02/12/2024,O-,FFP,1,12,49
8162,4,Philippine Red Cross - Davao Chapter,09/12/2024,O-,FFP,1,12,50
8163,4,Philippine Red Cross - Davao Chapter,16/12/2024,O-,FFP,1,12,51
8164,4,Philippine Red Cross - Davao Chapter,23/12/2024,O-,FFP,1,12,52
8165,4,Philippine Red Cross - Davao Chapter,30/12/2024,O-,FFP,1,12,53
8166,4,Philippine Red Cross - Davao Chapter,06/01/2025,O-,FFP,1,1,54
8167,4,Philippine Red Cross - Davao Chapter,13/01/2025,O-,FFP,1,1,55
8168,4,Philippine Red Cross - Davao Chapter,20/01/2025,O-,FFP,1,1,56
8169,4,Philippine Red Cross - Davao Chapter,27/01/2025,O-,FFP,1,1,57
8170,4,Philippine Red Cross - Davao Chapter,03/02/2025,O-,FFP,1,2,58
8171,4,Philippine Red Cross - Davao Chapter,10/02/2025,O-,FFP,1,2,59
8172,4,Philippine Red Cross - Davao Chapter,17/02/2025,O-,FFP,1,2,60
8173,4,Philippine Red Cross - Davao Chapter,24/02/2025,O-,FFP,1,2,61
8174,4,Philippine Red Cross - Davao Chapter,03/03/2025,O-,FFP,1,3,62
8175,4,Philippine Red Cross - Davao Chapter,10/03/2025,O-,FFP,1,3,63
8176,4,Philippine Red Cross - Davao Chapter,17/03/2025,O-,FFP,1,3,64
8177,4,Philippine Red Cross - Davao Chapter,24/03/2025,O-,FFP,1,3,65
8178,4,Philippine Red Cross - Davao Chapter,31/03/2025,O-,FFP,1,3,66
8179,4,Philippine Red Cross - Davao Chapter,07/04/2025,O-,FFP,1,4,67
8180,4,Philippine Red Cross - Davao Chapter,14/04/2025,O-,FFP,1,4,68
8181,4,Philippine Red Cross - Davao Chapter,21/04/2025,O-,FFP,1,4,69
8182,4,Philippine Red Cross - Davao Chapter,28/04/2025,O-,FFP,1,4,70
8183,4,Philippine Red Cross - Davao Chapter,05/05/2025,O-,FFP,1,5,71
8184,4,Philippine Red Cross - Davao Chapter,12/05/2025,O-,FFP,1,5,72
8185,4,Philippine Red Cross - Davao Chapter,19/05/2025,O-,FFP,1,5,73
8186,4,Philippine Red Cross - Davao Chapter,26/05/2025,O-,FFP,1,5,74
8187,4,Philippine Red Cross - Davao Chapter,02/06/2025,O-,FFP,1,6,75
8188,4,Philippine Red Cross - Davao Chapter,09/06/2025,O-,FFP,1,6,76
8189,4,Philippine Red Cross - Davao Chapter,16/06/2025,O-,FFP,1,6,77
8190,4,Philippine Red Cross - Davao Chapter,23/06/2025,O-,FFP,1,6,78
8191,4,Philippine Red Cross - Davao Chapter,30/06/2025,O-,FFP,1,6,79
8192,4,Philippine Red Cross - Davao Chapter,07/07/2025,O-,FFP,1,7,80
8193,4,Philippine Red Cross - Davao Chapter,14/07/2025,O-,FFP,1,7,81
8194,4,Philippine Red Cross - Davao Chapter,21/07/2025,O-,FFP,1,7,82
8195,4,Philippine Red Cross - Davao Chapter,28/07/2025,O-,FFP,1,7,83
8196,4,Philippine Red Cross - Davao Chapter,04/08/2025,O-,FFP,2,8,84
8197,4,Philippine Red Cross - Davao Chapter,11/08/2025,O-,FFP,1,8,85
8198,4,Philippine Red Cross - Davao Chapter,18/08/2025,O-,FFP,1,8,86
8199,4,Philippine Red Cross - Davao Chapter,25/08/2025,O-,FFP,1,8,87
8200,4,Philippine Red Cross - Davao Chapter,01/09/2025,O-,FFP,1,9,88
8201,4,Philippine Red Cross - Davao Chapter,08/09/2025,O-,FFP,1,9,89
8202,4,Philippine Red Cross - Davao Chapter,15/09/2025,O-,FFP,1,9,90
8203,4,Philippine Red Cross - Davao Chapter,22/09/2025,O-,FFP,1,9,91
8204,4,Philippine Red Cross - Davao Chapter,29/09/2025,O-,FFP,1,9,92
8205,4,Philippine Red Cross - Davao Chapter,06/10/2025,O-,FFP,1,10,93
8206,4,Philippine Red Cross - Davao Chapter,13/10/2025,O-,FFP,1,10,94
8207,4,Philippine Red Cross - Davao Chapter,20/10/2025,O-,FFP,1,10,95
8208,4,Philippine Red Cross - Davao Chapter,27/10/2025,O-,FFP,1,10,96
8209,4,Philippine Red Cross - Davao Chapter,03/11/2025,O-,FFP,1,11,97
8210,4,Philippine Red Cross - Davao Chapter,10/11/2025,O-,FFP,1,11,98
8211,4,Philippine Red Cross - Davao Chapter,17/11/2025,O-,FFP,1,11,99
8212,4,Philippine Red Cross - Davao Chapter,24/11/2025,O-,FFP,1,11,100
8213,4,Philippine Red Cross - Davao Chapter,01/12/2025,O-,FFP,1,12,101
8214,4,Philippine Red Cross - Davao Chapter,08/12/2025,O-,FFP,1,12,102
8215,4,Philippine Red Cross - Davao Chapter,15/12/2025,O-,FFP,1,12,103
8216,4,Philippine Red Cross - Davao Chapter,22/12/2025,O-,FFP,1,12,104
8217,4,Philippine Red Cross - Davao Chapter,01/01/2024,A+,PRBC,3,1,1
8218,4,Philippine Red Cross - Davao Chapter,08/01/2024,A+,PRBC,3,1,2
8219,4,Philippine Red Cross - Davao Chapter,15/01/2024,A+,PRBC,2,1,3
8220,4,Philippine Red Cross - Davao Chapter,22/01/2024,A+,PRBC,3,1,4
8221,4,Philippine Red Cross - Davao Chapter,29/01/2024,A+,PRBC,3,1,5
8222,4,Philippine Red Cross - Davao Chapter,05/02/2024,A+,PRBC,2,2,6
8223,4,Philippine Red Cross - Davao Chapter,12/02/2024,A+,PRBC,4,2,7
8224,4,Philippine Red Cross - Davao Chapter,19/02/2024,A+,PRBC,3,2,8
8225,4,Philippine Red Cross - Davao Chapter,26/02/2024,A+,PRBC,2,2,9
8226,4,Philippine Red Cross - Davao Chapter,04/03/2024,A+,PRBC,4,3,10
8227,4,Philippine Red Cross - Davao Chapter,11/03/2024,A+,PRBC,3,3,11
8228,4,Philippine Red Cross - Davao Chapter,18/03/2024,A+,PRBC,4,3,12
8229,4,Philippine Red Cross - Davao Chapter,25/03/2024,A+,PRBC,2,3,13
8230,4,Philippine Red Cross - Davao Chapter,01/04/2024,A+,PRBC,2,4,14
8231,4,Philippine Red Cross - Davao Chapter,08/04/2024,A+,PRBC,3,4,15
8232,4,Philippine Red Cross - Davao Chapter,15/04/2024,A+,PRBC,2,4,16
8233,4,Philippine Red Cross - Davao Chapter,22/04/2024,A+,PRBC,3,4,17
8234,4,Philippine Red Cross - Davao Chapter,29/04/2024,A+,PRBC,3,4,18
8235,4,Philippine Red Cross - Davao Chapter,06/05/2024,A+,PRBC,2,5,19
8236,4,Philippine Red Cross - Davao Chapter,13/05/2024,A+,PRBC,3,5,20
8237,4,Philippine Red Cross - Davao Chapter,20/05/2024,A+,PRBC,3,5,21
8238,4,Philippine Red Cross - Davao Chapter,27/05/2024,A+,PRBC,2,5,22
8239,4,Philippine Red Cross - Davao Chapter,03/06/2024,A+,PRBC,2,6,23
8240,4,Philippine Red Cross - Davao Chapter,10/06/2024,A+,PRBC,2,6,24
8241,4,Philippine Red Cross - Davao Chapter,17/06/2024,A+,PRBC,3,6,25
8242,4,Philippine Red Cross - Davao Chapter,24/06/2024,A+,PRBC,4,6,26
8243,4,Philippine Red Cross - Davao Chapter,01/07/2024,A+,PRBC,3,7,27
8244,4,Philippine Red Cross - Davao Chapter,08/07/2024,A+,PRBC,4,7,28
8245,4,Philippine Red Cross - Davao Chapter,15/07/2024,A+,PRBC,3,7,29
8246,4,Philippine Red Cross - Davao Chapter,22/07/2024,A+,PRBC,3,7,30
8247,4,Philippine Red Cross - Davao Chapter,29/07/2024,A+,PRBC,3,7,31
8248,4,Philippine Red Cross - Davao Chapter,05/08/2024,A+,PRBC,3,8,32
8249,4,Philippine Red Cross - Davao Chapter,12/08/2024,A+,PRBC,3,8,33
8250,4,Philippine Red Cross - Davao Chapter,19/08/2024,A+,PRBC,3,8,34
8251,4,Philippine Red Cross - Davao Chapter,26/08/2024,A+,PRBC,4,8,35
8252,4,Philippine Red Cross - Davao Chapter,02/09/2024,A+,PRBC,4,9,36
8253,4,Philippine Red Cross - Davao Chapter,09/09/2024,A+,PRBC,4,9,37
8254,4,Philippine Red Cross - Davao Chapter,16/09/2024,A+,PRBC,2,9,38
8255,4,Philippine Red Cross - Davao Chapter,23/09/2024,A+,PRBC,2,9,39
8256,4,Philippine Red Cross - Davao Chapter,30/09/2024,A+,PRBC,3,9,40
8257,4,Philippine Red Cross - Davao Chapter,07/10/2024,A+,PRBC,2,10,41
8258,4,Philippine Red Cross - Davao Chapter,14/10/2024,A+,PRBC,4,10,42
8259,4,Philippine Red Cross - Davao Chapter,21/10/2024,A+,PRBC,3,10,43
8260,4,Philippine Red Cross - Davao Chapter,28/10/2024,A+,PRBC,2,10,44
8261,4,Philippine Red Cross - Davao Chapter,04/11/2024,A+,PRBC,3,11,45
8262,4,Philippine Red Cross - Davao Chapter,11/11/2024,A+,PRBC,3,11,46
8263,4,Philippine Red Cross - Davao Chapter,18/11/2024,A+,PRBC,3,11,47
8264,4,Philippine Red Cross - Davao Chapter,25/11/2024,A+,PRBC,2,11,48
8265,4,Philippine Red Cross - Davao Chapter,02/12/2024,A+,PRBC,3,12,49
8266,4,Philippine Red Cross - Davao Chapter,09/12/2024,A+,PRBC,2,12,50
8267,4,Philippine Red Cross - Davao Chapter,16/12/2024,A+,PRBC,3,12,51
8268,4,Philippine Red Cross - Davao Chapter,23/12/2024,A+,PRBC,3,12,52
8269,4,Philippine Red Cross - Davao Chapter,30/12/2024,A+,PRBC,3,12,53
8270,4,Philippine Red Cross - Davao Chapter,06/01/2025,A+,PRBC,2,1,54
8271,4,Philippine Red Cross - Davao Chapter,13/01/2025,A+,PRBC,3,1,55
8272,4,Philippine Red Cross - Davao Chapter,20/01/2025,A+,PRBC,4,1,56
8273,4,Philippine Red Cross - Davao Chapter,27/01/2025,A+,PRBC,3,1,57
8274,4,Philippine Red Cross - Davao Chapter,03/02/2025,A+,PRBC,3,2,58
8275,4,Philippine Red Cross - Davao Chapter,10/02/2025,A+,PRBC,3,2,59
8276,4,Philippine Red Cross - Davao Chapter,17/02/2025,A+,PRBC,4,2,60
8277,4,Philippine Red Cross - Davao Chapter,24/02/2025,A+,PRBC,3,2,61
8278,4,Philippine Red Cross - Davao Chapter,03/03/2025,A+,PRBC,3,3,62
8279,4,Philippine Red Cross - Davao Chapter,10/03/2025,A+,PRBC,3,3,63
8280,4,Philippine Red Cross - Davao Chapter,17/03/2025,A+,PRBC,2,3,64
8281,4,Philippine Red Cross - Davao Chapter,24/03/2025,A+,PRBC,4,3,65
8282,4,Philippine Red Cross - Davao Chapter,31/03/2025,A+,PRBC,2,3,66
8283,4,Philippine Red Cross - Davao Chapter,07/04/2025,A+,PRBC,3,4,67
8284,4,Philippine Red Cross - Davao Chapter,14/04/2025,A+,PRBC,4,4,68
8285,4,Philippine Red Cross - Davao Chapter,21/04/2025,A+,PRBC,2,4,69
8286,4,Philippine Red Cross - Davao Chapter,28/04/2025,A+,PRBC,3,4,70
8287,4,Philippine Red Cross - Davao Chapter,05/05/2025,A+,PRBC,2,5,71
8288,4,Philippine Red Cross - Davao Chapter,12/05/2025,A+,PRBC,3,5,72
8289,4,Philippine Red Cross - Davao Chapter,19/05/2025,A+,PRBC,4,5,73
8290,4,Philippine Red Cross - Davao Chapter,26/05/2025,A+,PRBC,3,5,74
8291,4,Philippine Red Cross - Davao Chapter,02/06/2025,A+,PRBC,3,6,75
8292,4,Philippine Red Cross - Davao Chapter,09/06/2025,A+,PRBC,3,6,76
8293,4,Philippine Red Cross - Davao Chapter,16/06/2025,A+,PRBC,4,6,77
8294,4,Philippine Red Cross - Davao Chapter,23/06/2025,A+,PRBC,3,6,78
8295,4,Philippine Red Cross - Davao Chapter,30/06/2025,A+,PRBC,3,6,79
8296,4,Philippine Red Cross - Davao Chapter,07/07/2025,A+,PRBC,2,7,80
8297,4,Philippine Red Cross - Davao Chapter,14/07/2025,A+,PRBC,3,7,81
8298,4,Philippine Red Cross - Davao Chapter,21/07/2025,A+,PRBC,3,7,82
8299,4,Philippine Red Cross - Davao Chapter,28/07/2025,A+,PRBC,3,7,83
8300,4,Philippine Red Cross - Davao Chapter,04/08/2025,A+,PRBC,4,8,84
8301,4,Philippine Red Cross - Davao Chapter,11/08/2025,A+,PRBC,5,8,85
8302,4,Philippine Red Cross - Davao Chapter,18/08/2025,A+,PRBC,3,8,86
8303,4,Philippine Red Cross - Davao Chapter,25/08/2025,A+,PRBC,4,8,87
8304,4,Philippine Red Cross - Davao Chapter,01/09/2025,A+,PRBC,1,9,88
8305,4,Philippine Red Cross - Davao Chapter,08/09/2025,A+,PRBC,3,9,89
8306,4,Philippine Red Cross - Davao Chapter,15/09/2025,A+,PRBC,4,9,90
8307,4,Philippine Red Cross - Davao Chapter,22/09/2025,A+,PRBC,2,9,91
8308,4,Philippine Red Cross - Davao Chapter,29/09/2025,A+,PRBC,4,9,92
8309,4,Philippine Red Cross - Davao Chapter,06/10/2025,A+,PRBC,2,10,93
8310,4,Philippine Red Cross - Davao Chapter,13/10/2025,A+,PRBC,5,10,94
8311,4,Philippine Red Cross - Davao Chapter,20/10/2025,A+,PRBC,4,10,95
8312,4,Philippine Red Cross - Davao Chapter,27/10/2025,A+,PRBC,3,10,96
8313,4,Philippine Red Cross - Davao Chapter,03/11/2025,A+,PRBC,3,11,97
8314,4,Philippine Red Cross - Davao Chapter,10/11/2025,A+,PRBC,5,11,98
8315,4,Philippine Red Cross - Davao Chapter,17/11/2025,A+,PRBC,5,11,99
8316,4,Philippine Red Cross - Davao Chapter,24/11/2025,A+,PRBC,4,11,100
8317,4,Philippine Red Cross - Davao Chapter,01/12/2025,A+,PRBC,3,12,101
8318,4,Philippine Red Cross - Davao Chapter,08/12/2025,A+,PRBC,3,12,102
8319,4,Philippine Red Cross - Davao Chapter,15/12/2025,A+,PRBC,3,12,103
8320,4,Philippine Red Cross - Davao Chapter,22/12/2025,A+,PRBC,3,12,104
8321,4,Philippine Red Cross - Davao Chapter,01/01/2024,A+,Platelet Concentrate,1,1,1
8322,4,Philippine Red Cross - Davao Chapter,08/01/2024,A+,Platelet Concentrate,1,1,2
8323,4,Philippine Red Cross - Davao Chapter,15/01/2024,A+,Platelet Concentrate,1,1,3
8324,4,Philippine Red Cross - Davao Chapter,22/01/2024,A+,Platelet Concentrate,1,1,4
8325,4,Philippine Red Cross - Davao Chapter,29/01/2024,A+,Platelet Concentrate,1,1,5
8326,4,Philippine Red Cross - Davao Chapter,05/02/2024,A+,Platelet Concentrate,1,2,6
8327,4,Philippine Red Cross - Davao Chapter,12/02/2024,A+,Platelet Concentrate,1,2,7
8328,4,Philippine Red Cross - Davao Chapter,19/02/2024,A+,Platelet Concentrate,1,2,8
8329,4,Philippine Red Cross - Davao Chapter,26/02/2024,A+,Platelet Concentrate,1,2,9
8330,4,Philippine Red Cross - Davao Chapter,04/03/2024,A+,Platelet Concentrate,1,3,10
8331,4,Philippine Red Cross - Davao Chapter,11/03/2024,A+,Platelet Concentrate,1,3,11
8332,4,Philippine Red Cross - Davao Chapter,18/03/2024,A+,Platelet Concentrate,1,3,12
8333,4,Philippine Red Cross - Davao Chapter,25/03/2024,A+,Platelet Concentrate,1,3,13
8334,4,Philippine Red Cross - Davao Chapter,01/04/2024,A+,Platelet Concentrate,1,4,14
8335,4,Philippine Red Cross - Davao Chapter,08/04/2024,A+,Platelet Concentrate,1,4,15
8336,4,Philippine Red Cross - Davao Chapter,15/04/2024,A+,Platelet Concentrate,2,4,16
8337,4,Philippine Red Cross - Davao Chapter,22/04/2024,A+,Platelet Concentrate,1,4,17
8338,4,Philippine Red Cross - Davao Chapter,29/04/2024,A+,Platelet Concentrate,1,4,18
8339,4,Philippine Red Cross - Davao Chapter,06/05/2024,A+,Platelet Concentrate,1,5,19
8340,4,Philippine Red Cross - Davao Chapter,13/05/2024,A+,Platelet Concentrate,1,5,20
8341,4,Philippine Red Cross - Davao Chapter,20/05/2024,A+,Platelet Concentrate,1,5,21
8342,4,Philippine Red Cross - Davao Chapter,27/05/2024,A+,Platelet Concentrate,1,5,22
8343,4,Philippine Red Cross - Davao Chapter,03/06/2024,A+,Platelet Concentrate,1,6,23
8344,4,Philippine Red Cross - Davao Chapter,10/06/2024,A+,Platelet Concentrate,1,6,24
8345,4,Philippine Red Cross - Davao Chapter,17/06/2024,A+,Platelet Concentrate,1,6,25
8346,4,Philippine Red Cross - Davao Chapter,24/06/2024,A+,Platelet Concentrate,1,6,26
8347,4,Philippine Red Cross - Davao Chapter,01/07/2024,A+,Platelet Concentrate,1,7,27
8348,4,Philippine Red Cross - Davao Chapter,08/07/2024,A+,Platelet Concentrate,1,7,28
8349,4,Philippine Red Cross - Davao Chapter,15/07/2024,A+,Platelet Concentrate,1,7,29
8350,4,Philippine Red Cross - Davao Chapter,22/07/2024,A+,Platelet Concentrate,1,7,30
8351,4,Philippine Red Cross - Davao Chapter,29/07/2024,A+,Platelet Concentrate,1,7,31
8352,4,Philippine Red Cross - Davao Chapter,05/08/2024,A+,Platelet Concentrate,1,8,32
8353,4,Philippine Red Cross - Davao Chapter,12/08/2024,A+,Platelet Concentrate,1,8,33
8354,4,Philippine Red Cross - Davao Chapter,19/08/2024,A+,Platelet Concentrate,1,8,34
8355,4,Philippine Red Cross - Davao Chapter,26/08/2024,A+,Platelet Concentrate,1,8,35
8356,4,Philippine Red Cross - Davao Chapter,02/09/2024,A+,Platelet Concentrate,1,9,36
8357,4,Philippine Red Cross - Davao Chapter,09/09/2024,A+,Platelet Concentrate,1,9,37
8358,4,Philippine Red Cross - Davao Chapter,16/09/2024,A+,Platelet Concentrate,2,9,38
8359,4,Philippine Red Cross - Davao Chapter,23/09/2024,A+,Platelet Concentrate,1,9,39
8360,4,Philippine Red Cross - Davao Chapter,30/09/2024,A+,Platelet Concentrate,1,9,40
8361,4,Philippine Red Cross - Davao Chapter,07/10/2024,A+,Platelet Concentrate,1,10,41
8362,4,Philippine Red Cross - Davao Chapter,14/10/2024,A+,Platelet Concentrate,1,10,42
8363,4,Philippine Red Cross - Davao Chapter,21/10/2024,A+,Platelet Concentrate,1,10,43
8364,4,Philippine Red Cross - Davao Chapter,28/10/2024,A+,Platelet Concentrate,1,10,44
8365,4,Philippine Red Cross - Davao Chapter,04/11/2024,A+,Platelet Concentrate,1,11,45
8366,4,Philippine Red Cross - Davao Chapter,11/11/2024,A+,Platelet Concentrate,1,11,46
8367,4,Philippine Red Cross - Davao Chapter,18/11/2024,A+,Platelet Concentrate,1,11,47
8368,4,Philippine Red Cross - Davao Chapter,25/11/2024,A+,Platelet Concentrate,1,11,48
8369,4,Philippine Red Cross - Davao Chapter,02/12/2024,A+,Platelet Concentrate,2,12,49
8370,4,Philippine Red Cross - Davao Chapter,09/12/2024,A+,Platelet Concentrate,1,12,50
8371,4,Philippine Red Cross - Davao Chapter,16/12/2024,A+,Platelet Concentrate,1,12,51
8372,4,Philippine Red Cross - Davao Chapter,23/12/2024,A+,Platelet Concentrate,1,12,52
8373,4,Philippine Red Cross - Davao Chapter,30/12/2024,A+,Platelet Concentrate,1,12,53
8374,4,Philippine Red Cross - Davao Chapter,06/01/2025,A+,Platelet Concentrate,1,1,54
8375,4,Philippine Red Cross - Davao Chapter,13/01/2025,A+,Platelet Concentrate,1,1,55
8376,4,Philippine Red Cross - Davao Chapter,20/01/2025,A+,Platelet Concentrate,1,1,56
8377,4,Philippine Red Cross - Davao Chapter,27/01/2025,A+,Platelet Concentrate,1,1,57
8378,4,Philippine Red Cross - Davao Chapter,03/02/2025,A+,Platelet Concentrate,1,2,58
8379,4,Philippine Red Cross - Davao Chapter,10/02/2025,A+,Platelet Concentrate,1,2,59
8380,4,Philippine Red Cross - Davao Chapter,17/02/2025,A+,Platelet Concentrate,1,2,60
8381,4,Philippine Red Cross - Davao Chapter,24/02/2025,A+,Platelet Concentrate,1,2,61
8382,4,Philippine Red Cross - Davao Chapter,03/03/2025,A+,Platelet Concentrate,1,3,62
8383,4,Philippine Red Cross - Davao Chapter,10/03/2025,A+,Platelet Concentrate,1,3,63
8384,4,Philippine Red Cross - Davao Chapter,17/03/2025,A+,Platelet Concentrate,1,3,64
8385,4,Philippine Red Cross - Davao Chapter,24/03/2025,A+,Platelet Concentrate,1,3,65
8386,4,Philippine Red Cross - Davao Chapter,31/03/2025,A+,Platelet Concentrate,1,3,66
8387,4,Philippine Red Cross - Davao Chapter,07/04/2025,A+,Platelet Concentrate,1,4,67
8388,4,Philippine Red Cross - Davao Chapter,14/04/2025,A+,Platelet Concentrate,1,4,68
8389,4,Philippine Red Cross - Davao Chapter,21/04/2025,A+,Platelet Concentrate,1,4,69
8390,4,Philippine Red Cross - Davao Chapter,28/04/2025,A+,Platelet Concentrate,1,4,70
8391,4,Philippine Red Cross - Davao Chapter,05/05/2025,A+,Platelet Concentrate,1,5,71
8392,4,Philippine Red Cross - Davao Chapter,12/05/2025,A+,Platelet Concentrate,1,5,72
8393,4,Philippine Red Cross - Davao Chapter,19/05/2025,A+,Platelet Concentrate,1,5,73
8394,4,Philippine Red Cross - Davao Chapter,26/05/2025,A+,Platelet Concentrate,1,5,74
8395,4,Philippine Red Cross - Davao Chapter,02/06/2025,A+,Platelet Concentrate,1,6,75
8396,4,Philippine Red Cross - Davao Chapter,09/06/2025,A+,Platelet Concentrate,1,6,76
8397,4,Philippine Red Cross - Davao Chapter,16/06/2025,A+,Platelet Concentrate,1,6,77
8398,4,Philippine Red Cross - Davao Chapter,23/06/2025,A+,Platelet Concentrate,2,6,78
8399,4,Philippine Red Cross - Davao Chapter,30/06/2025,A+,Platelet Concentrate,1,6,79
8400,4,Philippine Red Cross - Davao Chapter,07/07/2025,A+,Platelet Concentrate,1,7,80
8401,4,Philippine Red Cross - Davao Chapter,14/07/2025,A+,Platelet Concentrate,1,7,81
8402,4,Philippine Red Cross - Davao Chapter,21/07/2025,A+,Platelet Concentrate,1,7,82
8403,4,Philippine Red Cross - Davao Chapter,28/07/2025,A+,Platelet Concentrate,1,7,83
8404,4,Philippine Red Cross - Davao Chapter,04/08/2025,A+,Platelet Concentrate,1,8,84
8405,4,Philippine Red Cross - Davao Chapter,11/08/2025,A+,Platelet Concentrate,1,8,85
8406,4,Philippine Red Cross - Davao Chapter,18/08/2025,A+,Platelet Concentrate,1,8,86
8407,4,Philippine Red Cross - Davao Chapter,25/08/2025,A+,Platelet Concentrate,1,8,87
8408,4,Philippine Red Cross - Davao Chapter,01/09/2025,A+,Platelet Concentrate,1,9,88
8409,4,Philippine Red Cross - Davao Chapter,08/09/2025,A+,Platelet Concentrate,1,9,89
8410,4,Philippine Red Cross - Davao Chapter,15/09/2025,A+,Platelet Concentrate,1,9,90
8411,4,Philippine Red Cross - Davao Chapter,22/09/2025,A+,Platelet Concentrate,1,9,91
8412,4,Philippine Red Cross - Davao Chapter,29/09/2025,A+,Platelet Concentrate,1,9,92
8413,4,Philippine Red Cross - Davao Chapter,06/10/2025,A+,Platelet Concentrate,1,10,93
8414,4,Philippine Red Cross - Davao Chapter,13/10/2025,A+,Platelet Concentrate,1,10,94
8415,4,Philippine Red Cross - Davao Chapter,20/10/2025,A+,Platelet Concentrate,1,10,95
8416,4,Philippine Red Cross - Davao Chapter,27/10/2025,A+,Platelet Concentrate,1,10,96
8417,4,Philippine Red Cross - Davao Chapter,03/11/2025,A+,Platelet Concentrate,1,11,97
8418,4,Philippine Red Cross - Davao Chapter,10/11/2025,A+,Platelet Concentrate,1,11,98
8419,4,Philippine Red Cross - Davao Chapter,17/11/2025,A+,Platelet Concentrate,1,11,99
8420,4,Philippine Red Cross - Davao Chapter,24/11/2025,A+,Platelet Concentrate,2,11,100
8421,4,Philippine Red Cross - Davao Chapter,01/12/2025,A+,Platelet Concentrate,1,12,101
8422,4,Philippine Red Cross - Davao Chapter,08/12/2025,A+,Platelet Concentrate,1,12,102
8423,4,Philippine Red Cross - Davao Chapter,15/12/2025,A+,Platelet Concentrate,1,12,103
8424,4,Philippine Red Cross - Davao Chapter,22/12/2025,A+,Platelet Concentrate,1,12,104
8425,4,Philippine Red Cross - Davao Chapter,01/01/2024,A+,FFP,1,1,1
8426,4,Philippine Red Cross - Davao Chapter,08/01/2024,A+,FFP,2,1,2
8427,4,Philippine Red Cross - Davao Chapter,15/01/2024,A+,FFP,1,1,3
8428,4,Philippine Red Cross - Davao Chapter,22/01/2024,A+,FFP,1,1,4
8429,4,Philippine Red Cross - Davao Chapter,29/01/2024,A+,FFP,1,1,5
8430,4,Philippine Red Cross - Davao Chapter,05/02/2024,A+,FFP,2,2,6
8431,4,Philippine Red Cross - Davao Chapter,12/02/2024,A+,FFP,1,2,7
8432,4,Philippine Red Cross - Davao Chapter,19/02/2024,A+,FFP,1,2,8
8433,4,Philippine Red Cross - Davao Chapter,26/02/2024,A+,FFP,2,2,9
8434,4,Philippine Red Cross - Davao Chapter,04/03/2024,A+,FFP,1,3,10
8435,4,Philippine Red Cross - Davao Chapter,11/03/2024,A+,FFP,1,3,11
8436,4,Philippine Red Cross - Davao Chapter,18/03/2024,A+,FFP,1,3,12
8437,4,Philippine Red Cross - Davao Chapter,25/03/2024,A+,FFP,1,3,13
8438,4,Philippine Red Cross - Davao Chapter,01/04/2024,A+,FFP,1,4,14
8439,4,Philippine Red Cross - Davao Chapter,08/04/2024,A+,FFP,1,4,15
8440,4,Philippine Red Cross - Davao Chapter,15/04/2024,A+,FFP,1,4,16
8441,4,Philippine Red Cross - Davao Chapter,22/04/2024,A+,FFP,1,4,17
8442,4,Philippine Red Cross - Davao Chapter,29/04/2024,A+,FFP,1,4,18
8443,4,Philippine Red Cross - Davao Chapter,06/05/2024,A+,FFP,1,5,19
8444,4,Philippine Red Cross - Davao Chapter,13/05/2024,A+,FFP,2,5,20
8445,4,Philippine Red Cross - Davao Chapter,20/05/2024,A+,FFP,1,5,21
8446,4,Philippine Red Cross - Davao Chapter,27/05/2024,A+,FFP,1,5,22
8447,4,Philippine Red Cross - Davao Chapter,03/06/2024,A+,FFP,1,6,23
8448,4,Philippine Red Cross - Davao Chapter,10/06/2024,A+,FFP,1,6,24
8449,4,Philippine Red Cross - Davao Chapter,17/06/2024,A+,FFP,1,6,25
8450,4,Philippine Red Cross - Davao Chapter,24/06/2024,A+,FFP,1,6,26
8451,4,Philippine Red Cross - Davao Chapter,01/07/2024,A+,FFP,1,7,27
8452,4,Philippine Red Cross - Davao Chapter,08/07/2024,A+,FFP,1,7,28
8453,4,Philippine Red Cross - Davao Chapter,15/07/2024,A+,FFP,1,7,29
8454,4,Philippine Red Cross - Davao Chapter,22/07/2024,A+,FFP,1,7,30
8455,4,Philippine Red Cross - Davao Chapter,29/07/2024,A+,FFP,1,7,31
8456,4,Philippine Red Cross - Davao Chapter,05/08/2024,A+,FFP,2,8,32
8457,4,Philippine Red Cross - Davao Chapter,12/08/2024,A+,FFP,1,8,33
8458,4,Philippine Red Cross - Davao Chapter,19/08/2024,A+,FFP,1,8,34
8459,4,Philippine Red Cross - Davao Chapter,26/08/2024,A+,FFP,1,8,35
8460,4,Philippine Red Cross - Davao Chapter,02/09/2024,A+,FFP,1,9,36
8461,4,Philippine Red Cross - Davao Chapter,09/09/2024,A+,FFP,1,9,37
8462,4,Philippine Red Cross - Davao Chapter,16/09/2024,A+,FFP,1,9,38
8463,4,Philippine Red Cross - Davao Chapter,23/09/2024,A+,FFP,1,9,39
8464,4,Philippine Red Cross - Davao Chapter,30/09/2024,A+,FFP,1,9,40
8465,4,Philippine Red Cross - Davao Chapter,07/10/2024,A+,FFP,1,10,41
8466,4,Philippine Red Cross - Davao Chapter,14/10/2024,A+,FFP,1,10,42
8467,4,Philippine Red Cross - Davao Chapter,21/10/2024,A+,FFP,1,10,43
8468,4,Philippine Red Cross - Davao Chapter,28/10/2024,A+,FFP,2,10,44
8469,4,Philippine Red Cross - Davao Chapter,04/11/2024,A+,FFP,1,11,45
8470,4,Philippine Red Cross - Davao Chapter,11/11/2024,A+,FFP,1,11,46
8471,4,Philippine Red Cross - Davao Chapter,18/11/2024,A+,FFP,1,11,47
8472,4,Philippine Red Cross - Davao Chapter,25/11/2024,A+,FFP,1,11,48
8473,4,Philippine Red Cross - Davao Chapter,02/12/2024,A+,FFP,1,12,49
8474,4,Philippine Red Cross - Davao Chapter,09/12/2024,A+,FFP,1,12,50
8475,4,Philippine Red Cross - Davao Chapter,16/12/2024,A+,FFP,2,12,51
8476,4,Philippine Red Cross - Davao Chapter,23/12/2024,A+,FFP,2,12,52
8477,4,Philippine Red Cross - Davao Chapter,30/12/2024,A+,FFP,1,12,53
8478,4,Philippine Red Cross - Davao Chapter,06/01/2025,A+,FFP,1,1,54
8479,4,Philippine Red Cross - Davao Chapter,13/01/2025,A+,FFP,1,1,55
8480,4,Philippine Red Cross - Davao Chapter,20/01/2025,A+,FFP,1,1,56
8481,4,Philippine Red Cross - Davao Chapter,27/01/2025,A+,FFP,1,1,57
8482,4,Philippine Red Cross - Davao Chapter,03/02/2025,A+,FFP,1,2,58
8483,4,Philippine Red Cross - Davao Chapter,10/02/2025,A+,FFP,1,2,59
8484,4,Philippine Red Cross - Davao Chapter,17/02/2025,A+,FFP,1,2,60
8485,4,Philippine Red Cross - Davao Chapter,24/02/2025,A+,FFP,2,2,61
8486,4,Philippine Red Cross - Davao Chapter,03/03/2025,A+,FFP,2,3,62
8487,4,Philippine Red Cross - Davao Chapter,10/03/2025,A+,FFP,1,3,63
8488,4,Philippine Red Cross - Davao Chapter,17/03/2025,A+,FFP,1,3,64
8489,4,Philippine Red Cross - Davao Chapter,24/03/2025,A+,FFP,1,3,65
8490,4,Philippine Red Cross - Davao Chapter,31/03/2025,A+,FFP,1,3,66
8491,4,Philippine Red Cross - Davao Chapter,07/04/2025,A+,FFP,1,4,67
8492,4,Philippine Red Cross - Davao Chapter,14/04/2025,A+,FFP,1,4,68
8493,4,Philippine Red Cross - Davao Chapter,21/04/2025,A+,FFP,1,4,69
8494,4,Philippine Red Cross - Davao Chapter,28/04/2025,A+,FFP,1,4,70
8495,4,Philippine Red Cross - Davao Chapter,05/05/2025,A+,FFP,1,5,71
8496,4,Philippine Red Cross - Davao Chapter,12/05/2025,A+,FFP,2,5,72
8497,4,Philippine Red Cross - Davao Chapter,19/05/2025,A+,FFP,1,5,73
8498,4,Philippine Red Cross - Davao Chapter,26/05/2025,A+,FFP,1,5,74
8499,4,Philippine Red Cross - Davao Chapter,02/06/2025,A+,FFP,2,6,75
8500,4,Philippine Red Cross - Davao Chapter,09/06/2025,A+,FFP,1,6,76
8501,4,Philippine Red Cross - Davao Chapter,16/06/2025,A+,FFP,2,6,77
8502,4,Philippine Red Cross - Davao Chapter,23/06/2025,A+,FFP,1,6,78
8503,4,Philippine Red Cross - Davao Chapter,30/06/2025,A+,FFP,1,6,79
8504,4,Philippine Red Cross - Davao Chapter,07/07/2025,A+,FFP,1,7,80
8505,4,Philippine Red Cross - Davao Chapter,14/07/2025,A+,FFP,1,7,81
8506,4,Philippine Red Cross - Davao Chapter,21/07/2025,A+,FFP,1,7,82
8507,4,Philippine Red Cross - Davao Chapter,28/07/2025,A+,FFP,1,7,83
8508,4,Philippine Red Cross - Davao Chapter,04/08/2025,A+,FFP,1,8,84
8509,4,Philippine Red Cross - Davao Chapter,11/08/2025,A+,FFP,1,8,85
8510,4,Philippine Red Cross - Davao Chapter,18/08/2025,A+,FFP,1,8,86
8511,4,Philippine Red Cross - Davao Chapter,25/08/2025,A+,FFP,1,8,87
8512,4,Philippine Red Cross - Davao Chapter,01/09/2025,A+,FFP,2,9,88
8513,4,Philippine Red Cross - Davao Chapter,08/09/2025,A+,FFP,1,9,89
8514,4,Philippine Red Cross - Davao Chapter,15/09/2025,A+,FFP,1,9,90
8515,4,Philippine Red Cross - Davao Chapter,22/09/2025,A+,FFP,1,9,91
8516,4,Philippine Red Cross - Davao Chapter,29/09/2025,A+,FFP,1,9,92
8517,4,Philippine Red Cross - Davao Chapter,06/10/2025,A+,FFP,1,10,93
8518,4,Philippine Red Cross - Davao Chapter,13/10/2025,A+,FFP,1,10,94
8519,4,Philippine Red Cross - Davao Chapter,20/10/2025,A+,FFP,1,10,95
8520,4,Philippine Red Cross - Davao Chapter,27/10/2025,A+,FFP,1,10,96
8521,4,Philippine Red Cross - Davao Chapter,03/11/2025,A+,FFP,1,11,97
8522,4,Philippine Red Cross - Davao Chapter,10/11/2025,A+,FFP,1,11,98
8523,4,Philippine Red Cross - Davao Chapter,17/11/2025,A+,FFP,1,11,99
8524,4,Philippine Red Cross - Davao Chapter,24/11/2025,A+,FFP,2,11,100
8525,4,Philippine Red Cross - Davao Chapter,01/12/2025,A+,FFP,1,12,101
8526,4,Philippine Red Cross - Davao Chapter,08/12/2025,A+,FFP,1,12,102
8527,4,Philippine Red Cross - Davao Chapter,15/12/2025,A+,FFP,1,12,103
8528,4,Philippine Red Cross - Davao Chapter,22/12/2025,A+,FFP,2,12,104
8529,4,Philippine Red Cross - Davao Chapter,01/01/2024,A+,Cryoprecipitate,1,1,1
8530,4,Philippine Red Cross - Davao Chapter,08/01/2024,A+,Cryoprecipitate,1,1,2
8531,4,Philippine Red Cross - Davao Chapter,15/01/2024,A+,Cryoprecipitate,1,1,3
8532,4,Philippine Red Cross - Davao Chapter,22/01/2024,A+,Cryoprecipitate,1,1,4
8533,4,Philippine Red Cross - Davao Chapter,29/01/2024,A+,Cryoprecipitate,1,1,5
8534,4,Philippine Red Cross - Davao Chapter,05/02/2024,A+,Cryoprecipitate,1,2,6
8535,4,Philippine Red Cross - Davao Chapter,12/02/2024,A+,Cryoprecipitate,1,2,7
8536,4,Philippine Red Cross - Davao Chapter,19/02/2024,A+,Cryoprecipitate,1,2,8
8537,4,Philippine Red Cross - Davao Chapter,26/02/2024,A+,Cryoprecipitate,1,2,9
8538,4,Philippine Red Cross - Davao Chapter,04/03/2024,A+,Cryoprecipitate,1,3,10
8539,4,Philippine Red Cross - Davao Chapter,11/03/2024,A+,Cryoprecipitate,1,3,11
8540,4,Philippine Red Cross - Davao Chapter,18/03/2024,A+,Cryoprecipitate,1,3,12
8541,4,Philippine Red Cross - Davao Chapter,25/03/2024,A+,Cryoprecipitate,1,3,13
8542,4,Philippine Red Cross - Davao Chapter,01/04/2024,A+,Cryoprecipitate,1,4,14
8543,4,Philippine Red Cross - Davao Chapter,08/04/2024,A+,Cryoprecipitate,1,4,15
8544,4,Philippine Red Cross - Davao Chapter,15/04/2024,A+,Cryoprecipitate,1,4,16
8545,4,Philippine Red Cross - Davao Chapter,22/04/2024,A+,Cryoprecipitate,1,4,17
8546,4,Philippine Red Cross - Davao Chapter,29/04/2024,A+,Cryoprecipitate,1,4,18
8547,4,Philippine Red Cross - Davao Chapter,06/05/2024,A+,Cryoprecipitate,1,5,19
8548,4,Philippine Red Cross - Davao Chapter,13/05/2024,A+,Cryoprecipitate,1,5,20
8549,4,Philippine Red Cross - Davao Chapter,20/05/2024,A+,Cryoprecipitate,1,5,21
8550,4,Philippine Red Cross - Davao Chapter,27/05/2024,A+,Cryoprecipitate,1,5,22
8551,4,Philippine Red Cross - Davao Chapter,03/06/2024,A+,Cryoprecipitate,1,6,23
8552,4,Philippine Red Cross - Davao Chapter,10/06/2024,A+,Cryoprecipitate,1,6,24
8553,4,Philippine Red Cross - Davao Chapter,17/06/2024,A+,Cryoprecipitate,1,6,25
8554,4,Philippine Red Cross - Davao Chapter,24/06/2024,A+,Cryoprecipitate,1,6,26
8555,4,Philippine Red Cross - Davao Chapter,01/07/2024,A+,Cryoprecipitate,1,7,27
8556,4,Philippine Red Cross - Davao Chapter,08/07/2024,A+,Cryoprecipitate,1,7,28
8557,4,Philippine Red Cross - Davao Chapter,15/07/2024,A+,Cryoprecipitate,1,7,29
8558,4,Philippine Red Cross - Davao Chapter,22/07/2024,A+,Cryoprecipitate,1,7,30
8559,4,Philippine Red Cross - Davao Chapter,29/07/2024,A+,Cryoprecipitate,1,7,31
8560,4,Philippine Red Cross - Davao Chapter,05/08/2024,A+,Cryoprecipitate,1,8,32
8561,4,Philippine Red Cross - Davao Chapter,12/08/2024,A+,Cryoprecipitate,1,8,33
8562,4,Philippine Red Cross - Davao Chapter,19/08/2024,A+,Cryoprecipitate,1,8,34
8563,4,Philippine Red Cross - Davao Chapter,26/08/2024,A+,Cryoprecipitate,1,8,35
8564,4,Philippine Red Cross - Davao Chapter,02/09/2024,A+,Cryoprecipitate,1,9,36
8565,4,Philippine Red Cross - Davao Chapter,09/09/2024,A+,Cryoprecipitate,1,9,37
8566,4,Philippine Red Cross - Davao Chapter,16/09/2024,A+,Cryoprecipitate,1,9,38
8567,4,Philippine Red Cross - Davao Chapter,23/09/2024,A+,Cryoprecipitate,1,9,39
8568,4,Philippine Red Cross - Davao Chapter,30/09/2024,A+,Cryoprecipitate,1,9,40
8569,4,Philippine Red Cross - Davao Chapter,07/10/2024,A+,Cryoprecipitate,1,10,41
8570,4,Philippine Red Cross - Davao Chapter,14/10/2024,A+,Cryoprecipitate,1,10,42
8571,4,Philippine Red Cross - Davao Chapter,21/10/2024,A+,Cryoprecipitate,1,10,43
8572,4,Philippine Red Cross - Davao Chapter,28/10/2024,A+,Cryoprecipitate,1,10,44
8573,4,Philippine Red Cross - Davao Chapter,04/11/2024,A+,Cryoprecipitate,1,11,45
8574,4,Philippine Red Cross - Davao Chapter,11/11/2024,A+,Cryoprecipitate,1,11,46
8575,4,Philippine Red Cross - Davao Chapter,18/11/2024,A+,Cryoprecipitate,1,11,47
8576,4,Philippine Red Cross - Davao Chapter,25/11/2024,A+,Cryoprecipitate,1,11,48
8577,4,Philippine Red Cross - Davao Chapter,02/12/2024,A+,Cryoprecipitate,1,12,49
8578,4,Philippine Red Cross - Davao Chapter,09/12/2024,A+,Cryoprecipitate,1,12,50
8579,4,Philippine Red Cross - Davao Chapter,16/12/2024,A+,Cryoprecipitate,1,12,51
8580,4,Philippine Red Cross - Davao Chapter,23/12/2024,A+,Cryoprecipitate,1,12,52
8581,4,Philippine Red Cross - Davao Chapter,30/12/2024,A+,Cryoprecipitate,1,12,53
8582,4,Philippine Red Cross - Davao Chapter,06/01/2025,A+,Cryoprecipitate,1,1,54
8583,4,Philippine Red Cross - Davao Chapter,13/01/2025,A+,Cryoprecipitate,1,1,55
8584,4,Philippine Red Cross - Davao Chapter,20/01/2025,A+,Cryoprecipitate,1,1,56
8585,4,Philippine Red Cross - Davao Chapter,27/01/2025,A+,Cryoprecipitate,1,1,57
8586,4,Philippine Red Cross - Davao Chapter,03/02/2025,A+,Cryoprecipitate,1,2,58
8587,4,Philippine Red Cross - Davao Chapter,10/02/2025,A+,Cryoprecipitate,1,2,59
8588,4,Philippine Red Cross - Davao Chapter,17/02/2025,A+,Cryoprecipitate,1,2,60
8589,4,Philippine Red Cross - Davao Chapter,24/02/2025,A+,Cryoprecipitate,1,2,61
8590,4,Philippine Red Cross - Davao Chapter,03/03/2025,A+,Cryoprecipitate,1,3,62
8591,4,Philippine Red Cross - Davao Chapter,10/03/2025,A+,Cryoprecipitate,1,3,63
8592,4,Philippine Red Cross - Davao Chapter,17/03/2025,A+,Cryoprecipitate,1,3,64
8593,4,Philippine Red Cross - Davao Chapter,24/03/2025,A+,Cryoprecipitate,1,3,65
8594,4,Philippine Red Cross - Davao Chapter,31/03/2025,A+,Cryoprecipitate,1,3,66
8595,4,Philippine Red Cross - Davao Chapter,07/04/2025,A+,Cryoprecipitate,1,4,67
8596,4,Philippine Red Cross - Davao Chapter,14/04/2025,A+,Cryoprecipitate,1,4,68
8597,4,Philippine Red Cross - Davao Chapter,21/04/2025,A+,Cryoprecipitate,1,4,69
8598,4,Philippine Red Cross - Davao Chapter,28/04/2025,A+,Cryoprecipitate,1,4,70
8599,4,Philippine Red Cross - Davao Chapter,05/05/2025,A+,Cryoprecipitate,1,5,71
8600,4,Philippine Red Cross - Davao Chapter,12/05/2025,A+,Cryoprecipitate,1,5,72
8601,4,Philippine Red Cross - Davao Chapter,19/05/2025,A+,Cryoprecipitate,1,5,73
8602,4,Philippine Red Cross - Davao Chapter,26/05/2025,A+,Cryoprecipitate,1,5,74
8603,4,Philippine Red Cross - Davao Chapter,02/06/2025,A+,Cryoprecipitate,1,6,75
8604,4,Philippine Red Cross - Davao Chapter,09/06/2025,A+,Cryoprecipitate,1,6,76
8605,4,Philippine Red Cross - Davao Chapter,16/06/2025,A+,Cryoprecipitate,1,6,77
8606,4,Philippine Red Cross - Davao Chapter,23/06/2025,A+,Cryoprecipitate,1,6,78
8607,4,Philippine Red Cross - Davao Chapter,30/06/2025,A+,Cryoprecipitate,1,6,79
8608,4,Philippine Red Cross - Davao Chapter,07/07/2025,A+,Cryoprecipitate,1,7,80
8609,4,Philippine Red Cross - Davao Chapter,14/07/2025,A+,Cryoprecipitate,1,7,81
8610,4,Philippine Red Cross - Davao Chapter,21/07/2025,A+,Cryoprecipitate,1,7,82
8611,4,Philippine Red Cross - Davao Chapter,28/07/2025,A+,Cryoprecipitate,1,7,83
8612,4,Philippine Red Cross - Davao Chapter,04/08/2025,A+,Cryoprecipitate,1,8,84
8613,4,Philippine Red Cross - Davao Chapter,11/08/2025,A+,Cryoprecipitate,1,8,85
8614,4,Philippine Red Cross - Davao Chapter,18/08/2025,A+,Cryoprecipitate,1,8,86
8615,4,Philippine Red Cross - Davao Chapter,25/08/2025,A+,Cryoprecipitate,1,8,87
8616,4,Philippine Red Cross - Davao Chapter,01/09/2025,A+,Cryoprecipitate,1,9,88
8617,4,Philippine Red Cross - Davao Chapter,08/09/2025,A+,Cryoprecipitate,1,9,89
8618,4,Philippine Red Cross - Davao Chapter,15/09/2025,A+,Cryoprecipitate,1,9,90
8619,4,Philippine Red Cross - Davao Chapter,22/09/2025,A+,Cryoprecipitate,1,9,91
8620,4,Philippine Red Cross - Davao Chapter,29/09/2025,A+,Cryoprecipitate,1,9,92
8621,4,Philippine Red Cross - Davao Chapter,06/10/2025,A+,Cryoprecipitate,1,10,93
8622,4,Philippine Red Cross - Davao Chapter,13/10/2025,A+,Cryoprecipitate,1,10,94
8623,4,Philippine Red Cross - Davao Chapter,20/10/2025,A+,Cryoprecipitate,1,10,95
8624,4,Philippine Red Cross - Davao Chapter,27/10/2025,A+,Cryoprecipitate,1,10,96
8625,4,Philippine Red Cross - Davao Chapter,03/11/2025,A+,Cryoprecipitate,1,11,97
8626,4,Philippine Red Cross - Davao Chapter,10/11/2025,A+,Cryoprecipitate,1,11,98
8627,4,Philippine Red Cross - Davao Chapter,17/11/2025,A+,Cryoprecipitate,1,11,99
8628,4,Philippine Red Cross - Davao Chapter,24/11/2025,A+,Cryoprecipitate,1,11,100
8629,4,Philippine Red Cross - Davao Chapter,01/12/2025,A+,Cryoprecipitate,1,12,101
8630,4,Philippine Red Cross - Davao Chapter,08/12/2025,A+,Cryoprecipitate,1,12,102
8631,4,Philippine Red Cross - Davao Chapter,15/12/2025,A+,Cryoprecipitate,1,12,103
8632,4,Philippine Red Cross - Davao Chapter,22/12/2025,A+,Cryoprecipitate,1,12,104
8633,4,Philippine Red Cross - Davao Chapter,01/01/2024,A-,PRBC,1,1,1
8634,4,Philippine Red Cross - Davao Chapter,08/01/2024,A-,PRBC,1,1,2
8635,4,Philippine Red Cross - Davao Chapter,15/01/2024,A-,PRBC,1,1,3
8636,4,Philippine Red Cross - Davao Chapter,22/01/2024,A-,PRBC,1,1,4
8637,4,Philippine Red Cross - Davao Chapter,29/01/2024,A-,PRBC,1,1,5
8638,4,Philippine Red Cross - Davao Chapter,05/02/2024,A-,PRBC,1,2,6
8639,4,Philippine Red Cross - Davao Chapter,12/02/2024,A-,PRBC,1,2,7
8640,4,Philippine Red Cross - Davao Chapter,19/02/2024,A-,PRBC,1,2,8
8641,4,Philippine Red Cross - Davao Chapter,26/02/2024,A-,PRBC,1,2,9
8642,4,Philippine Red Cross - Davao Chapter,04/03/2024,A-,PRBC,1,3,10
8643,4,Philippine Red Cross - Davao Chapter,11/03/2024,A-,PRBC,2,3,11
8644,4,Philippine Red Cross - Davao Chapter,18/03/2024,A-,PRBC,1,3,12
8645,4,Philippine Red Cross - Davao Chapter,25/03/2024,A-,PRBC,1,3,13
8646,4,Philippine Red Cross - Davao Chapter,01/04/2024,A-,PRBC,2,4,14
8647,4,Philippine Red Cross - Davao Chapter,08/04/2024,A-,PRBC,1,4,15
8648,4,Philippine Red Cross - Davao Chapter,15/04/2024,A-,PRBC,1,4,16
8649,4,Philippine Red Cross - Davao Chapter,22/04/2024,A-,PRBC,1,4,17
8650,4,Philippine Red Cross - Davao Chapter,29/04/2024,A-,PRBC,1,4,18
8651,4,Philippine Red Cross - Davao Chapter,06/05/2024,A-,PRBC,1,5,19
8652,4,Philippine Red Cross - Davao Chapter,13/05/2024,A-,PRBC,1,5,20
8653,4,Philippine Red Cross - Davao Chapter,20/05/2024,A-,PRBC,1,5,21
8654,4,Philippine Red Cross - Davao Chapter,27/05/2024,A-,PRBC,1,5,22
8655,4,Philippine Red Cross - Davao Chapter,03/06/2024,A-,PRBC,1,6,23
8656,4,Philippine Red Cross - Davao Chapter,10/06/2024,A-,PRBC,1,6,24
8657,4,Philippine Red Cross - Davao Chapter,17/06/2024,A-,PRBC,1,6,25
8658,4,Philippine Red Cross - Davao Chapter,24/06/2024,A-,PRBC,1,6,26
8659,4,Philippine Red Cross - Davao Chapter,01/07/2024,A-,PRBC,1,7,27
8660,4,Philippine Red Cross - Davao Chapter,08/07/2024,A-,PRBC,1,7,28
8661,4,Philippine Red Cross - Davao Chapter,15/07/2024,A-,PRBC,1,7,29
8662,4,Philippine Red Cross - Davao Chapter,22/07/2024,A-,PRBC,1,7,30
8663,4,Philippine Red Cross - Davao Chapter,29/07/2024,A-,PRBC,1,7,31
8664,4,Philippine Red Cross - Davao Chapter,05/08/2024,A-,PRBC,1,8,32
8665,4,Philippine Red Cross - Davao Chapter,12/08/2024,A-,PRBC,1,8,33
8666,4,Philippine Red Cross - Davao Chapter,19/08/2024,A-,PRBC,1,8,34
8667,4,Philippine Red Cross - Davao Chapter,26/08/2024,A-,PRBC,1,8,35
8668,4,Philippine Red Cross - Davao Chapter,02/09/2024,A-,PRBC,1,9,36
8669,4,Philippine Red Cross - Davao Chapter,09/09/2024,A-,PRBC,1,9,37
8670,4,Philippine Red Cross - Davao Chapter,16/09/2024,A-,PRBC,1,9,38
8671,4,Philippine Red Cross - Davao Chapter,23/09/2024,A-,PRBC,1,9,39
8672,4,Philippine Red Cross - Davao Chapter,30/09/2024,A-,PRBC,1,9,40
8673,4,Philippine Red Cross - Davao Chapter,07/10/2024,A-,PRBC,1,10,41
8674,4,Philippine Red Cross - Davao Chapter,14/10/2024,A-,PRBC,1,10,42
8675,4,Philippine Red Cross - Davao Chapter,21/10/2024,A-,PRBC,1,10,43
8676,4,Philippine Red Cross - Davao Chapter,28/10/2024,A-,PRBC,1,10,44
8677,4,Philippine Red Cross - Davao Chapter,04/11/2024,A-,PRBC,1,11,45
8678,4,Philippine Red Cross - Davao Chapter,11/11/2024,A-,PRBC,1,11,46
8679,4,Philippine Red Cross - Davao Chapter,18/11/2024,A-,PRBC,1,11,47
8680,4,Philippine Red Cross - Davao Chapter,25/11/2024,A-,PRBC,1,11,48
8681,4,Philippine Red Cross - Davao Chapter,02/12/2024,A-,PRBC,1,12,49
8682,4,Philippine Red Cross - Davao Chapter,09/12/2024,A-,PRBC,1,12,50
8683,4,Philippine Red Cross - Davao Chapter,16/12/2024,A-,PRBC,1,12,51
8684,4,Philippine Red Cross - Davao Chapter,23/12/2024,A-,PRBC,1,12,52
8685,4,Philippine Red Cross - Davao Chapter,30/12/2024,A-,PRBC,1,12,53
8686,4,Philippine Red Cross - Davao Chapter,06/01/2025,A-,PRBC,1,1,54
8687,4,Philippine Red Cross - Davao Chapter,13/01/2025,A-,PRBC,1,1,55
8688,4,Philippine Red Cross - Davao Chapter,20/01/2025,A-,PRBC,1,1,56
8689,4,Philippine Red Cross - Davao Chapter,27/01/2025,A-,PRBC,1,1,57
8690,4,Philippine Red Cross - Davao Chapter,03/02/2025,A-,PRBC,1,2,58
8691,4,Philippine Red Cross - Davao Chapter,10/02/2025,A-,PRBC,1,2,59
8692,4,Philippine Red Cross - Davao Chapter,17/02/2025,A-,PRBC,1,2,60
8693,4,Philippine Red Cross - Davao Chapter,24/02/2025,A-,PRBC,1,2,61
8694,4,Philippine Red Cross - Davao Chapter,03/03/2025,A-,PRBC,1,3,62
8695,4,Philippine Red Cross - Davao Chapter,10/03/2025,A-,PRBC,1,3,63
8696,4,Philippine Red Cross - Davao Chapter,17/03/2025,A-,PRBC,1,3,64
8697,4,Philippine Red Cross - Davao Chapter,24/03/2025,A-,PRBC,1,3,65
8698,4,Philippine Red Cross - Davao Chapter,31/03/2025,A-,PRBC,2,3,66
8699,4,Philippine Red Cross - Davao Chapter,07/04/2025,A-,PRBC,1,4,67
8700,4,Philippine Red Cross - Davao Chapter,14/04/2025,A-,PRBC,1,4,68
8701,4,Philippine Red Cross - Davao Chapter,21/04/2025,A-,PRBC,1,4,69
8702,4,Philippine Red Cross - Davao Chapter,28/04/2025,A-,PRBC,1,4,70
8703,4,Philippine Red Cross - Davao Chapter,05/05/2025,A-,PRBC,1,5,71
8704,4,Philippine Red Cross - Davao Chapter,12/05/2025,A-,PRBC,1,5,72
8705,4,Philippine Red Cross - Davao Chapter,19/05/2025,A-,PRBC,1,5,73
8706,4,Philippine Red Cross - Davao Chapter,26/05/2025,A-,PRBC,1,5,74
8707,4,Philippine Red Cross - Davao Chapter,02/06/2025,A-,PRBC,1,6,75
8708,4,Philippine Red Cross - Davao Chapter,09/06/2025,A-,PRBC,2,6,76
8709,4,Philippine Red Cross - Davao Chapter,16/06/2025,A-,PRBC,1,6,77
8710,4,Philippine Red Cross - Davao Chapter,23/06/2025,A-,PRBC,1,6,78
8711,4,Philippine Red Cross - Davao Chapter,30/06/2025,A-,PRBC,1,6,79
8712,4,Philippine Red Cross - Davao Chapter,07/07/2025,A-,PRBC,1,7,80
8713,4,Philippine Red Cross - Davao Chapter,14/07/2025,A-,PRBC,1,7,81
8714,4,Philippine Red Cross - Davao Chapter,21/07/2025,A-,PRBC,1,7,82
8715,4,Philippine Red Cross - Davao Chapter,28/07/2025,A-,PRBC,1,7,83
8716,4,Philippine Red Cross - Davao Chapter,04/08/2025,A-,PRBC,1,8,84
8717,4,Philippine Red Cross - Davao Chapter,11/08/2025,A-,PRBC,1,8,85
8718,4,Philippine Red Cross - Davao Chapter,18/08/2025,A-,PRBC,2,8,86
8719,4,Philippine Red Cross - Davao Chapter,25/08/2025,A-,PRBC,1,8,87
8720,4,Philippine Red Cross - Davao Chapter,01/09/2025,A-,PRBC,1,9,88
8721,4,Philippine Red Cross - Davao Chapter,08/09/2025,A-,PRBC,1,9,89
8722,4,Philippine Red Cross - Davao Chapter,15/09/2025,A-,PRBC,2,9,90
8723,4,Philippine Red Cross - Davao Chapter,22/09/2025,A-,PRBC,1,9,91
8724,4,Philippine Red Cross - Davao Chapter,29/09/2025,A-,PRBC,2,9,92
8725,4,Philippine Red Cross - Davao Chapter,06/10/2025,A-,PRBC,2,10,93
8726,4,Philippine Red Cross - Davao Chapter,13/10/2025,A-,PRBC,1,10,94
8727,4,Philippine Red Cross - Davao Chapter,20/10/2025,A-,PRBC,1,10,95
8728,4,Philippine Red Cross - Davao Chapter,27/10/2025,A-,PRBC,2,10,96
8729,4,Philippine Red Cross - Davao Chapter,03/11/2025,A-,PRBC,1,11,97
8730,4,Philippine Red Cross - Davao Chapter,10/11/2025,A-,PRBC,1,11,98
8731,4,Philippine Red Cross - Davao Chapter,17/11/2025,A-,PRBC,1,11,99
8732,4,Philippine Red Cross - Davao Chapter,24/11/2025,A-,PRBC,1,11,100
8733,4,Philippine Red Cross - Davao Chapter,01/12/2025,A-,PRBC,1,12,101
8734,4,Philippine Red Cross - Davao Chapter,08/12/2025,A-,PRBC,1,12,102
8735,4,Philippine Red Cross - Davao Chapter,15/12/2025,A-,PRBC,1,12,103
8736,4,Philippine Red Cross - Davao Chapter,22/12/2025,A-,PRBC,1,12,104
8737,4,Philippine Red Cross - Davao Chapter,01/01/2024,B+,PRBC,2,1,1
8738,4,Philippine Red Cross - Davao Chapter,08/01/2024,B+,PRBC,1,1,2
8739,4,Philippine Red Cross - Davao Chapter,15/01/2024,B+,PRBC,2,1,3
8740,4,Philippine Red Cross - Davao Chapter,22/01/2024,B+,PRBC,3,1,4
8741,4,Philippine Red Cross - Davao Chapter,29/01/2024,B+,PRBC,1,1,5
8742,4,Philippine Red Cross - Davao Chapter,05/02/2024,B+,PRBC,2,2,6
8743,4,Philippine Red Cross - Davao Chapter,12/02/2024,B+,PRBC,3,2,7
8744,4,Philippine Red Cross - Davao Chapter,19/02/2024,B+,PRBC,2,2,8
8745,4,Philippine Red Cross - Davao Chapter,26/02/2024,B+,PRBC,3,2,9
8746,4,Philippine Red Cross - Davao Chapter,04/03/2024,B+,PRBC,2,3,10
8747,4,Philippine Red Cross - Davao Chapter,11/03/2024,B+,PRBC,2,3,11
8748,4,Philippine Red Cross - Davao Chapter,18/03/2024,B+,PRBC,2,3,12
8749,4,Philippine Red Cross - Davao Chapter,25/03/2024,B+,PRBC,3,3,13
8750,4,Philippine Red Cross - Davao Chapter,01/04/2024,B+,PRBC,2,4,14
8751,4,Philippine Red Cross - Davao Chapter,08/04/2024,B+,PRBC,3,4,15
8752,4,Philippine Red Cross - Davao Chapter,15/04/2024,B+,PRBC,1,4,16
8753,4,Philippine Red Cross - Davao Chapter,22/04/2024,B+,PRBC,2,4,17
8754,4,Philippine Red Cross - Davao Chapter,29/04/2024,B+,PRBC,1,4,18
8755,4,Philippine Red Cross - Davao Chapter,06/05/2024,B+,PRBC,2,5,19
8756,4,Philippine Red Cross - Davao Chapter,13/05/2024,B+,PRBC,2,5,20
8757,4,Philippine Red Cross - Davao Chapter,20/05/2024,B+,PRBC,2,5,21
8758,4,Philippine Red Cross - Davao Chapter,27/05/2024,B+,PRBC,3,5,22
8759,4,Philippine Red Cross - Davao Chapter,03/06/2024,B+,PRBC,3,6,23
8760,4,Philippine Red Cross - Davao Chapter,10/06/2024,B+,PRBC,3,6,24
8761,4,Philippine Red Cross - Davao Chapter,17/06/2024,B+,PRBC,1,6,25
8762,4,Philippine Red Cross - Davao Chapter,24/06/2024,B+,PRBC,1,6,26
8763,4,Philippine Red Cross - Davao Chapter,01/07/2024,B+,PRBC,3,7,27
8764,4,Philippine Red Cross - Davao Chapter,08/07/2024,B+,PRBC,2,7,28
8765,4,Philippine Red Cross - Davao Chapter,15/07/2024,B+,PRBC,3,7,29
8766,4,Philippine Red Cross - Davao Chapter,22/07/2024,B+,PRBC,2,7,30
8767,4,Philippine Red Cross - Davao Chapter,29/07/2024,B+,PRBC,2,7,31
8768,4,Philippine Red Cross - Davao Chapter,05/08/2024,B+,PRBC,2,8,32
8769,4,Philippine Red Cross - Davao Chapter,12/08/2024,B+,PRBC,2,8,33
8770,4,Philippine Red Cross - Davao Chapter,19/08/2024,B+,PRBC,1,8,34
8771,4,Philippine Red Cross - Davao Chapter,26/08/2024,B+,PRBC,3,8,35
8772,4,Philippine Red Cross - Davao Chapter,02/09/2024,B+,PRBC,3,9,36
8773,4,Philippine Red Cross - Davao Chapter,09/09/2024,B+,PRBC,2,9,37
8774,4,Philippine Red Cross - Davao Chapter,16/09/2024,B+,PRBC,2,9,38
8775,4,Philippine Red Cross - Davao Chapter,23/09/2024,B+,PRBC,1,9,39
8776,4,Philippine Red Cross - Davao Chapter,30/09/2024,B+,PRBC,2,9,40
8777,4,Philippine Red Cross - Davao Chapter,07/10/2024,B+,PRBC,2,10,41
8778,4,Philippine Red Cross - Davao Chapter,14/10/2024,B+,PRBC,1,10,42
8779,4,Philippine Red Cross - Davao Chapter,21/10/2024,B+,PRBC,2,10,43
8780,4,Philippine Red Cross - Davao Chapter,28/10/2024,B+,PRBC,3,10,44
8781,4,Philippine Red Cross - Davao Chapter,04/11/2024,B+,PRBC,2,11,45
8782,4,Philippine Red Cross - Davao Chapter,11/11/2024,B+,PRBC,2,11,46
8783,4,Philippine Red Cross - Davao Chapter,18/11/2024,B+,PRBC,2,11,47
8784,4,Philippine Red Cross - Davao Chapter,25/11/2024,B+,PRBC,2,11,48
8785,4,Philippine Red Cross - Davao Chapter,02/12/2024,B+,PRBC,3,12,49
8786,4,Philippine Red Cross - Davao Chapter,09/12/2024,B+,PRBC,2,12,50
8787,4,Philippine Red Cross - Davao Chapter,16/12/2024,B+,PRBC,3,12,51
8788,4,Philippine Red Cross - Davao Chapter,23/12/2024,B+,PRBC,3,12,52
8789,4,Philippine Red Cross - Davao Chapter,30/12/2024,B+,PRBC,2,12,53
8790,4,Philippine Red Cross - Davao Chapter,06/01/2025,B+,PRBC,3,1,54
8791,4,Philippine Red Cross - Davao Chapter,13/01/2025,B+,PRBC,2,1,55
8792,4,Philippine Red Cross - Davao Chapter,20/01/2025,B+,PRBC,3,1,56
8793,4,Philippine Red Cross - Davao Chapter,27/01/2025,B+,PRBC,3,1,57
8794,4,Philippine Red Cross - Davao Chapter,03/02/2025,B+,PRBC,2,2,58
8795,4,Philippine Red Cross - Davao Chapter,10/02/2025,B+,PRBC,2,2,59
8796,4,Philippine Red Cross - Davao Chapter,17/02/2025,B+,PRBC,2,2,60
8797,4,Philippine Red Cross - Davao Chapter,24/02/2025,B+,PRBC,2,2,61
8798,4,Philippine Red Cross - Davao Chapter,03/03/2025,B+,PRBC,3,3,62
8799,4,Philippine Red Cross - Davao Chapter,10/03/2025,B+,PRBC,2,3,63
8800,4,Philippine Red Cross - Davao Chapter,17/03/2025,B+,PRBC,3,3,64
8801,4,Philippine Red Cross - Davao Chapter,24/03/2025,B+,PRBC,4,3,65
8802,4,Philippine Red Cross - Davao Chapter,31/03/2025,B+,PRBC,3,3,66
8803,4,Philippine Red Cross - Davao Chapter,07/04/2025,B+,PRBC,2,4,67
8804,4,Philippine Red Cross - Davao Chapter,14/04/2025,B+,PRBC,2,4,68
8805,4,Philippine Red Cross - Davao Chapter,21/04/2025,B+,PRBC,2,4,69
8806,4,Philippine Red Cross - Davao Chapter,28/04/2025,B+,PRBC,2,4,70
8807,4,Philippine Red Cross - Davao Chapter,05/05/2025,B+,PRBC,2,5,71
8808,4,Philippine Red Cross - Davao Chapter,12/05/2025,B+,PRBC,1,5,72
8809,4,Philippine Red Cross - Davao Chapter,19/05/2025,B+,PRBC,2,5,73
8810,4,Philippine Red Cross - Davao Chapter,26/05/2025,B+,PRBC,3,5,74
8811,4,Philippine Red Cross - Davao Chapter,02/06/2025,B+,PRBC,2,6,75
8812,4,Philippine Red Cross - Davao Chapter,09/06/2025,B+,PRBC,3,6,76
8813,4,Philippine Red Cross - Davao Chapter,16/06/2025,B+,PRBC,2,6,77
8814,4,Philippine Red Cross - Davao Chapter,23/06/2025,B+,PRBC,1,6,78
8815,4,Philippine Red Cross - Davao Chapter,30/06/2025,B+,PRBC,1,6,79
8816,4,Philippine Red Cross - Davao Chapter,07/07/2025,B+,PRBC,2,7,80
8817,4,Philippine Red Cross - Davao Chapter,14/07/2025,B+,PRBC,2,7,81
8818,4,Philippine Red Cross - Davao Chapter,21/07/2025,B+,PRBC,3,7,82
8819,4,Philippine Red Cross - Davao Chapter,28/07/2025,B+,PRBC,3,7,83
8820,4,Philippine Red Cross - Davao Chapter,04/08/2025,B+,PRBC,3,8,84
8821,4,Philippine Red Cross - Davao Chapter,11/08/2025,B+,PRBC,2,8,85
8822,4,Philippine Red Cross - Davao Chapter,18/08/2025,B+,PRBC,2,8,86
8823,4,Philippine Red Cross - Davao Chapter,25/08/2025,B+,PRBC,2,8,87
8824,4,Philippine Red Cross - Davao Chapter,01/09/2025,B+,PRBC,2,9,88
8825,4,Philippine Red Cross - Davao Chapter,08/09/2025,B+,PRBC,2,9,89
8826,4,Philippine Red Cross - Davao Chapter,15/09/2025,B+,PRBC,2,9,90
8827,4,Philippine Red Cross - Davao Chapter,22/09/2025,B+,PRBC,2,9,91
8828,4,Philippine Red Cross - Davao Chapter,29/09/2025,B+,PRBC,2,9,92
8829,4,Philippine Red Cross - Davao Chapter,06/10/2025,B+,PRBC,3,10,93
8830,4,Philippine Red Cross - Davao Chapter,13/10/2025,B+,PRBC,2,10,94
8831,4,Philippine Red Cross - Davao Chapter,20/10/2025,B+,PRBC,2,10,95
8832,4,Philippine Red Cross - Davao Chapter,27/10/2025,B+,PRBC,3,10,96
8833,4,Philippine Red Cross - Davao Chapter,03/11/2025,B+,PRBC,4,11,97
8834,4,Philippine Red Cross - Davao Chapter,10/11/2025,B+,PRBC,2,11,98
8835,4,Philippine Red Cross - Davao Chapter,17/11/2025,B+,PRBC,1,11,99
8836,4,Philippine Red Cross - Davao Chapter,24/11/2025,B+,PRBC,3,11,100
8837,4,Philippine Red Cross - Davao Chapter,01/12/2025,B+,PRBC,2,12,101
8838,4,Philippine Red Cross - Davao Chapter,08/12/2025,B+,PRBC,3,12,102
8839,4,Philippine Red Cross - Davao Chapter,15/12/2025,B+,PRBC,2,12,103
8840,4,Philippine Red Cross - Davao Chapter,22/12/2025,B+,PRBC,1,12,104
8841,4,Philippine Red Cross - Davao Chapter,01/01/2024,B+,Platelet Concentrate,1,1,1
8842,4,Philippine Red Cross - Davao Chapter,08/01/2024,B+,Platelet Concentrate,1,1,2
8843,4,Philippine Red Cross - Davao Chapter,15/01/2024,B+,Platelet Concentrate,1,1,3
8844,4,Philippine Red Cross - Davao Chapter,22/01/2024,B+,Platelet Concentrate,1,1,4
8845,4,Philippine Red Cross - Davao Chapter,29/01/2024,B+,Platelet Concentrate,1,1,5
8846,4,Philippine Red Cross - Davao Chapter,05/02/2024,B+,Platelet Concentrate,1,2,6
8847,4,Philippine Red Cross - Davao Chapter,12/02/2024,B+,Platelet Concentrate,1,2,7
8848,4,Philippine Red Cross - Davao Chapter,19/02/2024,B+,Platelet Concentrate,1,2,8
8849,4,Philippine Red Cross - Davao Chapter,26/02/2024,B+,Platelet Concentrate,1,2,9
8850,4,Philippine Red Cross - Davao Chapter,04/03/2024,B+,Platelet Concentrate,1,3,10
8851,4,Philippine Red Cross - Davao Chapter,11/03/2024,B+,Platelet Concentrate,1,3,11
8852,4,Philippine Red Cross - Davao Chapter,18/03/2024,B+,Platelet Concentrate,1,3,12
8853,4,Philippine Red Cross - Davao Chapter,25/03/2024,B+,Platelet Concentrate,1,3,13
8854,4,Philippine Red Cross - Davao Chapter,01/04/2024,B+,Platelet Concentrate,1,4,14
8855,4,Philippine Red Cross - Davao Chapter,08/04/2024,B+,Platelet Concentrate,1,4,15
8856,4,Philippine Red Cross - Davao Chapter,15/04/2024,B+,Platelet Concentrate,1,4,16
8857,4,Philippine Red Cross - Davao Chapter,22/04/2024,B+,Platelet Concentrate,1,4,17
8858,4,Philippine Red Cross - Davao Chapter,29/04/2024,B+,Platelet Concentrate,1,4,18
8859,4,Philippine Red Cross - Davao Chapter,06/05/2024,B+,Platelet Concentrate,1,5,19
8860,4,Philippine Red Cross - Davao Chapter,13/05/2024,B+,Platelet Concentrate,1,5,20
8861,4,Philippine Red Cross - Davao Chapter,20/05/2024,B+,Platelet Concentrate,1,5,21
8862,4,Philippine Red Cross - Davao Chapter,27/05/2024,B+,Platelet Concentrate,1,5,22
8863,4,Philippine Red Cross - Davao Chapter,03/06/2024,B+,Platelet Concentrate,1,6,23
8864,4,Philippine Red Cross - Davao Chapter,10/06/2024,B+,Platelet Concentrate,1,6,24
8865,4,Philippine Red Cross - Davao Chapter,17/06/2024,B+,Platelet Concentrate,1,6,25
8866,4,Philippine Red Cross - Davao Chapter,24/06/2024,B+,Platelet Concentrate,1,6,26
8867,4,Philippine Red Cross - Davao Chapter,01/07/2024,B+,Platelet Concentrate,1,7,27
8868,4,Philippine Red Cross - Davao Chapter,08/07/2024,B+,Platelet Concentrate,1,7,28
8869,4,Philippine Red Cross - Davao Chapter,15/07/2024,B+,Platelet Concentrate,1,7,29
8870,4,Philippine Red Cross - Davao Chapter,22/07/2024,B+,Platelet Concentrate,1,7,30
8871,4,Philippine Red Cross - Davao Chapter,29/07/2024,B+,Platelet Concentrate,1,7,31
8872,4,Philippine Red Cross - Davao Chapter,05/08/2024,B+,Platelet Concentrate,1,8,32
8873,4,Philippine Red Cross - Davao Chapter,12/08/2024,B+,Platelet Concentrate,1,8,33
8874,4,Philippine Red Cross - Davao Chapter,19/08/2024,B+,Platelet Concentrate,1,8,34
8875,4,Philippine Red Cross - Davao Chapter,26/08/2024,B+,Platelet Concentrate,1,8,35
8876,4,Philippine Red Cross - Davao Chapter,02/09/2024,B+,Platelet Concentrate,1,9,36
8877,4,Philippine Red Cross - Davao Chapter,09/09/2024,B+,Platelet Concentrate,1,9,37
8878,4,Philippine Red Cross - Davao Chapter,16/09/2024,B+,Platelet Concentrate,1,9,38
8879,4,Philippine Red Cross - Davao Chapter,23/09/2024,B+,Platelet Concentrate,1,9,39
8880,4,Philippine Red Cross - Davao Chapter,30/09/2024,B+,Platelet Concentrate,1,9,40
8881,4,Philippine Red Cross - Davao Chapter,07/10/2024,B+,Platelet Concentrate,2,10,41
8882,4,Philippine Red Cross - Davao Chapter,14/10/2024,B+,Platelet Concentrate,1,10,42
8883,4,Philippine Red Cross - Davao Chapter,21/10/2024,B+,Platelet Concentrate,1,10,43
8884,4,Philippine Red Cross - Davao Chapter,28/10/2024,B+,Platelet Concentrate,1,10,44
8885,4,Philippine Red Cross - Davao Chapter,04/11/2024,B+,Platelet Concentrate,1,11,45
8886,4,Philippine Red Cross - Davao Chapter,11/11/2024,B+,Platelet Concentrate,1,11,46
8887,4,Philippine Red Cross - Davao Chapter,18/11/2024,B+,Platelet Concentrate,1,11,47
8888,4,Philippine Red Cross - Davao Chapter,25/11/2024,B+,Platelet Concentrate,1,11,48
8889,4,Philippine Red Cross - Davao Chapter,02/12/2024,B+,Platelet Concentrate,1,12,49
8890,4,Philippine Red Cross - Davao Chapter,09/12/2024,B+,Platelet Concentrate,1,12,50
8891,4,Philippine Red Cross - Davao Chapter,16/12/2024,B+,Platelet Concentrate,1,12,51
8892,4,Philippine Red Cross - Davao Chapter,23/12/2024,B+,Platelet Concentrate,1,12,52
8893,4,Philippine Red Cross - Davao Chapter,30/12/2024,B+,Platelet Concentrate,1,12,53
8894,4,Philippine Red Cross - Davao Chapter,06/01/2025,B+,Platelet Concentrate,1,1,54
8895,4,Philippine Red Cross - Davao Chapter,13/01/2025,B+,Platelet Concentrate,1,1,55
8896,4,Philippine Red Cross - Davao Chapter,20/01/2025,B+,Platelet Concentrate,1,1,56
8897,4,Philippine Red Cross - Davao Chapter,27/01/2025,B+,Platelet Concentrate,1,1,57
8898,4,Philippine Red Cross - Davao Chapter,03/02/2025,B+,Platelet Concentrate,1,2,58
8899,4,Philippine Red Cross - Davao Chapter,10/02/2025,B+,Platelet Concentrate,1,2,59
8900,4,Philippine Red Cross - Davao Chapter,17/02/2025,B+,Platelet Concentrate,1,2,60
8901,4,Philippine Red Cross - Davao Chapter,24/02/2025,B+,Platelet Concentrate,1,2,61
8902,4,Philippine Red Cross - Davao Chapter,03/03/2025,B+,Platelet Concentrate,1,3,62
8903,4,Philippine Red Cross - Davao Chapter,10/03/2025,B+,Platelet Concentrate,1,3,63
8904,4,Philippine Red Cross - Davao Chapter,17/03/2025,B+,Platelet Concentrate,1,3,64
8905,4,Philippine Red Cross - Davao Chapter,24/03/2025,B+,Platelet Concentrate,1,3,65
8906,4,Philippine Red Cross - Davao Chapter,31/03/2025,B+,Platelet Concentrate,1,3,66
8907,4,Philippine Red Cross - Davao Chapter,07/04/2025,B+,Platelet Concentrate,1,4,67
8908,4,Philippine Red Cross - Davao Chapter,14/04/2025,B+,Platelet Concentrate,1,4,68
8909,4,Philippine Red Cross - Davao Chapter,21/04/2025,B+,Platelet Concentrate,1,4,69
8910,4,Philippine Red Cross - Davao Chapter,28/04/2025,B+,Platelet Concentrate,1,4,70
8911,4,Philippine Red Cross - Davao Chapter,05/05/2025,B+,Platelet Concentrate,1,5,71
8912,4,Philippine Red Cross - Davao Chapter,12/05/2025,B+,Platelet Concentrate,1,5,72
8913,4,Philippine Red Cross - Davao Chapter,19/05/2025,B+,Platelet Concentrate,1,5,73
8914,4,Philippine Red Cross - Davao Chapter,26/05/2025,B+,Platelet Concentrate,1,5,74
8915,4,Philippine Red Cross - Davao Chapter,02/06/2025,B+,Platelet Concentrate,2,6,75
8916,4,Philippine Red Cross - Davao Chapter,09/06/2025,B+,Platelet Concentrate,1,6,76
8917,4,Philippine Red Cross - Davao Chapter,16/06/2025,B+,Platelet Concentrate,1,6,77
8918,4,Philippine Red Cross - Davao Chapter,23/06/2025,B+,Platelet Concentrate,1,6,78
8919,4,Philippine Red Cross - Davao Chapter,30/06/2025,B+,Platelet Concentrate,1,6,79
8920,4,Philippine Red Cross - Davao Chapter,07/07/2025,B+,Platelet Concentrate,1,7,80
8921,4,Philippine Red Cross - Davao Chapter,14/07/2025,B+,Platelet Concentrate,1,7,81
8922,4,Philippine Red Cross - Davao Chapter,21/07/2025,B+,Platelet Concentrate,1,7,82
8923,4,Philippine Red Cross - Davao Chapter,28/07/2025,B+,Platelet Concentrate,1,7,83
8924,4,Philippine Red Cross - Davao Chapter,04/08/2025,B+,Platelet Concentrate,1,8,84
8925,4,Philippine Red Cross - Davao Chapter,11/08/2025,B+,Platelet Concentrate,1,8,85
8926,4,Philippine Red Cross - Davao Chapter,18/08/2025,B+,Platelet Concentrate,1,8,86
8927,4,Philippine Red Cross - Davao Chapter,25/08/2025,B+,Platelet Concentrate,1,8,87
8928,4,Philippine Red Cross - Davao Chapter,01/09/2025,B+,Platelet Concentrate,1,9,88
8929,4,Philippine Red Cross - Davao Chapter,08/09/2025,B+,Platelet Concentrate,1,9,89
8930,4,Philippine Red Cross - Davao Chapter,15/09/2025,B+,Platelet Concentrate,1,9,90
8931,4,Philippine Red Cross - Davao Chapter,22/09/2025,B+,Platelet Concentrate,1,9,91
8932,4,Philippine Red Cross - Davao Chapter,29/09/2025,B+,Platelet Concentrate,1,9,92
8933,4,Philippine Red Cross - Davao Chapter,06/10/2025,B+,Platelet Concentrate,1,10,93
8934,4,Philippine Red Cross - Davao Chapter,13/10/2025,B+,Platelet Concentrate,1,10,94
8935,4,Philippine Red Cross - Davao Chapter,20/10/2025,B+,Platelet Concentrate,1,10,95
8936,4,Philippine Red Cross - Davao Chapter,27/10/2025,B+,Platelet Concentrate,1,10,96
8937,4,Philippine Red Cross - Davao Chapter,03/11/2025,B+,Platelet Concentrate,1,11,97
8938,4,Philippine Red Cross - Davao Chapter,10/11/2025,B+,Platelet Concentrate,1,11,98
8939,4,Philippine Red Cross - Davao Chapter,17/11/2025,B+,Platelet Concentrate,1,11,99
8940,4,Philippine Red Cross - Davao Chapter,24/11/2025,B+,Platelet Concentrate,1,11,100
8941,4,Philippine Red Cross - Davao Chapter,01/12/2025,B+,Platelet Concentrate,1,12,101
8942,4,Philippine Red Cross - Davao Chapter,08/12/2025,B+,Platelet Concentrate,2,12,102
8943,4,Philippine Red Cross - Davao Chapter,15/12/2025,B+,Platelet Concentrate,1,12,103
8944,4,Philippine Red Cross - Davao Chapter,22/12/2025,B+,Platelet Concentrate,1,12,104
8945,4,Philippine Red Cross - Davao Chapter,01/01/2024,B+,FFP,1,1,1
8946,4,Philippine Red Cross - Davao Chapter,08/01/2024,B+,FFP,1,1,2
8947,4,Philippine Red Cross - Davao Chapter,15/01/2024,B+,FFP,1,1,3
8948,4,Philippine Red Cross - Davao Chapter,22/01/2024,B+,FFP,2,1,4
8949,4,Philippine Red Cross - Davao Chapter,29/01/2024,B+,FFP,1,1,5
8950,4,Philippine Red Cross - Davao Chapter,05/02/2024,B+,FFP,1,2,6
8951,4,Philippine Red Cross - Davao Chapter,12/02/2024,B+,FFP,1,2,7
8952,4,Philippine Red Cross - Davao Chapter,19/02/2024,B+,FFP,1,2,8
8953,4,Philippine Red Cross - Davao Chapter,26/02/2024,B+,FFP,1,2,9
8954,4,Philippine Red Cross - Davao Chapter,04/03/2024,B+,FFP,1,3,10
8955,4,Philippine Red Cross - Davao Chapter,11/03/2024,B+,FFP,1,3,11
8956,4,Philippine Red Cross - Davao Chapter,18/03/2024,B+,FFP,1,3,12
8957,4,Philippine Red Cross - Davao Chapter,25/03/2024,B+,FFP,1,3,13
8958,4,Philippine Red Cross - Davao Chapter,01/04/2024,B+,FFP,1,4,14
8959,4,Philippine Red Cross - Davao Chapter,08/04/2024,B+,FFP,1,4,15
8960,4,Philippine Red Cross - Davao Chapter,15/04/2024,B+,FFP,1,4,16
8961,4,Philippine Red Cross - Davao Chapter,22/04/2024,B+,FFP,1,4,17
8962,4,Philippine Red Cross - Davao Chapter,29/04/2024,B+,FFP,1,4,18
8963,4,Philippine Red Cross - Davao Chapter,06/05/2024,B+,FFP,1,5,19
8964,4,Philippine Red Cross - Davao Chapter,13/05/2024,B+,FFP,1,5,20
8965,4,Philippine Red Cross - Davao Chapter,20/05/2024,B+,FFP,1,5,21
8966,4,Philippine Red Cross - Davao Chapter,27/05/2024,B+,FFP,1,5,22
8967,4,Philippine Red Cross - Davao Chapter,03/06/2024,B+,FFP,1,6,23
8968,4,Philippine Red Cross - Davao Chapter,10/06/2024,B+,FFP,1,6,24
8969,4,Philippine Red Cross - Davao Chapter,17/06/2024,B+,FFP,1,6,25
8970,4,Philippine Red Cross - Davao Chapter,24/06/2024,B+,FFP,1,6,26
8971,4,Philippine Red Cross - Davao Chapter,01/07/2024,B+,FFP,1,7,27
8972,4,Philippine Red Cross - Davao Chapter,08/07/2024,B+,FFP,1,7,28
8973,4,Philippine Red Cross - Davao Chapter,15/07/2024,B+,FFP,1,7,29
8974,4,Philippine Red Cross - Davao Chapter,22/07/2024,B+,FFP,1,7,30
8975,4,Philippine Red Cross - Davao Chapter,29/07/2024,B+,FFP,1,7,31
8976,4,Philippine Red Cross - Davao Chapter,05/08/2024,B+,FFP,1,8,32
8977,4,Philippine Red Cross - Davao Chapter,12/08/2024,B+,FFP,1,8,33
8978,4,Philippine Red Cross - Davao Chapter,19/08/2024,B+,FFP,1,8,34
8979,4,Philippine Red Cross - Davao Chapter,26/08/2024,B+,FFP,1,8,35
8980,4,Philippine Red Cross - Davao Chapter,02/09/2024,B+,FFP,2,9,36
8981,4,Philippine Red Cross - Davao Chapter,09/09/2024,B+,FFP,1,9,37
8982,4,Philippine Red Cross - Davao Chapter,16/09/2024,B+,FFP,1,9,38
8983,4,Philippine Red Cross - Davao Chapter,23/09/2024,B+,FFP,1,9,39
8984,4,Philippine Red Cross - Davao Chapter,30/09/2024,B+,FFP,1,9,40
8985,4,Philippine Red Cross - Davao Chapter,07/10/2024,B+,FFP,2,10,41
8986,4,Philippine Red Cross - Davao Chapter,14/10/2024,B+,FFP,1,10,42
8987,4,Philippine Red Cross - Davao Chapter,21/10/2024,B+,FFP,1,10,43
8988,4,Philippine Red Cross - Davao Chapter,28/10/2024,B+,FFP,1,10,44
8989,4,Philippine Red Cross - Davao Chapter,04/11/2024,B+,FFP,1,11,45
8990,4,Philippine Red Cross - Davao Chapter,11/11/2024,B+,FFP,1,11,46
8991,4,Philippine Red Cross - Davao Chapter,18/11/2024,B+,FFP,1,11,47
8992,4,Philippine Red Cross - Davao Chapter,25/11/2024,B+,FFP,1,11,48
8993,4,Philippine Red Cross - Davao Chapter,02/12/2024,B+,FFP,1,12,49
8994,4,Philippine Red Cross - Davao Chapter,09/12/2024,B+,FFP,1,12,50
8995,4,Philippine Red Cross - Davao Chapter,16/12/2024,B+,FFP,1,12,51
8996,4,Philippine Red Cross - Davao Chapter,23/12/2024,B+,FFP,1,12,52
8997,4,Philippine Red Cross - Davao Chapter,30/12/2024,B+,FFP,1,12,53
8998,4,Philippine Red Cross - Davao Chapter,06/01/2025,B+,FFP,1,1,54
8999,4,Philippine Red Cross - Davao Chapter,13/01/2025,B+,FFP,1,1,55
9000,4,Philippine Red Cross - Davao Chapter,20/01/2025,B+,FFP,1,1,56
9001,4,Philippine Red Cross - Davao Chapter,27/01/2025,B+,FFP,1,1,57
9002,4,Philippine Red Cross - Davao Chapter,03/02/2025,B+,FFP,1,2,58
9003,4,Philippine Red Cross - Davao Chapter,10/02/2025,B+,FFP,1,2,59
9004,4,Philippine Red Cross - Davao Chapter,17/02/2025,B+,FFP,1,2,60
9005,4,Philippine Red Cross - Davao Chapter,24/02/2025,B+,FFP,1,2,61
9006,4,Philippine Red Cross - Davao Chapter,03/03/2025,B+,FFP,1,3,62
9007,4,Philippine Red Cross - Davao Chapter,10/03/2025,B+,FFP,1,3,63
9008,4,Philippine Red Cross - Davao Chapter,17/03/2025,B+,FFP,2,3,64
9009,4,Philippine Red Cross - Davao Chapter,24/03/2025,B+,FFP,1,3,65
9010,4,Philippine Red Cross - Davao Chapter,31/03/2025,B+,FFP,1,3,66
9011,4,Philippine Red Cross - Davao Chapter,07/04/2025,B+,FFP,1,4,67
9012,4,Philippine Red Cross - Davao Chapter,14/04/2025,B+,FFP,1,4,68
9013,4,Philippine Red Cross - Davao Chapter,21/04/2025,B+,FFP,1,4,69
9014,4,Philippine Red Cross - Davao Chapter,28/04/2025,B+,FFP,1,4,70
9015,4,Philippine Red Cross - Davao Chapter,05/05/2025,B+,FFP,2,5,71
9016,4,Philippine Red Cross - Davao Chapter,12/05/2025,B+,FFP,1,5,72
9017,4,Philippine Red Cross - Davao Chapter,19/05/2025,B+,FFP,1,5,73
9018,4,Philippine Red Cross - Davao Chapter,26/05/2025,B+,FFP,1,5,74
9019,4,Philippine Red Cross - Davao Chapter,02/06/2025,B+,FFP,1,6,75
9020,4,Philippine Red Cross - Davao Chapter,09/06/2025,B+,FFP,1,6,76
9021,4,Philippine Red Cross - Davao Chapter,16/06/2025,B+,FFP,1,6,77
9022,4,Philippine Red Cross - Davao Chapter,23/06/2025,B+,FFP,1,6,78
9023,4,Philippine Red Cross - Davao Chapter,30/06/2025,B+,FFP,1,6,79
9024,4,Philippine Red Cross - Davao Chapter,07/07/2025,B+,FFP,1,7,80
9025,4,Philippine Red Cross - Davao Chapter,14/07/2025,B+,FFP,1,7,81
9026,4,Philippine Red Cross - Davao Chapter,21/07/2025,B+,FFP,1,7,82
9027,4,Philippine Red Cross - Davao Chapter,28/07/2025,B+,FFP,1,7,83
9028,4,Philippine Red Cross - Davao Chapter,04/08/2025,B+,FFP,1,8,84
9029,4,Philippine Red Cross - Davao Chapter,11/08/2025,B+,FFP,1,8,85
9030,4,Philippine Red Cross - Davao Chapter,18/08/2025,B+,FFP,2,8,86
9031,4,Philippine Red Cross - Davao Chapter,25/08/2025,B+,FFP,1,8,87
9032,4,Philippine Red Cross - Davao Chapter,01/09/2025,B+,FFP,1,9,88
9033,4,Philippine Red Cross - Davao Chapter,08/09/2025,B+,FFP,1,9,89
9034,4,Philippine Red Cross - Davao Chapter,15/09/2025,B+,FFP,1,9,90
9035,4,Philippine Red Cross - Davao Chapter,22/09/2025,B+,FFP,1,9,91
9036,4,Philippine Red Cross - Davao Chapter,29/09/2025,B+,FFP,1,9,92
9037,4,Philippine Red Cross - Davao Chapter,06/10/2025,B+,FFP,1,10,93
9038,4,Philippine Red Cross - Davao Chapter,13/10/2025,B+,FFP,1,10,94
9039,4,Philippine Red Cross - Davao Chapter,20/10/2025,B+,FFP,1,10,95
9040,4,Philippine Red Cross - Davao Chapter,27/10/2025,B+,FFP,1,10,96
9041,4,Philippine Red Cross - Davao Chapter,03/11/2025,B+,FFP,1,11,97
9042,4,Philippine Red Cross - Davao Chapter,10/11/2025,B+,FFP,1,11,98
9043,4,Philippine Red Cross - Davao Chapter,17/11/2025,B+,FFP,1,11,99
9044,4,Philippine Red Cross - Davao Chapter,24/11/2025,B+,FFP,1,11,100
9045,4,Philippine Red Cross - Davao Chapter,01/12/2025,B+,FFP,1,12,101
9046,4,Philippine Red Cross - Davao Chapter,08/12/2025,B+,FFP,1,12,102
9047,4,Philippine Red Cross - Davao Chapter,15/12/2025,B+,FFP,1,12,103
9048,4,Philippine Red Cross - Davao Chapter,22/12/2025,B+,FFP,1,12,104
9049,4,Philippine Red Cross - Davao Chapter,01/01/2024,B-,PRBC,1,1,1
9050,4,Philippine Red Cross - Davao Chapter,08/01/2024,B-,PRBC,1,1,2
9051,4,Philippine Red Cross - Davao Chapter,15/01/2024,B-,PRBC,1,1,3
9052,4,Philippine Red Cross - Davao Chapter,22/01/2024,B-,PRBC,1,1,4
9053,4,Philippine Red Cross - Davao Chapter,29/01/2024,B-,PRBC,1,1,5
9054,4,Philippine Red Cross - Davao Chapter,05/02/2024,B-,PRBC,1,2,6
9055,4,Philippine Red Cross - Davao Chapter,12/02/2024,B-,PRBC,1,2,7
9056,4,Philippine Red Cross - Davao Chapter,19/02/2024,B-,PRBC,1,2,8
9057,4,Philippine Red Cross - Davao Chapter,26/02/2024,B-,PRBC,1,2,9
9058,4,Philippine Red Cross - Davao Chapter,04/03/2024,B-,PRBC,1,3,10
9059,4,Philippine Red Cross - Davao Chapter,11/03/2024,B-,PRBC,1,3,11
9060,4,Philippine Red Cross - Davao Chapter,18/03/2024,B-,PRBC,1,3,12
9061,4,Philippine Red Cross - Davao Chapter,25/03/2024,B-,PRBC,1,3,13
9062,4,Philippine Red Cross - Davao Chapter,01/04/2024,B-,PRBC,1,4,14
9063,4,Philippine Red Cross - Davao Chapter,08/04/2024,B-,PRBC,1,4,15
9064,4,Philippine Red Cross - Davao Chapter,15/04/2024,B-,PRBC,1,4,16
9065,4,Philippine Red Cross - Davao Chapter,22/04/2024,B-,PRBC,1,4,17
9066,4,Philippine Red Cross - Davao Chapter,29/04/2024,B-,PRBC,1,4,18
9067,4,Philippine Red Cross - Davao Chapter,06/05/2024,B-,PRBC,1,5,19
9068,4,Philippine Red Cross - Davao Chapter,13/05/2024,B-,PRBC,1,5,20
9069,4,Philippine Red Cross - Davao Chapter,20/05/2024,B-,PRBC,1,5,21
9070,4,Philippine Red Cross - Davao Chapter,27/05/2024,B-,PRBC,1,5,22
9071,4,Philippine Red Cross - Davao Chapter,03/06/2024,B-,PRBC,1,6,23
9072,4,Philippine Red Cross - Davao Chapter,10/06/2024,B-,PRBC,1,6,24
9073,4,Philippine Red Cross - Davao Chapter,17/06/2024,B-,PRBC,1,6,25
9074,4,Philippine Red Cross - Davao Chapter,24/06/2024,B-,PRBC,1,6,26
9075,4,Philippine Red Cross - Davao Chapter,01/07/2024,B-,PRBC,1,7,27
9076,4,Philippine Red Cross - Davao Chapter,08/07/2024,B-,PRBC,1,7,28
9077,4,Philippine Red Cross - Davao Chapter,15/07/2024,B-,PRBC,1,7,29
9078,4,Philippine Red Cross - Davao Chapter,22/07/2024,B-,PRBC,1,7,30
9079,4,Philippine Red Cross - Davao Chapter,29/07/2024,B-,PRBC,1,7,31
9080,4,Philippine Red Cross - Davao Chapter,05/08/2024,B-,PRBC,1,8,32
9081,4,Philippine Red Cross - Davao Chapter,12/08/2024,B-,PRBC,1,8,33
9082,4,Philippine Red Cross - Davao Chapter,19/08/2024,B-,PRBC,1,8,34
9083,4,Philippine Red Cross - Davao Chapter,26/08/2024,B-,PRBC,1,8,35
9084,4,Philippine Red Cross - Davao Chapter,02/09/2024,B-,PRBC,1,9,36
9085,4,Philippine Red Cross - Davao Chapter,09/09/2024,B-,PRBC,1,9,37
9086,4,Philippine Red Cross - Davao Chapter,16/09/2024,B-,PRBC,1,9,38
9087,4,Philippine Red Cross - Davao Chapter,23/09/2024,B-,PRBC,1,9,39
9088,4,Philippine Red Cross - Davao Chapter,30/09/2024,B-,PRBC,1,9,40
9089,4,Philippine Red Cross - Davao Chapter,07/10/2024,B-,PRBC,1,10,41
9090,4,Philippine Red Cross - Davao Chapter,14/10/2024,B-,PRBC,1,10,42
9091,4,Philippine Red Cross - Davao Chapter,21/10/2024,B-,PRBC,1,10,43
9092,4,Philippine Red Cross - Davao Chapter,28/10/2024,B-,PRBC,1,10,44
9093,4,Philippine Red Cross - Davao Chapter,04/11/2024,B-,PRBC,1,11,45
9094,4,Philippine Red Cross - Davao Chapter,11/11/2024,B-,PRBC,1,11,46
9095,4,Philippine Red Cross - Davao Chapter,18/11/2024,B-,PRBC,1,11,47
9096,4,Philippine Red Cross - Davao Chapter,25/11/2024,B-,PRBC,2,11,48
9097,4,Philippine Red Cross - Davao Chapter,02/12/2024,B-,PRBC,1,12,49
9098,4,Philippine Red Cross - Davao Chapter,09/12/2024,B-,PRBC,1,12,50
9099,4,Philippine Red Cross - Davao Chapter,16/12/2024,B-,PRBC,1,12,51
9100,4,Philippine Red Cross - Davao Chapter,23/12/2024,B-,PRBC,1,12,52
9101,4,Philippine Red Cross - Davao Chapter,30/12/2024,B-,PRBC,1,12,53
9102,4,Philippine Red Cross - Davao Chapter,06/01/2025,B-,PRBC,1,1,54
9103,4,Philippine Red Cross - Davao Chapter,13/01/2025,B-,PRBC,1,1,55
9104,4,Philippine Red Cross - Davao Chapter,20/01/2025,B-,PRBC,2,1,56
9105,4,Philippine Red Cross - Davao Chapter,27/01/2025,B-,PRBC,1,1,57
9106,4,Philippine Red Cross - Davao Chapter,03/02/2025,B-,PRBC,1,2,58
9107,4,Philippine Red Cross - Davao Chapter,10/02/2025,B-,PRBC,1,2,59
9108,4,Philippine Red Cross - Davao Chapter,17/02/2025,B-,PRBC,1,2,60
9109,4,Philippine Red Cross - Davao Chapter,24/02/2025,B-,PRBC,1,2,61
9110,4,Philippine Red Cross - Davao Chapter,03/03/2025,B-,PRBC,1,3,62
9111,4,Philippine Red Cross - Davao Chapter,10/03/2025,B-,PRBC,1,3,63
9112,4,Philippine Red Cross - Davao Chapter,17/03/2025,B-,PRBC,1,3,64
9113,4,Philippine Red Cross - Davao Chapter,24/03/2025,B-,PRBC,1,3,65
9114,4,Philippine Red Cross - Davao Chapter,31/03/2025,B-,PRBC,1,3,66
9115,4,Philippine Red Cross - Davao Chapter,07/04/2025,B-,PRBC,1,4,67
9116,4,Philippine Red Cross - Davao Chapter,14/04/2025,B-,PRBC,1,4,68
9117,4,Philippine Red Cross - Davao Chapter,21/04/2025,B-,PRBC,1,4,69
9118,4,Philippine Red Cross - Davao Chapter,28/04/2025,B-,PRBC,1,4,70
9119,4,Philippine Red Cross - Davao Chapter,05/05/2025,B-,PRBC,1,5,71
9120,4,Philippine Red Cross - Davao Chapter,12/05/2025,B-,PRBC,1,5,72
9121,4,Philippine Red Cross - Davao Chapter,19/05/2025,B-,PRBC,1,5,73
9122,4,Philippine Red Cross - Davao Chapter,26/05/2025,B-,PRBC,1,5,74
9123,4,Philippine Red Cross - Davao Chapter,02/06/2025,B-,PRBC,1,6,75
9124,4,Philippine Red Cross - Davao Chapter,09/06/2025,B-,PRBC,1,6,76
9125,4,Philippine Red Cross - Davao Chapter,16/06/2025,B-,PRBC,1,6,77
9126,4,Philippine Red Cross - Davao Chapter,23/06/2025,B-,PRBC,1,6,78
9127,4,Philippine Red Cross - Davao Chapter,30/06/2025,B-,PRBC,1,6,79
9128,4,Philippine Red Cross - Davao Chapter,07/07/2025,B-,PRBC,1,7,80
9129,4,Philippine Red Cross - Davao Chapter,14/07/2025,B-,PRBC,1,7,81
9130,4,Philippine Red Cross - Davao Chapter,21/07/2025,B-,PRBC,1,7,82
9131,4,Philippine Red Cross - Davao Chapter,28/07/2025,B-,PRBC,1,7,83
9132,4,Philippine Red Cross - Davao Chapter,04/08/2025,B-,PRBC,1,8,84
9133,4,Philippine Red Cross - Davao Chapter,11/08/2025,B-,PRBC,1,8,85
9134,4,Philippine Red Cross - Davao Chapter,18/08/2025,B-,PRBC,1,8,86
9135,4,Philippine Red Cross - Davao Chapter,25/08/2025,B-,PRBC,1,8,87
9136,4,Philippine Red Cross - Davao Chapter,01/09/2025,B-,PRBC,1,9,88
9137,4,Philippine Red Cross - Davao Chapter,08/09/2025,B-,PRBC,1,9,89
9138,4,Philippine Red Cross - Davao Chapter,15/09/2025,B-,PRBC,2,9,90
9139,4,Philippine Red Cross - Davao Chapter,22/09/2025,B-,PRBC,1,9,91
9140,4,Philippine Red Cross - Davao Chapter,29/09/2025,B-,PRBC,1,9,92
9141,4,Philippine Red Cross - Davao Chapter,06/10/2025,B-,PRBC,1,10,93
9142,4,Philippine Red Cross - Davao Chapter,13/10/2025,B-,PRBC,1,10,94
9143,4,Philippine Red Cross - Davao Chapter,20/10/2025,B-,PRBC,1,10,95
9144,4,Philippine Red Cross - Davao Chapter,27/10/2025,B-,PRBC,1,10,96
9145,4,Philippine Red Cross - Davao Chapter,03/11/2025,B-,PRBC,1,11,97
9146,4,Philippine Red Cross - Davao Chapter,10/11/2025,B-,PRBC,1,11,98
9147,4,Philippine Red Cross - Davao Chapter,17/11/2025,B-,PRBC,1,11,99
9148,4,Philippine Red Cross - Davao Chapter,24/11/2025,B-,PRBC,1,11,100
9149,4,Philippine Red Cross - Davao Chapter,01/12/2025,B-,PRBC,1,12,101
9150,4,Philippine Red Cross - Davao Chapter,08/12/2025,B-,PRBC,1,12,102
9151,4,Philippine Red Cross - Davao Chapter,15/12/2025,B-,PRBC,1,12,103
9152,4,Philippine Red Cross - Davao Chapter,22/12/2025,B-,PRBC,1,12,104
9153,4,Philippine Red Cross - Davao Chapter,01/01/2024,AB+,PRBC,1,1,1
9154,4,Philippine Red Cross - Davao Chapter,08/01/2024,AB+,PRBC,1,1,2
9155,4,Philippine Red Cross - Davao Chapter,15/01/2024,AB+,PRBC,1,1,3
9156,4,Philippine Red Cross - Davao Chapter,22/01/2024,AB+,PRBC,1,1,4
9157,4,Philippine Red Cross - Davao Chapter,29/01/2024,AB+,PRBC,1,1,5
9158,4,Philippine Red Cross - Davao Chapter,05/02/2024,AB+,PRBC,1,2,6
9159,4,Philippine Red Cross - Davao Chapter,12/02/2024,AB+,PRBC,1,2,7
9160,4,Philippine Red Cross - Davao Chapter,19/02/2024,AB+,PRBC,1,2,8
9161,4,Philippine Red Cross - Davao Chapter,26/02/2024,AB+,PRBC,1,2,9
9162,4,Philippine Red Cross - Davao Chapter,04/03/2024,AB+,PRBC,1,3,10
9163,4,Philippine Red Cross - Davao Chapter,11/03/2024,AB+,PRBC,2,3,11
9164,4,Philippine Red Cross - Davao Chapter,18/03/2024,AB+,PRBC,1,3,12
9165,4,Philippine Red Cross - Davao Chapter,25/03/2024,AB+,PRBC,1,3,13
9166,4,Philippine Red Cross - Davao Chapter,01/04/2024,AB+,PRBC,2,4,14
9167,4,Philippine Red Cross - Davao Chapter,08/04/2024,AB+,PRBC,1,4,15
9168,4,Philippine Red Cross - Davao Chapter,15/04/2024,AB+,PRBC,1,4,16
9169,4,Philippine Red Cross - Davao Chapter,22/04/2024,AB+,PRBC,1,4,17
9170,4,Philippine Red Cross - Davao Chapter,29/04/2024,AB+,PRBC,1,4,18
9171,4,Philippine Red Cross - Davao Chapter,06/05/2024,AB+,PRBC,1,5,19
9172,4,Philippine Red Cross - Davao Chapter,13/05/2024,AB+,PRBC,1,5,20
9173,4,Philippine Red Cross - Davao Chapter,20/05/2024,AB+,PRBC,1,5,21
9174,4,Philippine Red Cross - Davao Chapter,27/05/2024,AB+,PRBC,1,5,22
9175,4,Philippine Red Cross - Davao Chapter,03/06/2024,AB+,PRBC,1,6,23
9176,4,Philippine Red Cross - Davao Chapter,10/06/2024,AB+,PRBC,1,6,24
9177,4,Philippine Red Cross - Davao Chapter,17/06/2024,AB+,PRBC,1,6,25
9178,4,Philippine Red Cross - Davao Chapter,24/06/2024,AB+,PRBC,1,6,26
9179,4,Philippine Red Cross - Davao Chapter,01/07/2024,AB+,PRBC,1,7,27
9180,4,Philippine Red Cross - Davao Chapter,08/07/2024,AB+,PRBC,1,7,28
9181,4,Philippine Red Cross - Davao Chapter,15/07/2024,AB+,PRBC,1,7,29
9182,4,Philippine Red Cross - Davao Chapter,22/07/2024,AB+,PRBC,1,7,30
9183,4,Philippine Red Cross - Davao Chapter,29/07/2024,AB+,PRBC,1,7,31
9184,4,Philippine Red Cross - Davao Chapter,05/08/2024,AB+,PRBC,1,8,32
9185,4,Philippine Red Cross - Davao Chapter,12/08/2024,AB+,PRBC,1,8,33
9186,4,Philippine Red Cross - Davao Chapter,19/08/2024,AB+,PRBC,1,8,34
9187,4,Philippine Red Cross - Davao Chapter,26/08/2024,AB+,PRBC,1,8,35
9188,4,Philippine Red Cross - Davao Chapter,02/09/2024,AB+,PRBC,1,9,36
9189,4,Philippine Red Cross - Davao Chapter,09/09/2024,AB+,PRBC,1,9,37
9190,4,Philippine Red Cross - Davao Chapter,16/09/2024,AB+,PRBC,1,9,38
9191,4,Philippine Red Cross - Davao Chapter,23/09/2024,AB+,PRBC,1,9,39
9192,4,Philippine Red Cross - Davao Chapter,30/09/2024,AB+,PRBC,1,9,40
9193,4,Philippine Red Cross - Davao Chapter,07/10/2024,AB+,PRBC,1,10,41
9194,4,Philippine Red Cross - Davao Chapter,14/10/2024,AB+,PRBC,1,10,42
9195,4,Philippine Red Cross - Davao Chapter,21/10/2024,AB+,PRBC,1,10,43
9196,4,Philippine Red Cross - Davao Chapter,28/10/2024,AB+,PRBC,2,10,44
9197,4,Philippine Red Cross - Davao Chapter,04/11/2024,AB+,PRBC,1,11,45
9198,4,Philippine Red Cross - Davao Chapter,11/11/2024,AB+,PRBC,1,11,46
9199,4,Philippine Red Cross - Davao Chapter,18/11/2024,AB+,PRBC,1,11,47
9200,4,Philippine Red Cross - Davao Chapter,25/11/2024,AB+,PRBC,1,11,48
9201,4,Philippine Red Cross - Davao Chapter,02/12/2024,AB+,PRBC,1,12,49
9202,4,Philippine Red Cross - Davao Chapter,09/12/2024,AB+,PRBC,1,12,50
9203,4,Philippine Red Cross - Davao Chapter,16/12/2024,AB+,PRBC,1,12,51
9204,4,Philippine Red Cross - Davao Chapter,23/12/2024,AB+,PRBC,1,12,52
9205,4,Philippine Red Cross - Davao Chapter,30/12/2024,AB+,PRBC,1,12,53
9206,4,Philippine Red Cross - Davao Chapter,06/01/2025,AB+,PRBC,1,1,54
9207,4,Philippine Red Cross - Davao Chapter,13/01/2025,AB+,PRBC,1,1,55
9208,4,Philippine Red Cross - Davao Chapter,20/01/2025,AB+,PRBC,1,1,56
9209,4,Philippine Red Cross - Davao Chapter,27/01/2025,AB+,PRBC,1,1,57
9210,4,Philippine Red Cross - Davao Chapter,03/02/2025,AB+,PRBC,1,2,58
9211,4,Philippine Red Cross - Davao Chapter,10/02/2025,AB+,PRBC,1,2,59
9212,4,Philippine Red Cross - Davao Chapter,17/02/2025,AB+,PRBC,1,2,60
9213,4,Philippine Red Cross - Davao Chapter,24/02/2025,AB+,PRBC,1,2,61
9214,4,Philippine Red Cross - Davao Chapter,03/03/2025,AB+,PRBC,1,3,62
9215,4,Philippine Red Cross - Davao Chapter,10/03/2025,AB+,PRBC,1,3,63
9216,4,Philippine Red Cross - Davao Chapter,17/03/2025,AB+,PRBC,1,3,64
9217,4,Philippine Red Cross - Davao Chapter,24/03/2025,AB+,PRBC,1,3,65
9218,4,Philippine Red Cross - Davao Chapter,31/03/2025,AB+,PRBC,1,3,66
9219,4,Philippine Red Cross - Davao Chapter,07/04/2025,AB+,PRBC,1,4,67
9220,4,Philippine Red Cross - Davao Chapter,14/04/2025,AB+,PRBC,1,4,68
9221,4,Philippine Red Cross - Davao Chapter,21/04/2025,AB+,PRBC,1,4,69
9222,4,Philippine Red Cross - Davao Chapter,28/04/2025,AB+,PRBC,1,4,70
9223,4,Philippine Red Cross - Davao Chapter,05/05/2025,AB+,PRBC,1,5,71
9224,4,Philippine Red Cross - Davao Chapter,12/05/2025,AB+,PRBC,1,5,72
9225,4,Philippine Red Cross - Davao Chapter,19/05/2025,AB+,PRBC,1,5,73
9226,4,Philippine Red Cross - Davao Chapter,26/05/2025,AB+,PRBC,1,5,74
9227,4,Philippine Red Cross - Davao Chapter,02/06/2025,AB+,PRBC,1,6,75
9228,4,Philippine Red Cross - Davao Chapter,09/06/2025,AB+,PRBC,2,6,76
9229,4,Philippine Red Cross - Davao Chapter,16/06/2025,AB+,PRBC,1,6,77
9230,4,Philippine Red Cross - Davao Chapter,23/06/2025,AB+,PRBC,1,6,78
9231,4,Philippine Red Cross - Davao Chapter,30/06/2025,AB+,PRBC,1,6,79
9232,4,Philippine Red Cross - Davao Chapter,07/07/2025,AB+,PRBC,1,7,80
9233,4,Philippine Red Cross - Davao Chapter,14/07/2025,AB+,PRBC,1,7,81
9234,4,Philippine Red Cross - Davao Chapter,21/07/2025,AB+,PRBC,1,7,82
9235,4,Philippine Red Cross - Davao Chapter,28/07/2025,AB+,PRBC,1,7,83
9236,4,Philippine Red Cross - Davao Chapter,04/08/2025,AB+,PRBC,1,8,84
9237,4,Philippine Red Cross - Davao Chapter,11/08/2025,AB+,PRBC,1,8,85
9238,4,Philippine Red Cross - Davao Chapter,18/08/2025,AB+,PRBC,1,8,86
9239,4,Philippine Red Cross - Davao Chapter,25/08/2025,AB+,PRBC,1,8,87
9240,4,Philippine Red Cross - Davao Chapter,01/09/2025,AB+,PRBC,1,9,88
9241,4,Philippine Red Cross - Davao Chapter,08/09/2025,AB+,PRBC,1,9,89
9242,4,Philippine Red Cross - Davao Chapter,15/09/2025,AB+,PRBC,1,9,90
9243,4,Philippine Red Cross - Davao Chapter,22/09/2025,AB+,PRBC,1,9,91
9244,4,Philippine Red Cross - Davao Chapter,29/09/2025,AB+,PRBC,1,9,92
9245,4,Philippine Red Cross - Davao Chapter,06/10/2025,AB+,PRBC,1,10,93
9246,4,Philippine Red Cross - Davao Chapter,13/10/2025,AB+,PRBC,1,10,94
9247,4,Philippine Red Cross - Davao Chapter,20/10/2025,AB+,PRBC,2,10,95
9248,4,Philippine Red Cross - Davao Chapter,27/10/2025,AB+,PRBC,1,10,96
9249,4,Philippine Red Cross - Davao Chapter,03/11/2025,AB+,PRBC,2,11,97
9250,4,Philippine Red Cross - Davao Chapter,10/11/2025,AB+,PRBC,1,11,98
9251,4,Philippine Red Cross - Davao Chapter,17/11/2025,AB+,PRBC,1,11,99
9252,4,Philippine Red Cross - Davao Chapter,24/11/2025,AB+,PRBC,1,11,100
9253,4,Philippine Red Cross - Davao Chapter,01/12/2025,AB+,PRBC,1,12,101
9254,4,Philippine Red Cross - Davao Chapter,08/12/2025,AB+,PRBC,1,12,102
9255,4,Philippine Red Cross - Davao Chapter,15/12/2025,AB+,PRBC,2,12,103
9256,4,Philippine Red Cross - Davao Chapter,22/12/2025,AB+,PRBC,1,12,104
